CREATE DATABASE  IF NOT EXISTS `mm_team03_02` /*!40100 DEFAULT CHARACTER SET utf8mb4 COLLATE utf8mb4_0900_ai_ci */ /*!80016 DEFAULT ENCRYPTION='N' */;
USE `mm_team03_02`;
-- MySQL dump 10.13  Distrib 8.0.30, for Win64 (x86_64)
--
-- Host: CSSQL    Database: mm_team03_02
-- ------------------------------------------------------
-- Server version	8.0.32

/*!40101 SET @OLD_CHARACTER_SET_CLIENT=@@CHARACTER_SET_CLIENT */;
/*!40101 SET @OLD_CHARACTER_SET_RESULTS=@@CHARACTER_SET_RESULTS */;
/*!40101 SET @OLD_COLLATION_CONNECTION=@@COLLATION_CONNECTION */;
/*!50503 SET NAMES utf8 */;
/*!40103 SET @OLD_TIME_ZONE=@@TIME_ZONE */;
/*!40103 SET TIME_ZONE='+00:00' */;
/*!40014 SET @OLD_UNIQUE_CHECKS=@@UNIQUE_CHECKS, UNIQUE_CHECKS=0 */;
/*!40014 SET @OLD_FOREIGN_KEY_CHECKS=@@FOREIGN_KEY_CHECKS, FOREIGN_KEY_CHECKS=0 */;
/*!40101 SET @OLD_SQL_MODE=@@SQL_MODE, SQL_MODE='NO_AUTO_VALUE_ON_ZERO' */;
/*!40111 SET @OLD_SQL_NOTES=@@SQL_NOTES, SQL_NOTES=0 */;

--
-- Table structure for table `Category`
--

DROP TABLE IF EXISTS `Category`;
/*!40101 SET @saved_cs_client     = @@character_set_client */;
/*!50503 SET character_set_client = utf8mb4 */;
CREATE TABLE `Category` (
  `CategoryID` int NOT NULL,
  `CategoryName` varchar(15) NOT NULL,
  PRIMARY KEY (`CategoryID`)
) ENGINE=InnoDB DEFAULT CHARSET=utf8mb4 COLLATE=utf8mb4_0900_ai_ci;
/*!40101 SET character_set_client = @saved_cs_client */;

--
-- Dumping data for table `Category`
--

LOCK TABLES `Category` WRITE;
/*!40000 ALTER TABLE `Category` DISABLE KEYS */;
INSERT INTO `Category` VALUES (1000,'Beverage'),(1001,'Fresh Produce'),(1002,'Canned Food'),(1003,'Dairy'),(1004,'Hygiene');
/*!40000 ALTER TABLE `Category` ENABLE KEYS */;
UNLOCK TABLES;

--
-- Table structure for table `CostcoHistoricalData`
--

DROP TABLE IF EXISTS `CostcoHistoricalData`;
/*!40101 SET @saved_cs_client     = @@character_set_client */;
/*!50503 SET character_set_client = utf8mb4 */;
CREATE TABLE `CostcoHistoricalData` (
  `HistoricalDataID` int NOT NULL AUTO_INCREMENT,
  `Date` date DEFAULT NULL,
  `Price` decimal(10,2) DEFAULT NULL,
  `Open` decimal(10,2) DEFAULT NULL,
  `High` decimal(10,2) DEFAULT NULL,
  `Low` decimal(10,2) DEFAULT NULL,
  `Volume` varchar(255) DEFAULT NULL,
  `PerChange` varchar(255) DEFAULT NULL,
  PRIMARY KEY (`HistoricalDataID`)
) ENGINE=InnoDB AUTO_INCREMENT=21 DEFAULT CHARSET=utf8mb4 COLLATE=utf8mb4_0900_ai_ci;
/*!40101 SET character_set_client = @saved_cs_client */;

--
-- Dumping data for table `CostcoHistoricalData`
--

LOCK TABLES `CostcoHistoricalData` WRITE;
/*!40000 ALTER TABLE `CostcoHistoricalData` DISABLE KEYS */;
INSERT INTO `CostcoHistoricalData` VALUES (1,'2024-03-11',714.08,719.81,719.98,711.06,'3.76M','-1.58%'),(2,'2024-03-08',725.56,756.05,756.22,725.10,'8.59M','-7.64%'),(3,'2024-03-07',785.59,779.11,787.08,777.01,'3.88M','+1.60%'),(4,'2024-03-06',773.24,764.84,775.16,763.66,'2.39M','+1.75%'),(5,'2024-03-05',759.95,768.42,769.27,756.90,'2.34M','+0.10%'),(6,'2024-03-04',759.18,755.08,764.74,753.67,'1.98M','+1.30%'),(7,'2024-03-01',749.44,740.44,751.38,739.25,'1.68M','+0.75%'),(8,'2024-02-29',743.89,751.42,752.56,742.99,'3.36M','-0.54%'),(9,'2024-02-28',747.96,743.21,751.88,743.21,'1.36M','+0.44%'),(10,'2024-02-27',744.71,746.00,746.64,741.33,'1.46M','-0.09%'),(11,'2024-02-26',745.35,742.00,746.78,739.00,'1.70M','+1.01%'),(12,'2024-02-23',737.93,740.12,742.51,737.12,'1.27M','+0.48%'),(13,'2024-02-22',734.40,725.85,736.05,725.85,'1.75M','+1.57%'),(14,'2024-02-21',723.02,725.69,728.79,720.27,'1.36M','-0.37%'),(15,'2024-02-20',725.69,728.03,734.96,723.71,'2.31M','+0.23%'),(16,'2024-02-16',723.99,721.99,729.06,718.50,'1.76M','-0.07%'),(17,'2024-02-15',724.51,721.49,726.03,718.28,'1.18M','+0.32%'),(18,'2024-02-14',722.18,716.00,722.55,711.07,'1.47M','+1.11%'),(19,'2024-02-13',714.25,721.39,721.78,709.04,'1.95M','-1.13%'),(20,'2024-02-12',722.41,723.52,723.80,715.30,'1.57M','-0.14%');
/*!40000 ALTER TABLE `CostcoHistoricalData` ENABLE KEYS */;
UNLOCK TABLES;

--
-- Table structure for table `CreditPoint`
--

DROP TABLE IF EXISTS `CreditPoint`;
/*!40101 SET @saved_cs_client     = @@character_set_client */;
/*!50503 SET character_set_client = utf8mb4 */;
CREATE TABLE `CreditPoint` (
  `CreditPointID` int NOT NULL,
  `AmountSpentFrom` int NOT NULL,
  `AmountSpentTo` int NOT NULL,
  `PointsEarned` int NOT NULL,
  `DeliveryApplicableOrNot` tinyint NOT NULL,
  `ExtraDiscountPercentage` decimal(2,0) NOT NULL,
  PRIMARY KEY (`CreditPointID`)
) ENGINE=InnoDB DEFAULT CHARSET=utf8mb4 COLLATE=utf8mb4_0900_ai_ci;
/*!40101 SET character_set_client = @saved_cs_client */;

--
-- Dumping data for table `CreditPoint`
--

LOCK TABLES `CreditPoint` WRITE;
/*!40000 ALTER TABLE `CreditPoint` DISABLE KEYS */;
INSERT INTO `CreditPoint` VALUES (1000,30,199,2500,0,5),(1001,200,399,3500,1,10),(1002,400,599,5000,1,20),(1003,600,999,7500,1,30);
/*!40000 ALTER TABLE `CreditPoint` ENABLE KEYS */;
UNLOCK TABLES;

--
-- Table structure for table `Customers`
--

DROP TABLE IF EXISTS `Customers`;
/*!40101 SET @saved_cs_client     = @@character_set_client */;
/*!50503 SET character_set_client = utf8mb4 */;
CREATE TABLE `Customers` (
  `CustomerID` int NOT NULL,
  `CustomerName` varchar(30) NOT NULL,
  `Email` varchar(40) NOT NULL,
  `Phone` bigint NOT NULL,
  `CostcoCardNumber` bigint NOT NULL,
  `AccOpeningDate` date NOT NULL,
  `AccValidity` date NOT NULL,
  `MembershipTypeID` int NOT NULL,
  `CreditPointID` int DEFAULT NULL,
  `CustomerAddress` varchar(50) NOT NULL,
  PRIMARY KEY (`CustomerID`,`MembershipTypeID`),
  KEY `fk_Customers_MembershipType1_idx` (`MembershipTypeID`),
  KEY `fk_Customers_CreditPoint1_idx` (`CreditPointID`),
  CONSTRAINT `fk_Customers_CreditPoint1` FOREIGN KEY (`CreditPointID`) REFERENCES `CreditPoint` (`CreditPointID`),
  CONSTRAINT `fk_Customers_MembershipType1` FOREIGN KEY (`MembershipTypeID`) REFERENCES `MembershipType` (`MembershipTypeID`)
) ENGINE=InnoDB DEFAULT CHARSET=utf8mb4 COLLATE=utf8mb4_0900_ai_ci;
/*!40101 SET character_set_client = @saved_cs_client */;

--
-- Dumping data for table `Customers`
--

LOCK TABLES `Customers` WRITE;
/*!40000 ALTER TABLE `Customers` DISABLE KEYS */;
INSERT INTO `Customers` VALUES (1,'Irvin Helsby','ihelsby0@wiley.com',4517184889,6234613434,'2023-06-21','2025-06-21',2,1001,'930 Fisk Road'),(2,'Charis Beney','cbeney1@163.com',8822991508,6234613435,'2023-08-10','2024-08-10',1,1003,'096 Browning Street'),(3,'Wiatt Kinsella','wkinsella2@webeden.co.uk',1800525931,6234613436,'2023-08-03','2026-08-03',3,1002,'7537 Grayhawk Lane'),(4,'Madison McKimm','mmckimm3@jugem.jp',72058072,6234613437,'2023-08-23','2025-08-23',2,1000,'04 Reindahl Place'),(5,'Wandie Ruston','wruston4@npr.org',2197168878,6234613438,'2023-12-16','2026-12-16',3,1001,'041 Delaware Trail'),(6,'Laney Boodle','lboodle5@privacy.gov.au',3326991282,6234613439,'2024-01-06','2025-01-06',1,1002,'503 Continental Terrace'),(7,'Mireille Brennand','mbrennand6@furl.net',5130959817,6234613440,'2024-01-10','2027-01-10',3,1003,'94268 Schiller Street'),(8,'Bettye Oliffe','boliffe7@exblog.jp',385476620,6234613441,'2023-07-27','2024-07-27',1,1000,'376 Lakewood Gardens Point'),(9,'Darcy Cannavan','dcannavan8@wsj.com',9937230799,6234613442,'2024-01-31','2026-01-31',2,1003,'68 Lillian Terrace'),(10,'Dino Wastling','dwastling9@unc.edu',9786596218,6234613443,'2023-08-03','2026-08-03',3,1001,'7 Emmet Crossing'),(11,'Randy Whatsize','rwhatsizea@prweb.com',7411773840,6234613444,'2024-02-07','2025-02-07',1,1002,'9 Hanson Hill'),(12,'Constance Rodger','crodgerb@exblog.jp',4866799773,6234613445,'2023-08-03','2025-08-03',2,1000,'6 Killdeer Pass'),(13,'Happy Beynke','hbeynkec@wordpress.com',5674395020,6234613446,'2023-08-15','2026-08-15',3,1002,'85927 Transport Lane'),(14,'Malorie Lerhinan','mlerhinand@vistaprint.com',4285342065,6234613447,'2023-11-25','2024-11-25',1,1003,'54524 Thackeray Hill'),(15,'Trisha Batting','tbattinge@ifeng.com',8369864317,6234613448,'2023-09-01','2025-09-01',2,1000,'33 Calypso Center'),(16,'Ludvig Woehler','lwoehlerf@shareasale.com',4616650470,6234613449,'2023-10-12','2025-10-12',2,1001,'280 Laurel Road'),(17,'Guthrie Sirl','gsirlg@360.cn',2378915772,6234613450,'2023-07-13','2024-07-13',1,1003,'2286 South Street'),(18,'Axel Loades','aloadesh@weibo.com',8983348410,6234613451,'2023-10-07','2026-10-07',3,1001,'95104 Columbus Parkway'),(19,'Johnny Nowakowski','jnowakowskii@dedecms.com',1330561686,6234613452,'2023-09-19','2025-09-19',2,1002,'332 Novick Court'),(20,'Giorgia Barwood','gbarwoodj@delicious.com',9810172591,6234613453,'2023-07-27','2024-07-27',1,1000,'84 Di Loreto Crossing'),(21,'Margy Coomber','mcoomberk@deviantart.com',7697457385,6234613454,'2024-02-09','2027-02-09',3,1003,'36 Bellgrove Center'),(22,'Ileane Kembrey','ikembreyl@seesaa.net',7726057440,6234613455,'2023-06-09','2026-06-09',3,1001,'08 Pearson Plaza'),(23,'Rosina Colloby','rcollobym@networksolutions.com',9697884463,6234613456,'2023-10-27','2025-10-27',2,1000,'4 Stoughton Point'),(24,'Tyrone Keuneke','tkeuneken@senate.gov',9779652035,6234613457,'2023-06-26','2024-06-26',1,1002,'6218 Swallow Parkway'),(25,'Norrie Takkos','ntakkoso@eepurl.com',8282321044,6234613458,'2023-06-15','2026-06-15',3,1002,'0 Bultman Point'),(26,'Idelle Obern','iobernp@adobe.com',82718571,6234613459,'2023-09-10','2024-09-10',1,1000,'1 Springview Junction'),(27,'Cinnamon Ralfe','cralfeq@slashdot.org',3130900632,6234613460,'2023-12-09','2025-12-09',2,1001,'42 Stuart Street'),(28,'Humphrey Lemarie','hlemarier@nba.com',5341291034,6234613461,'2024-01-15','2026-01-15',2,1003,'8 Stuart Circle'),(29,'Michele Tenman','mtenmans@webnode.com',6680382327,6234613462,'2023-11-24','2026-11-24',3,1002,'894 2nd Hill'),(30,'Poul Beasleigh','pbeasleight@bandcamp.com',1225670411,6234613463,'2023-08-24','2024-08-24',1,1001,'51634 Florence Avenue'),(31,'Noah Cordelle','ncordelleu@homestead.com',7275447800,6234613464,'2023-11-22','2025-11-22',2,1003,'4622 Oriole Street'),(32,'Maximilian Hainey','mhaineyv@nydailynews.com',6687370812,6234613465,'2023-10-12','2026-10-12',3,1000,'50008 Toban Circle'),(33,'Chelsy Arenson','carensonw@blog.com',9627949469,6234613466,'2023-09-05','2024-09-05',1,1000,'12642 Sycamore Crossing'),(34,'Gibby Velde','gveldex@icq.com',5817263122,6234613467,'2024-01-14','2026-01-14',2,1002,'472 Sommers Lane'),(35,'Henderson Bevan','hbevany@ucsd.edu',5916828969,6234613468,'2024-01-15','2027-01-15',3,1001,'868 Sycamore Lane'),(36,'Debera Le Galle','dlez@state.gov',9450413045,6234613469,'2023-06-24','2024-06-24',1,1003,'989 Hagan Point'),(37,'Nalani Colbert','ncolbert10@canalblog.com',1220101567,6234613470,'2023-11-15','2025-11-15',2,1000,'55319 Service Pass'),(38,'Frans Cristofolo','fcristofolo11@furl.net',7772982933,6234613471,'2023-06-30','2026-06-30',3,1002,'95118 Lakeland Avenue'),(39,'Jule Birley','jbirley12@wikipedia.org',8159899157,6234613472,'2023-11-05','2024-11-05',1,1001,'82 Acker Way'),(40,'Upton Strood','ustrood13@accuweather.com',2271008018,6234613473,'2023-10-06','2024-10-06',1,1003,'88 Ramsey Parkway'),(41,'Norine Ringham','nringham14@nasa.gov',1370295804,6234613474,'2023-11-17','2025-11-17',2,1001,'56 Everett Way'),(42,'Millard Schutze','mschutze15@howstuffworks.com',1826989536,6234613475,'2023-09-04','2026-09-04',3,1000,'00 Tony Place'),(43,'Arvie Lung','alung16@constantcontact.com',8647318129,6234613476,'2023-06-21','2025-06-21',2,1002,'389 Barby Place'),(44,'Dukey Ciobotaru','dciobotaru17@dailymail.co.uk',7303268669,6234613477,'2023-08-14','2026-08-14',3,1003,'9867 Milwaukee Lane'),(45,'Antin Foat','afoat18@google.nl',8186901469,6234613478,'2024-01-28','2025-01-28',1,1002,'69 Manley Drive'),(46,'Donavon Horley','dhorley19@github.io',7281069766,6234613479,'2023-07-07','2026-07-07',3,1000,'67 Packers Pass'),(47,'Cyrill Christoforou','cchristoforou1a@scribd.com',2377690017,6234613480,'2023-12-07','2025-12-07',2,1003,'80 Dakota Way'),(48,'Pauli Mayman','pmayman1b@hugedomains.com',1602501106,6234613481,'2023-11-27','2024-11-27',1,1001,'0549 Victoria Trail'),(49,'Emogene Turville','eturville1c@indiegogo.com',5994907006,6234613482,'2023-07-16','2024-07-16',1,1000,'91 Scofield Center'),(50,'Libby Andrysek','landrysek1d@npr.org',9687806370,6234613483,'2023-09-23','2025-09-23',2,1002,'7257 Superior Crossing'),(51,'Virgil Symonds','vsymonds1e@earthlink.net',3031400364,6234613484,'2023-11-02','2026-11-02',3,1001,'7057 Autumn Leaf Circle'),(52,'Saloma Tunna','stunna1f@intel.com',5683608538,6234613485,'2023-11-05','2026-11-05',3,1003,'5 Macpherson Road'),(53,'Mendel Blenkinsopp','mblenkinsopp1g@irs.gov',6553723702,6234613486,'2023-08-09','2025-08-09',2,1003,'4193 Upham Alley'),(54,'Randy Gilvary','rgilvary1h@vkontakte.ru',1968525459,6234613487,'2023-07-16','2024-07-16',1,1001,'6 Red Cloud Trail'),(55,'Aubree Hellyer','ahellyer1i@t.co',2446426921,6234613488,'2023-07-10','2024-07-10',1,1002,'3 Huxley Terrace'),(56,'Damian Dunkerley','ddunkerley1j@cam.ac.uk',3321408635,6234613489,'2023-06-22','2025-06-22',2,1000,'4600 Homewood Avenue'),(57,'Michelina Darwood','mdarwood1k@examiner.com',9957620754,6234613490,'2024-01-01','2027-01-01',3,1003,'6 Lunder Lane'),(58,'Lin Mulvey','lmulvey1l@devhub.com',9913871506,6234613491,'2023-11-21','2026-11-21',3,1000,'193 Haas Place'),(59,'Gretna Crookshank','gcrookshank1m@digg.com',7341410140,6234613492,'2023-12-04','2025-12-04',2,1002,'67 Shasta Point'),(60,'Reagan Hails','rhails1n@admin.ch',4533507182,6234613493,'2023-11-20','2024-11-20',1,1001,'47706 Ridgeway Crossing'),(61,'Eleanor Kyllford','ekyllford1o@list-manage.com',8260376407,6234613494,'2023-08-23','2026-08-23',3,1000,'5534 Barnett Road'),(62,'Kile Meeland','kmeeland1p@delicious.com',4270305614,6234613495,'2023-06-29','2025-06-29',2,1002,'060 Hollow Ridge Crossing'),(63,'Dillon Crewther','dcrewther1q@virginia.edu',3796151043,6234613496,'2023-12-30','2024-12-30',1,1001,'74313 Waubesa Terrace'),(64,'Geoff Von Oertzen','gvon1r@edublogs.org',4436941043,6234613497,'2023-06-11','2026-06-11',3,1003,'53061 Loeprich Point'),(65,'Orel Camm','ocamm1s@google.cn',8492345934,6234613498,'2024-02-09','2026-02-09',2,1000,'94948 International Plaza'),(66,'Myriam Gillebert','mgillebert1t@mozilla.org',3597972187,6234613499,'2023-09-21','2024-09-21',1,1003,'06983 Manitowish Hill'),(67,'Idalina Ailmer','iailmer1u@godaddy.com',2642294234,6234613500,'2024-02-06','2025-02-06',1,1001,'25504 Union Center'),(68,'Kissiah Robertsen','krobertsen1v@ucoz.ru',8644812777,6234613501,'2023-07-25','2025-07-25',2,1002,'944 Westerfield Trail'),(69,'Sky Belliard','sbelliard1w@washingtonpost.com',6475548073,6234613502,'2023-11-11','2026-11-11',3,1002,'89303 Hanson Terrace'),(70,'Juanita Giovanizio','jgiovanizio1x@berkeley.edu',2817689038,6234613503,'2023-07-02','2025-07-02',2,1000,'16196 Clyde Gallagher Center'),(71,'Benita Conman','bconman1y@cam.ac.uk',7451512355,6234613504,'2023-11-02','2026-11-02',3,1001,'37918 Arkansas Lane'),(72,'Addie Forkan','aforkan1z@friendfeed.com',470365889,6234613505,'2023-10-21','2024-10-21',1,1003,'143 Alpine Way'),(73,'Annabal Tydd','atydd20@opera.com',7128878106,6234613506,'2024-02-01','2027-02-01',3,1003,'176 Calypso Circle'),(74,'Stacey Celand','sceland21@clickbank.net',804530831,6234613507,'2023-07-10','2024-07-10',1,1001,'7024 Oakridge Lane'),(75,'Klaus Gaymar','kgaymar22@purevolume.com',4434196235,6234613508,'2024-02-02','2026-02-02',2,1000,'51553 Farmco Center'),(76,'Pattie Domerq','pdomerq23@instagram.com',6694657382,6234613509,'2023-09-10','2026-09-10',3,1002,'55078 Chive Junction'),(77,'Jarret Oxtoby','joxtoby24@mozilla.org',3842049633,6234613510,'2023-09-20','2024-09-20',1,1000,'91 Mariners Cove Crossing'),(78,'Aubrette Terron','aterron25@g.co',4606616989,6234613511,'2023-12-29','2025-12-29',2,1002,'98 Banding Place'),(79,'Lowe Anfonsi','lanfonsi26@dropbox.com',8401828902,6234613512,'2023-08-12','2026-08-12',3,1001,'130 Magdeline Terrace'),(80,'Stavros Cutler','scutler27@globo.com',649008308,6234613513,'2023-10-31','2024-10-31',1,1003,'45 Gateway Center'),(81,'Caryl Dray','cdray28@eepurl.com',5850981950,6234613514,'2024-02-02','2026-02-02',2,1000,'6 Jay Parkway'),(82,'Sharl Milkin','smilkin29@dailymail.co.uk',2194282831,6234613515,'2023-07-12','2025-07-12',2,1002,'327 Lerdahl Drive'),(83,'Ricky Maxweell','rmaxweell2a@unicef.org',9050455751,6234613516,'2023-08-29','2024-08-29',1,1001,'0607 Marcy Road'),(84,'Diarmid Huncote','dhuncote2b@sciencedaily.com',3066631443,6234613517,'2023-08-30','2026-08-30',3,1003,'8214 Golf Crossing'),(85,'Jena Marfell','jmarfell2c@mozilla.org',3963743506,6234613518,'2023-07-26','2025-07-26',2,1000,'9 Cody Pass'),(86,'Malchy Yurikov','myurikov2d@auda.org.au',4921201870,6234613519,'2023-10-29','2026-10-29',3,1001,'22 Messerschmidt Way'),(87,'Hally Czajkowski','hczajkowski2e@china.com.cn',3597728502,6234613520,'2023-10-02','2024-10-02',1,1002,'7064 Summit Alley'),(88,'Dodie Beadell','dbeadell2f@xinhuanet.com',3416201299,6234613521,'2023-06-14','2025-06-14',2,1003,'126 Drewry Junction'),(89,'Maddy Daley','mdaley2g@surveymonkey.com',7333367428,6234613522,'2024-02-08','2025-02-08',1,1001,'6628 Harper Point'),(90,'Dorene MacDougal','dmacdougal2h@phoca.cz',2113306557,6234613523,'2023-10-03','2026-10-03',3,1003,'63 Westridge Place'),(91,'Theodoric Vondruska','tvondruska2i@woothemes.com',5661502443,6234613524,'2023-06-10','2026-06-10',3,1002,'96 Erie Hill'),(92,'Cyrille Arden','carden2j@fastcompany.com',5658064392,6234613525,'2024-02-08','2025-02-08',1,1000,'03775 Grayhawk Plaza'),(93,'Inglebert Devanny','idevanny2k@php.net',9820997445,6234613526,'2023-10-22','2025-10-22',2,1001,'5158 Main Park'),(94,'Stearne Slorach','sslorach2l@cpanel.net',8572174451,6234613527,'2023-07-31','2024-07-31',1,1000,'01373 Dottie Point'),(95,'Maurita Dalbey','mdalbey2m@fc2.com',5679688352,6234613528,'2023-12-01','2025-12-01',2,1002,'56430 Schmedeman Crossing'),(96,'Gianna Goldhill','ggoldhill2n@soundcloud.com',2960636716,6234613529,'2023-12-18','2026-12-18',3,1003,'0589 Lindbergh Point'),(97,'Daveen Gerraty','dgerraty2o@hud.gov',207841365,6234613530,'2023-08-28','2025-08-28',2,1002,'948 Bellgrove Street'),(98,'Babs Wherton','bwherton2p@ftc.gov',1239860897,6234613531,'2024-01-15','2027-01-15',3,1003,'28652 Quincy Court'),(99,'Walther Edgin','wedgin2q@umich.edu',460408100,6234613532,'2023-06-27','2024-06-27',1,1001,'9720 Thompson Junction'),(100,'Garold Toping','gtoping2r@nationalgeographic.com',3616466792,6234613533,'2023-09-16','2024-09-16',1,1000,'64 Nelson Avenue'),(101,'Lucio Hasslocher','lhasslocher2s@nsw.gov.au',136486207,6234613534,'2023-09-05','2026-09-05',3,1001,'73 Kingsford Circle'),(102,'Ransom Pietrowski','rpietrowski2t@chron.com',8558930635,6234613535,'2023-09-05','2025-09-05',2,1002,'01 Hoepker Alley'),(103,'Gilbert Jancic','gjancic2u@geocities.jp',6731293059,6234613536,'2023-10-08','2024-10-08',1,1003,'855 Fulton Parkway'),(104,'Fidelity Varnam','fvarnam2v@youtube.com',7867955909,6234613537,'2023-10-27','2025-10-27',2,1000,'1 Gateway Road'),(105,'Agata Venditto','avenditto2w@redcross.org',3367710008,6234613538,'2023-06-01','2026-06-01',3,1001,'92 Lawn Court'),(106,'Karie Quirke','kquirke2x@auda.org.au',7773549486,6234613539,'2023-10-01','2025-10-01',2,1000,'4 Algoma Pass'),(107,'Cara Auchinleck','cauchinleck2y@opensource.org',6988153845,6234613540,'2023-08-21','2024-08-21',1,1002,'2003 Bowman Street'),(108,'Bunni Madge','bmadge2z@liveinternet.ru',1981962069,6234613541,'2023-06-29','2026-06-29',3,1003,'36374 Loeprich Way'),(109,'Magdalen Rosenbloom','mrosenbloom30@arstechnica.com',3469300143,6234613542,'2023-09-21','2024-09-21',1,1003,'62 Heffernan Alley'),(110,'Jobie Blaver','jblaver31@dropbox.com',980364329,6234613543,'2023-06-27','2025-06-27',2,1002,'1 Tony Trail'),(111,'Leonhard Jina','ljina32@scribd.com',2178741010,6234613544,'2023-09-20','2026-09-20',3,1000,'7 Upham Circle'),(112,'Arthur Glowacz','aglowacz33@washingtonpost.com',8756538278,6234613545,'2023-08-31','2024-08-31',1,1001,'56101 Pepper Wood Crossing'),(113,'Modestia Cruden','mcruden34@dion.ne.jp',361473990,6234613546,'2023-07-20','2025-07-20',2,1002,'2 Sugar Terrace'),(114,'Stephanie Cawood','scawood35@reverbnation.com',4076008871,6234613547,'2023-09-11','2026-09-11',3,1001,'11392 Magdeline Pass'),(115,'Rodney McKeller','rmckeller36@sitemeter.com',9513380262,6234613548,'2023-09-27','2026-09-27',3,1003,'89 Loeprich Terrace'),(116,'Huntington Eddleston','heddleston37@blog.com',4915768988,6234613549,'2023-07-28','2024-07-28',1,1000,'023 Lawn Court'),(117,'Alexia Racine','aracine38@ucoz.ru',4468817909,6234613550,'2023-08-27','2025-08-27',2,1003,'18 Dryden Court'),(118,'Carmelina Cutting','ccutting39@shutterfly.com',6164315409,6234613551,'2023-07-25','2024-07-25',1,1000,'868 Manitowish Terrace'),(119,'Hyacinthia Geggie','hgeggie3a@samsung.com',5001900344,6234613552,'2023-10-30','2025-10-30',2,1002,'90 Laurel Pass'),(120,'Aubry Pighills','apighills3b@unblog.fr',6405183513,6234613553,'2023-06-19','2026-06-19',3,1001,'1 Warner Place'),(121,'Philis Pickerin','ppickerin3c@friendfeed.com',5926672937,6234613554,'2023-06-01','2024-06-01',1,1000,'23 Farwell Plaza'),(122,'Jonathon Lindbergh','jlindbergh3d@elpais.com',4294063734,6234613555,'2024-02-09','2027-02-09',3,1002,'67 Calypso Circle'),(123,'Murray Morling','mmorling3e@cornell.edu',3396820541,6234613556,'2023-08-21','2025-08-21',2,1001,'73679 Troy Hill'),(124,'Errick Akett','eakett3f@blogtalkradio.com',486631095,6234613557,'2023-11-21','2026-11-21',3,1003,'37520 Roth Way'),(125,'Clemmie Copner','ccopner3g@about.me',8784246049,6234613558,'2023-10-21','2025-10-21',2,1002,'0 Hollow Ridge Parkway'),(126,'Vince Sines','vsines3h@harvard.edu',6631331528,6234613559,'2023-12-24','2024-12-24',1,1003,'2 Jenna Park'),(127,'Laurie Mapson','lmapson3i@ucsd.edu',7220612052,6234613560,'2023-07-01','2026-07-01',3,1001,'52610 Dakota Center'),(128,'Lock Coronado','lcoronado3j@simplemachines.org',8276229255,6234613561,'2023-07-21','2025-07-21',2,1000,'576 Schlimgen Trail'),(129,'Bee Meltetal','bmeltetal3k@surveymonkey.com',1775093867,6234613562,'2023-10-04','2024-10-04',1,1002,'30 Troy Road'),(130,'Wade Hallmark','whallmark3l@privacy.gov.au',666377588,6234613563,'2023-08-30','2025-08-30',2,1000,'3 Colorado Court'),(131,'Bil Suffield','bsuffield3m@usatoday.com',9317352146,6234613564,'2023-06-25','2026-06-25',3,1001,'60 Crest Line Court'),(132,'Buckie Skala','bskala3n@biblegateway.com',6777646337,6234613565,'2023-06-25','2024-06-25',1,1003,'232 Reindahl Avenue'),(133,'Lavina Hogbin','lhogbin3o@ebay.co.uk',7403542975,6234613566,'2023-06-10','2024-06-10',1,1001,'387 Fairview Park'),(134,'Ludovika Kuna','lkuna3p@diigo.com',3480746314,6234613567,'2024-01-16','2027-01-16',3,1000,'262 Golf View Center'),(135,'Malchy Baily','mbaily3q@linkedin.com',426149769,6234613568,'2023-07-21','2025-07-21',2,1003,'312 Raven Road'),(136,'Rolando Lett','rlett3r@webmd.com',9070195402,6234613569,'2023-11-10','2025-11-10',2,1002,'76 Thompson Lane'),(137,'Michelle Varvell','mvarvell3s@addtoany.com',3806478732,6234613570,'2023-06-28','2026-06-28',3,1001,'7915 Kinsman Alley'),(138,'Seymour Keeting','skeeting3t@loc.gov',8925796376,6234613571,'2023-07-28','2024-07-28',1,1000,'64 John Wall Place'),(139,'Peadar Stampe','pstampe3u@cbc.ca',1374072222,6234613572,'2023-12-25','2025-12-25',2,1002,'72 Almo Way'),(140,'Esra Peepall','epeepall3v@eepurl.com',778854175,6234613573,'2023-09-09','2024-09-09',1,1003,'50 Colorado Place'),(141,'Launce Iannuzzelli','liannuzzelli3w@wix.com',1334570566,6234613574,'2023-06-26','2026-06-26',3,1002,'594 Dorton Pass'),(142,'Daisi McCarrell','dmccarrell3x@usgs.gov',6391933561,6234613575,'2023-11-13','2025-11-13',2,1000,'4 Chive Park'),(143,'Holt Mayhew','hmayhew3y@taobao.com',1358875308,6234613576,'2023-12-23','2026-12-23',3,1001,'573 Ilene Alley'),(144,'Amandie Sangster','asangster3z@hugedomains.com',933002467,6234613577,'2023-11-25','2024-11-25',1,1003,'3 Lindbergh Terrace'),(145,'Gian Honsch','ghonsch40@census.gov',4377732595,6234613578,'2023-06-29','2024-06-29',1,1000,'4 Washington Point'),(146,'Jeanna Pagen','jpagen41@go.com',5113445614,6234613579,'2023-12-28','2026-12-28',3,1001,'9730 Cottonwood Pass'),(147,'Merrel Perks','mperks42@webeden.co.uk',8253788940,6234613580,'2024-01-21','2026-01-21',2,1003,'68 Namekagon Crossing'),(148,'Patrizius Aherne','paherne43@lycos.com',9791344337,6234613581,'2023-06-11','2026-06-11',3,1002,'76 Eggendart Avenue'),(149,'Ced Chatenet','cchatenet44@themeforest.net',2337775445,6234613582,'2023-10-30','2025-10-30',2,1003,'0 Walton Hill'),(150,'Pippo D\'Cruze','pdcruze45@washingtonpost.com',6577302111,6234613583,'2023-07-22','2024-07-22',1,1002,'46985 Lien Point'),(151,'Frants Thewys','fthewys46@chicagotribune.com',4592621875,6234613584,'2023-09-10','2024-09-10',1,1001,'99 Michigan Parkway'),(152,'Jean Klimentov','jklimentov47@ox.ac.uk',3960261624,6234613585,'2023-11-03','2026-11-03',3,1000,'305 Fisk Park'),(153,'Jens Cawthery','jcawthery48@tinyurl.com',3639371917,6234613586,'2023-12-30','2025-12-30',2,1000,'8 Bartillon Park'),(154,'Harper Harford','hharford49@diigo.com',2958283720,6234613587,'2023-07-15','2024-07-15',1,1001,'660 Calypso Place'),(155,'Garrott Messier','gmessier4a@sfgate.com',5511210331,6234613588,'2023-09-09','2026-09-09',3,1002,'4036 Paget Court'),(156,'Ransell Negri','rnegri4b@rediff.com',7787128658,6234613589,'2023-07-27','2025-07-27',2,1003,'5653 Londonderry Court'),(157,'Cosimo Corradetti','ccorradetti4c@infoseek.co.jp',3378171782,6234613590,'2023-06-30','2026-06-30',3,1002,'1714 Nova Plaza'),(158,'Weider Blackey','wblackey4d@digg.com',1760012556,6234613591,'2024-02-01','2026-02-01',2,1001,'73001 Porter Crossing'),(159,'Dillon Melsom','dmelsom4e@youtu.be',8358318758,6234613592,'2023-08-30','2024-08-30',1,1000,'2 Burrows Pass'),(160,'Roshelle Stoad','rstoad4f@hao123.com',8887859477,6234613593,'2023-08-19','2025-08-19',2,1003,'97882 Morrow Avenue'),(161,'Antonino Blewett','ablewett4g@ebay.co.uk',5668691616,6234613594,'2023-06-08','2024-06-08',1,1003,'7 Di Loreto Drive'),(162,'Eldin Millership','emillership4h@auda.org.au',8132527267,6234613595,'2023-08-06','2026-08-06',3,1002,'1245 Corben Terrace'),(163,'Roman Haborn','rhaborn4i@google.ru',5376216799,6234613596,'2023-11-22','2026-11-22',3,1001,'40666 Ramsey Crossing'),(164,'Norbie Americi','namerici4j@nsw.gov.au',5742846738,6234613597,'2023-10-29','2024-10-29',1,1000,'87931 2nd Junction'),(165,'Adina Flann','aflann4k@irs.gov',4971703314,6234613598,'2023-10-18','2025-10-18',2,1003,'7 Springview Center'),(166,'Jasun Vivian','jvivian4l@tinyurl.com',5260261348,6234613599,'2024-02-05','2026-02-05',2,1000,'62030 Farwell Center'),(167,'Lily Shellshear','lshellshear4m@cbc.ca',833478893,6234613600,'2024-01-19','2025-01-19',1,1001,'47703 Memorial Avenue'),(168,'Maria Purselow','mpurselow4n@timesonline.co.uk',935684123,6234613601,'2023-06-08','2026-06-08',3,1002,'459 Jay Terrace'),(169,'Trix Mazdon','tmazdon4o@vk.com',1010585622,6234613602,'2023-07-10','2025-07-10',2,1001,'62793 Sunnyside Center'),(170,'Leonelle Bockler','lbockler4p@sina.com.cn',8967587422,6234613603,'2023-12-04','2024-12-04',1,1002,'50609 Carberry Park'),(171,'Cathee Garlant','cgarlant4q@squidoo.com',755298047,6234613604,'2024-01-24','2027-01-24',3,1000,'7283 Redwing Trail'),(172,'Brannon Craker','bcraker4r@forbes.com',4272751255,6234613605,'2023-11-13','2024-11-13',1,1003,'92 Commercial Point'),(173,'Aeriela Coo','acoo4s@cbc.ca',9166016495,6234613606,'2023-09-15','2025-09-15',2,1003,'3 Vera Plaza'),(174,'Peyton Linsay','plinsay4t@shop-pro.jp',4442632995,6234613607,'2023-08-31','2026-08-31',3,1002,'0845 Gateway Circle'),(175,'Noel Ryce','nryce4u@japanpost.jp',2046573218,6234613608,'2023-10-24','2025-10-24',2,1000,'2 Hoffman Point'),(176,'Lily Antonoyev','lantonoyev4v@trellian.com',607832487,6234613609,'2023-09-01','2026-09-01',3,1001,'4430 Heath Point'),(177,'Andeee Durston','adurston4w@google.com.br',1657734196,6234613610,'2024-01-22','2025-01-22',1,1001,'871 Clemons Alley'),(178,'Amalia Chaudhry','achaudhry4x@sina.com.cn',9723687119,6234613611,'2023-09-16','2024-09-16',1,1000,'564 Sunfield Plaza'),(179,'Eyde Niland','eniland4y@4shared.com',8051224582,6234613612,'2023-10-24','2025-10-24',2,1002,'91 David Crossing'),(180,'Cris Camilio','ccamilio4z@businessinsider.com',8973971301,6234613613,'2023-08-19','2026-08-19',3,1003,'22 Mccormick Pass'),(181,'Greg Gras','ggras50@g.co',743074092,6234613614,'2023-09-29','2025-09-29',2,1000,'8190 Erie Parkway'),(182,'Rice Yaneev','ryaneev51@ameblo.jp',167303430,6234613615,'2023-06-01','2024-06-01',1,1001,'563 Merrick Point'),(183,'Clotilda Cowgill','ccowgill52@mozilla.org',3042823555,6234613616,'2023-08-15','2026-08-15',3,1002,'03410 Glacier Hill Alley'),(184,'Rik Riach','rriach53@infoseek.co.jp',6310827332,6234613617,'2023-09-19','2025-09-19',2,1003,'7025 Pleasure Place'),(185,'Rachel Sidwell','rsidwell54@microsoft.com',2003243682,6234613618,'2023-11-20','2024-11-20',1,1001,'4561 Blaine Pass'),(186,'Julie Campkin','jcampkin55@prnewswire.com',712908862,6234613619,'2023-12-10','2026-12-10',3,1002,'9 Basil Hill'),(187,'Brinna Allmond','ballmond56@npr.org',7431969716,6234613620,'2023-12-05','2026-12-05',3,1000,'793 Monterey Lane'),(188,'Hunt Garfoot','hgarfoot57@symantec.com',2620928079,6234613621,'2023-10-11','2025-10-11',2,1003,'19939 Sage Road'),(189,'Averell Biasioni','abiasioni58@themeforest.net',6243933350,6234613622,'2023-12-21','2024-12-21',1,1001,'046 Oriole Street'),(190,'Laurella Blackbrough','lblackbrough59@slashdot.org',6029343211,6234613623,'2023-09-22','2025-09-22',2,1002,'509 Merry Street'),(191,'Margeaux Darlasson','mdarlasson5a@aol.com',8872824397,6234613624,'2024-01-14','2027-01-14',3,1000,'70 Macpherson Terrace'),(192,'Antonie Englishby','aenglishby5b@zimbio.com',7198754724,6234613625,'2023-07-04','2024-07-04',1,1003,'65 Sunbrook Terrace'),(193,'Gilda Rotlauf','grotlauf5c@tripadvisor.com',9342928609,6234613626,'2023-06-06','2024-06-06',1,1003,'5047 Little Fleur Plaza'),(194,'Hayward Bassett','hbassett5d@t-online.de',4291418612,6234613627,'2023-12-29','2026-12-29',3,1000,'2546 Autumn Leaf Crossing'),(195,'Robers MacBean','rmacbean5e@deviantart.com',7912198881,6234613628,'2023-12-03','2025-12-03',2,1001,'51991 La Follette Pass'),(196,'Ethyl Moger','emoger5f@npr.org',3960092377,6234613629,'2023-11-14','2026-11-14',3,1002,'64 Pine View Lane'),(197,'Artemas Heaslip','aheaslip5g@etsy.com',2342510373,6234613630,'2023-07-12','2024-07-12',1,1003,'9 Randy Drive'),(198,'Briny Lismore','blismore5h@mapy.cz',8713610368,6234613631,'2023-08-10','2025-08-10',2,1000,'7948 Dryden Circle'),(199,'Giulia Kellogg','gkellogg5i@ca.gov',2874815292,6234613632,'2023-06-29','2024-06-29',1,1001,'3298 Springview Place'),(200,'Clive Blain','cblain5j@wunderground.com',9499616020,6234613633,'2024-01-04','2027-01-04',3,1002,'9936 Sauthoff Crossing'),(201,'Elenore Coffee','ecoffee5k@imgur.com',2258081343,6234613634,'2023-11-12','2025-11-12',2,1002,'22154 Texas Place'),(202,'Dominik Fetherby','dfetherby5l@ucla.edu',7262200496,6234613635,'2023-11-13','2024-11-13',1,1000,'02 Jenna Crossing'),(203,'Win Harland','wharland5m@dion.ne.jp',5719549331,6234613636,'2023-07-31','2026-07-31',3,1003,'0895 Hoepker Hill'),(204,'Debby Domnin','ddomnin5n@mozilla.org',8796410620,6234613637,'2023-07-31','2025-07-31',2,1001,'12646 Erie Drive'),(205,'Sansone Astlett','sastlett5o@dyndns.org',8220599170,6234613638,'2024-01-18','2025-01-18',1,1001,'5 Orin Park'),(206,'Kincaid Dyet','kdyet5p@berkeley.edu',862449936,6234613639,'2023-10-15','2025-10-15',2,1002,'17713 Buena Vista Place'),(207,'Alys Bransgrove','abransgrove5q@nps.gov',1440942013,6234613640,'2023-06-04','2026-06-04',3,1003,'0 Kings Street'),(208,'Eddy Thorsen','ethorsen5r@alexa.com',4752786834,6234613641,'2023-08-09','2024-08-09',1,1000,'6 Mandrake Road'),(209,'Valera Ravel','vravel5s@cmu.edu',4895464466,6234613642,'2023-11-09','2025-11-09',2,1000,'67454 Hanover Plaza'),(210,'Carlo Hudd','chudd5t@studiopress.com',8062585913,6234613643,'2023-12-31','2026-12-31',3,1002,'8582 Elgar Point'),(211,'Noel Precious','nprecious5u@constantcontact.com',1613003129,6234613644,'2023-07-11','2026-07-11',3,1003,'9 Bunker Hill Circle'),(212,'Rachael Coey','rcoey5v@gnu.org',6343169040,6234613645,'2023-07-28','2024-07-28',1,1001,'4 Waywood Park'),(213,'Daryl Slee','dslee5w@huffingtonpost.com',8632010697,6234613646,'2023-11-20','2025-11-20',2,1002,'76 Golf Course Circle'),(214,'Christiane Dethloff','cdethloff5x@hugedomains.com',5707821333,6234613647,'2023-11-29','2025-11-29',2,1001,'9814 Lake View Parkway'),(215,'Hillel Doggett','hdoggett5y@umich.edu',627301193,6234613648,'2023-08-19','2026-08-19',3,1000,'85 Meadow Valley Way'),(216,'Indira Rolinson','irolinson5z@nature.com',472709437,6234613649,'2023-10-28','2024-10-28',1,1003,'1 Scoville Junction'),(217,'Graig Duinbleton','gduinbleton60@tinyurl.com',6045986067,6234613650,'2023-07-06','2025-07-06',2,1003,'0289 Bultman Avenue'),(218,'Ianthe Courage','icourage61@ezinearticles.com',3793784339,6234613651,'2024-02-05','2025-02-05',1,1002,'743 Trailsway Court'),(219,'Lulita Cords','lcords62@over-blog.com',3604564107,6234613652,'2023-10-08','2026-10-08',3,1000,'205 Division Alley'),(220,'Marlene Soule','msoule63@ask.com',9152485897,6234613653,'2023-10-03','2026-10-03',3,1001,'43 Moland Center'),(221,'Laurette Frank','lfrank64@google.co.jp',8061622912,6234613654,'2023-07-29','2024-07-29',1,1003,'036 Iowa Center'),(222,'Ora Simester','osimester65@booking.com',7778653311,6234613655,'2023-06-12','2025-06-12',2,1002,'3 Hollow Ridge Place'),(223,'Zachariah Draxford','zdraxford66@uol.com.br',5981777516,6234613656,'2023-07-03','2024-07-03',1,1000,'95440 Karstens Street'),(224,'Kim Pickervance','kpickervance67@spotify.com',2379643407,6234613657,'2023-12-05','2025-12-05',2,1001,'0 Jackson Junction'),(225,'Warde Edghinn','wedghinn68@ca.gov',8671183009,6234613658,'2024-01-22','2027-01-22',3,1003,'4 Huxley Drive'),(226,'Roselle Borsay','rborsay69@irs.gov',6037153175,6234613659,'2023-11-22','2026-11-22',3,1000,'394 Aberg Terrace'),(227,'Nyssa Luther','nluther6a@reference.com',9019368346,6234613660,'2023-10-29','2024-10-29',1,1002,'00 Main Hill'),(228,'Fowler Stark','fstark6b@vistaprint.com',3231135044,6234613661,'2023-07-30','2025-07-30',2,1001,'80403 Forest Place'),(229,'El Antognazzi','eantognazzi6c@joomla.org',6729771453,6234613662,'2023-12-21','2024-12-21',1,1001,'28063 Hooker Park'),(230,'Winslow Kaindl','wkaindl6d@hexun.com',7740364762,6234613663,'2023-09-10','2025-09-10',2,1000,'44 Loomis Street'),(231,'Francklyn Meys','fmeys6e@chron.com',2111139483,6234613664,'2024-02-06','2027-02-06',3,1002,'119 Nevada Point'),(232,'Bobina Blewis','bblewis6f@linkedin.com',8327268368,6234613665,'2024-02-05','2026-02-05',2,1003,'21579 Oriole Road'),(233,'Vasilis Aleavy','valeavy6g@etsy.com',9410100879,6234613666,'2023-12-16','2024-12-16',1,1002,'928 Delaware Drive'),(234,'Isaak Timms','itimms6h@jiathis.com',6725212824,6234613667,'2023-06-24','2026-06-24',3,1003,'951 Messerschmidt Terrace'),(235,'Montague Bockman','mbockman6i@privacy.gov.au',1062701100,6234613668,'2023-12-20','2024-12-20',1,1000,'16 Meadow Ridge Avenue'),(236,'Yorke Yourell','yyourell6j@booking.com',2822835632,6234613669,'2023-08-06','2025-08-06',2,1001,'92 Aberg Court'),(237,'Coralyn Coom','ccoom6k@lulu.com',8451897002,6234613670,'2023-12-31','2026-12-31',3,1003,'7 Meadow Vale Lane'),(238,'Henrie Svanini','hsvanini6l@woothemes.com',2131829795,6234613671,'2023-07-11','2026-07-11',3,1002,'71 Sauthoff Alley'),(239,'Far Dreinan','fdreinan6m@usa.gov',1257852655,6234613672,'2023-07-10','2025-07-10',2,1000,'6 Scofield Point'),(240,'Darla Sprowson','dsprowson6n@auda.org.au',5076109571,6234613673,'2023-07-22','2024-07-22',1,1001,'2695 Kings Park'),(241,'Dorine Josskowitz','djosskowitz6o@cnet.com',8322331886,6234613674,'2023-10-25','2025-10-25',2,1002,'77037 International Junction'),(242,'Martynne Jeppensen','mjeppensen6p@reverbnation.com',3695642459,6234613675,'2023-11-06','2024-11-06',1,1001,'44 Eliot Avenue'),(243,'Killie Lindenbluth','klindenbluth6q@thetimes.co.uk',5732028285,6234613676,'2023-10-23','2026-10-23',3,1003,'1 Thompson Crossing'),(244,'Stace Rubinov','srubinov6r@businessweek.com',5286907253,6234613677,'2023-12-04','2024-12-04',1,1000,'5 Hagan Drive'),(245,'Parker Lawes','plawes6s@alibaba.com',4913229648,6234613678,'2024-01-04','2026-01-04',2,1001,'9657 Doe Crossing Circle'),(246,'Anna-maria Leupoldt','aleupoldt6t@whitehouse.gov',6011290841,6234613679,'2023-06-21','2026-06-21',3,1000,'7 Northridge Point'),(247,'Opaline Rabbet','orabbet6u@fda.gov',8362596899,6234613680,'2023-11-02','2024-11-02',1,1002,'264 Thackeray Alley'),(248,'Zara Champerlen','zchamperlen6v@dot.gov',4647187411,6234613681,'2023-12-26','2025-12-26',2,1003,'182 Kingsford Plaza'),(249,'Bud McGahy','bmcgahy6w@blogs.com',357189787,6234613682,'2023-08-13','2026-08-13',3,1001,'38123 Corscot Street'),(250,'Baudoin Ferroli','bferroli6x@usda.gov',475080351,6234613683,'2023-12-21','2024-12-21',1,1003,'84294 Schiller Drive'),(251,'Nickolas Davidovitch','ndavidovitch6y@nbcnews.com',4733431090,6234613684,'2023-11-20','2025-11-20',2,1002,'06216 Buena Vista Drive'),(252,'Kimberlee Beamond','kbeamond6z@mayoclinic.com',1449308589,6234613685,'2023-07-09','2026-07-09',3,1000,'636 Blue Bill Park Alley'),(253,'Jeremias Iston','jiston70@ezinearticles.com',8059477250,6234613686,'2023-12-12','2026-12-12',3,1000,'9282 Ilene Avenue'),(254,'Alice Casazza','acasazza71@smugmug.com',9293454874,6234613687,'2024-01-30','2025-01-30',1,1003,'8283 Little Fleur Avenue'),(255,'Cesar Vardy','cvardy72@quantcast.com',8171798829,6234613688,'2023-07-23','2025-07-23',2,1001,'833 Lillian Road'),(256,'Nert Shuttle','nshuttle73@theguardian.com',3643641575,6234613689,'2023-08-09','2026-08-09',3,1002,'59 Mandrake Drive'),(257,'Abel Davids','adavids74@friendfeed.com',4182196279,6234613690,'2023-08-25','2024-08-25',1,1000,'7258 Paget Crossing'),(258,'Carlos Yesichev','cyesichev75@bloglines.com',7876741770,6234613691,'2024-01-13','2026-01-13',2,1001,'39399 Chinook Center'),(259,'Kliment Gludor','kgludor76@seattletimes.com',5988402364,6234613692,'2023-11-21','2026-11-21',3,1003,'22 Di Loreto Court'),(260,'Evelyn Brealey','ebrealey77@zimbio.com',2890199339,6234613693,'2023-09-10','2025-09-10',2,1002,'6 Browning Court'),(261,'Ade Yeardley','ayeardley78@shinystat.com',1054883777,6234613694,'2023-12-04','2024-12-04',1,1003,'23 Northport Drive'),(262,'Brittany Mossman','bmossman79@fc2.com',6787788231,6234613695,'2023-10-28','2026-10-28',3,1000,'54 5th Point'),(263,'Aubrie Dugan','adugan7a@businessinsider.com',9814019658,6234613696,'2023-11-09','2024-11-09',1,1001,'39 Chinook Hill'),(264,'Arin Griffin','agriffin7b@fotki.com',5773098024,6234613697,'2023-11-09','2025-11-09',2,1002,'049 Anzinger Crossing'),(265,'Lurlene Bradick','lbradick7c@drupal.org',95999817,6234613698,'2024-01-20','2027-01-20',3,1002,'55 Vermont Drive'),(266,'Dewey Dalgleish','ddalgleish7d@reuters.com',4495613707,6234613699,'2024-01-23','2026-01-23',2,1001,'6 Marquette Center'),(267,'Lona Winslade','lwinslade7e@bluehost.com',2540589200,6234613700,'2024-01-25','2025-01-25',1,1003,'8 1st Place'),(268,'Jarrad Sandison','jsandison7f@globo.com',8916488850,6234613701,'2024-01-16','2026-01-16',2,1000,'0 Vera Pass'),(269,'Rurik Sporrij','rsporrij7g@mapy.cz',5078054502,6234613702,'2023-11-14','2026-11-14',3,1001,'640 Village Road'),(270,'Fey Dutnall','fdutnall7h@de.vu',192541552,6234613703,'2023-09-17','2024-09-17',1,1000,'3013 Vera Junction'),(271,'Melesa Kemell','mkemell7i@va.gov',8464289944,6234613704,'2023-09-23','2026-09-23',3,1003,'95 Golf Course Avenue'),(272,'Mill Yitzhak','myitzhak7j@fotki.com',6696196099,6234613705,'2023-06-13','2024-06-13',1,1002,'81 Monica Hill'),(273,'Sibley Meeus','smeeus7k@aboutads.info',1942346530,6234613706,'2024-01-30','2026-01-30',2,1000,'72 Grover Court'),(274,'Ferd Viel','fviel7l@1und1.de',6223872291,6234613707,'2024-02-02','2027-02-02',3,1003,'68 Grover Street'),(275,'Etheline Dimitriades','edimitriades7m@aboutads.info',9610298869,6234613708,'2023-06-18','2024-06-18',1,1001,'44440 Di Loreto Point'),(276,'Trever Nibloe','tnibloe7n@squarespace.com',2826535943,6234613709,'2023-09-02','2025-09-02',2,1002,'66 Roxbury Road'),(277,'Bethanne Goodwyn','bgoodwyn7o@privacy.gov.au',2411704313,6234613710,'2024-01-13','2026-01-13',2,1002,'5 Stang Road'),(278,'Naomi Hardcastle','nhardcastle7p@redcross.org',1073335755,6234613711,'2023-12-19','2026-12-19',3,1001,'79 Di Loreto Plaza'),(279,'Smitty Harrowell','sharrowell7q@google.com.au',5727261570,6234613712,'2023-10-22','2024-10-22',1,1003,'37 Kropf Court'),(280,'Jaime Yakunikov','jyakunikov7r@si.edu',1218379111,6234613713,'2024-01-16','2025-01-16',1,1000,'22 Elka Alley'),(281,'Augy Berzon','aberzon7s@phpbb.com',3910942512,6234613714,'2023-06-23','2026-06-23',3,1001,'69 Beilfuss Point'),(282,'Ayn Fulleylove','afulleylove7t@hao123.com',3448575992,6234613715,'2023-11-15','2025-11-15',2,1003,'1255 Monica Park'),(283,'Lilla Rawcliffe','lrawcliffe7u@cnn.com',4653748195,6234613716,'2023-07-27','2024-07-27',1,1002,'895 Autumn Leaf Parkway'),(284,'Zorah Peckett','zpeckett7v@omniture.com',1435647793,6234613717,'2023-07-22','2026-07-22',3,1000,'7 Northridge Parkway'),(285,'Yolane Conichie','yconichie7w@twitter.com',6742365587,6234613718,'2023-08-07','2025-08-07',2,1003,'83340 Anzinger Parkway'),(286,'Esther Skule','eskule7x@meetup.com',6700631998,6234613719,'2024-02-09','2026-02-09',2,1000,'24 American Place'),(287,'Oswald Jonczyk','ojonczyk7y@yahoo.co.jp',4869280108,6234613720,'2023-10-20','2024-10-20',1,1002,'013 Westend Lane'),(288,'Massimo McKean','mmckean7z@house.gov',1011771969,6234613721,'2023-12-03','2026-12-03',3,1001,'812 Ludington Circle'),(289,'Elston Roantree','eroantree80@nyu.edu',9741727674,6234613722,'2023-07-25','2025-07-25',2,1000,'42 Pankratz Crossing'),(290,'Jessy Shoebridge','jshoebridge81@fc2.com',1845733266,6234613723,'2024-01-19','2027-01-19',3,1003,'2844 Maple Wood Park'),(291,'Gale Mallender','gmallender82@cpanel.net',8289437498,6234613724,'2023-06-10','2024-06-10',1,1002,'5 4th Junction'),(292,'Dudley Ruperto','druperto83@smh.com.au',9818360605,6234613725,'2023-07-01','2026-07-01',3,1001,'195 Hooker Pass'),(293,'Jory Wiltshier','jwiltshier84@soup.io',1805403249,6234613726,'2023-11-02','2025-11-02',2,1001,'2 Kings Drive'),(294,'Dallon Coltman','dcoltman85@lycos.com',6805162106,6234613727,'2023-08-29','2024-08-29',1,1003,'2 Doe Crossing Drive'),(295,'Iain Lynch','ilynch86@mysql.com',9420126935,6234613728,'2023-06-03','2026-06-03',3,1002,'15394 Hoard Junction'),(296,'Marlane Creane','mcreane87@wufoo.com',6307315067,6234613729,'2024-01-19','2025-01-19',1,1000,'09575 Crownhardt Crossing'),(297,'Terry Colaton','tcolaton88@msu.edu',8028124275,6234613730,'2023-06-24','2025-06-24',2,1002,'33 Shelley Crossing'),(298,'Josiah Blowfield','jblowfield89@biglobe.ne.jp',5988356311,6234613731,'2023-10-24','2025-10-24',2,1000,'89 Fallview Drive'),(299,'Will Reedyhough','wreedyhough8a@dailymail.co.uk',9842556859,6234613732,'2023-09-29','2026-09-29',3,1001,'70715 Dixon Street'),(300,'Johnath Foister','jfoister8b@mashable.com',6919534657,6234613733,'2023-10-06','2024-10-06',1,1003,'38918 Pearson Circle'),(301,'Jaymee Staff','jstaff8c@cloudflare.com',5012742923,6234613734,'2023-11-29','2025-11-29',2,1003,'26 Cordelia Lane'),(302,'Free Lindenfeld','flindenfeld8d@comsenz.com',9187956179,6234613735,'2023-06-26','2026-06-26',3,1002,'6 Rutledge Alley'),(303,'Bobby Matushevich','bmatushevich8e@toplist.cz',1695283066,6234613736,'2023-07-07','2024-07-07',1,1000,'068 Roth Alley'),(304,'Cassondra Mattedi','cmattedi8f@free.fr',1782083227,6234613737,'2023-12-26','2024-12-26',1,1001,'362 Declaration Center'),(305,'Morissa Toffanini','mtoffanini8g@hubpages.com',8000777673,6234613738,'2023-06-10','2025-06-10',2,1000,'5 Meadow Ridge Point'),(306,'Mendel Dwine','mdwine8h@about.com',8749697420,6234613739,'2023-08-31','2026-08-31',3,1002,'66481 Acker Court'),(307,'Madelle Teather','mteather8i@usatoday.com',8818145142,6234613740,'2024-02-09','2026-02-09',2,1001,'1616 Jenifer Hill'),(308,'Albrecht Lawranson','alawranson8j@google.pl',4690156018,6234613741,'2023-08-22','2026-08-22',3,1003,'0 4th Plaza'),(309,'Marya Reimers','mreimers8k@youtu.be',9427876107,6234613742,'2023-11-22','2024-11-22',1,1001,'07 West Road'),(310,'Francene Blundon','fblundon8l@pcworld.com',5508621989,6234613743,'2024-01-28','2027-01-28',3,1000,'4292 Fremont Place'),(311,'Filippa Tace','ftace8m@freewebs.com',660028530,6234613744,'2023-09-21','2024-09-21',1,1003,'99915 Elmside Parkway'),(312,'Lemmie Devlin','ldevlin8n@cpanel.net',1092806156,6234613745,'2023-07-18','2025-07-18',2,1002,'95054 Bultman Place'),(313,'Kipp Tunaclift','ktunaclift8o@smh.com.au',9913957540,6234613746,'2023-11-05','2026-11-05',3,1002,'680 Ohio Place'),(314,'Deb Winslet','dwinslet8p@usgs.gov',3707046435,6234613747,'2023-07-23','2025-07-23',2,1003,'9 Meadow Ridge Road'),(315,'Yankee Boxall','yboxall8q@stumbleupon.com',3452599949,6234613748,'2023-08-23','2024-08-23',1,1000,'549 Logan Alley'),(316,'Ivy Scone','iscone8r@nytimes.com',5980082336,6234613749,'2023-11-30','2025-11-30',2,1001,'4 Anniversary Road'),(317,'Connie Kerwick','ckerwick8s@nationalgeographic.com',6358686135,6234613750,'2023-09-02','2026-09-02',3,1000,'11583 Mitchell Pass'),(318,'Marlene Wixey','mwixey8t@e-recht24.de',6798170072,6234613751,'2023-08-15','2024-08-15',1,1001,'89920 Crest Line Terrace'),(319,'Willabella Neles','wneles8u@kickstarter.com',1254543198,6234613752,'2023-12-16','2026-12-16',3,1003,'46 Brickson Park Park'),(320,'Catha Tiernan','ctiernan8v@paypal.com',5718211388,6234613753,'2023-10-26','2025-10-26',2,1002,'2 Del Sol Street'),(321,'Ingeborg Hatchell','ihatchell8w@springer.com',7687563212,6234613754,'2023-11-18','2024-11-18',1,1003,'90990 Scofield Road'),(322,'Melba Loftus','mloftus8x@telegraph.co.uk',1081112948,6234613755,'2024-02-10','2026-02-10',2,1002,'6646 Kennedy Drive'),(323,'Delinda FitzGilbert','dfitzgilbert8y@ifeng.com',6814180375,6234613756,'2023-12-18','2024-12-18',1,1001,'94636 Fisk Court'),(324,'Harwilll Juleff','hjuleff8z@creativecommons.org',9422664160,6234613757,'2024-01-17','2027-01-17',3,1000,'96 Lakewood Gardens Parkway'),(325,'Gottfried Fidge','gfidge90@mashable.com',2324884348,6234613758,'2023-08-05','2025-08-05',2,1003,'3 Sage Pass'),(326,'Titus MacIntyre','tmacintyre91@apache.org',5299173202,6234613759,'2023-09-17','2024-09-17',1,1002,'98587 Novick Lane'),(327,'Emilio Fawcus','efawcus92@ucoz.com',3238256688,6234613760,'2023-08-07','2026-08-07',3,1000,'34113 Donald Plaza'),(328,'Nona Lotwich','nlotwich93@furl.net',5876361313,6234613761,'2023-07-27','2024-07-27',1,1001,'4 Riverside Point'),(329,'Nike Kreuzer','nkreuzer94@nps.gov',5702043162,6234613762,'2023-06-12','2026-06-12',3,1003,'52 Marquette Lane'),(330,'Zaccaria Mangenet','zmangenet95@engadget.com',6350521994,6234613763,'2023-11-08','2025-11-08',2,1002,'9 Scoville Parkway'),(331,'Tobin Tudbald','ttudbald96@naver.com',988779080,6234613764,'2023-11-08','2025-11-08',2,1000,'53407 Sloan Avenue'),(332,'Kinnie Abramof','kabramof97@usnews.com',4849283152,6234613765,'2023-07-10','2024-07-10',1,1001,'2 Northfield Pass'),(333,'Torrin Manton','tmanton98@upenn.edu',5148944234,6234613766,'2023-06-26','2026-06-26',3,1002,'038 Del Mar Junction'),(334,'Malina Nannini','mnannini99@vimeo.com',8486713943,6234613767,'2023-08-21','2025-08-21',2,1001,'01924 Northland Terrace'),(335,'Brennan Jinkins','bjinkins9a@squarespace.com',5170438567,6234613768,'2023-10-05','2026-10-05',3,1003,'471 Lunder Hill'),(336,'Kylen Bardell','kbardell9b@weebly.com',702512133,6234613769,'2024-01-19','2025-01-19',1,1000,'36 Huxley Avenue'),(337,'Jamie Wasselin','jwasselin9c@macromedia.com',339902523,6234613770,'2024-01-12','2027-01-12',3,1001,'2912 Fuller Park'),(338,'Jen Benez','jbenez9d@businessweek.com',2674293047,6234613771,'2024-01-12','2026-01-12',2,1002,'4 Ramsey Court'),(339,'Dorene Bosenworth','dbosenworth9e@edublogs.org',3372180585,6234613772,'2023-10-10','2024-10-10',1,1000,'7627 Bellgrove Alley'),(340,'Teodorico McKellar','tmckellar9f@cyberchimps.com',4683322080,6234613773,'2023-09-27','2025-09-27',2,1003,'03514 Carioca Parkway'),(341,'Chaddie Bertot','cbertot9g@google.fr',9754622469,6234613774,'2023-10-06','2026-10-06',3,1001,'2 Mockingbird Point'),(342,'Dov Sambells','dsambells9h@addthis.com',1451093861,6234613775,'2023-12-31','2024-12-31',1,1000,'902 Tomscot Alley'),(343,'Barnabe McCombe','bmccombe9i@blog.com',5856124766,6234613776,'2023-10-19','2025-10-19',2,1002,'58025 Thierer Point'),(344,'Darcee Giovannini','dgiovannini9j@plala.or.jp',8794564167,6234613777,'2023-09-10','2024-09-10',1,1003,'44 Schiller Way'),(345,'Dwayne Brazil','dbrazil9k@zdnet.com',4143927365,6234613778,'2023-06-06','2026-06-06',3,1003,'4068 Harbort Crossing'),(346,'Regen Claesens','rclaesens9l@tamu.edu',4088962257,6234613779,'2023-12-08','2026-12-08',3,1000,'8798 Eagan Plaza'),(347,'Sophia Audritt','saudritt9m@telegraph.co.uk',198870493,6234613780,'2023-11-04','2025-11-04',2,1002,'16 Hagan Center'),(348,'Denni Antoniewicz','dantoniewicz9n@hostgator.com',5600356048,6234613781,'2023-10-09','2024-10-09',1,1001,'66 Stoughton Way'),(349,'Rozella Docherty','rdocherty9o@comsenz.com',7164175462,6234613782,'2023-08-01','2025-08-01',2,1001,'478 Hanover Junction'),(350,'Junina McAusland','jmcausland9p@utexas.edu',2101251272,6234613783,'2023-07-14','2024-07-14',1,1002,'9 Fordem Court'),(351,'Teddy Dogg','tdogg9q@howstuffworks.com',504880136,6234613784,'2023-06-11','2026-06-11',3,1000,'05 East Court'),(352,'Peterus Hradsky','phradsky9r@godaddy.com',3290564630,6234613785,'2023-07-08','2025-07-08',2,1003,'164 Crest Line Way'),(353,'Waylin Dullaghan','wdullaghan9s@independent.co.uk',9393479593,6234613786,'2023-08-02','2026-08-02',3,1002,'4 Northport Center'),(354,'Emmaline Frensch','efrensch9t@reference.com',3747687792,6234613787,'2023-10-16','2024-10-16',1,1000,'019 Dryden Road'),(355,'Hernando Columbine','hcolumbine9u@mapy.cz',8511164103,6234613788,'2023-07-23','2024-07-23',1,1001,'1309 Cardinal Crossing'),(356,'Jordana Bohling','jbohling9v@abc.net.au',451894413,6234613789,'2023-10-08','2025-10-08',2,1003,'5218 Shelley Alley'),(357,'Wallace Attryde','wattryde9w@github.io',9939756003,6234613790,'2023-08-31','2026-08-31',3,1002,'3 Delaware Hill'),(358,'Anton Outridge','aoutridge9x@gizmodo.com',4753758281,6234613791,'2023-08-02','2024-08-02',1,1001,'98 Mendota Pass'),(359,'Nil Nisot','nnisot9y@nsw.gov.au',8652252165,6234613792,'2023-08-18','2025-08-18',2,1000,'886 Forest Run Hill'),(360,'Eziechiele Yegorovnin','eyegorovnin9z@csmonitor.com',8024531763,6234613793,'2023-06-14','2026-06-14',3,1003,'20524 Donald Road'),(361,'Birdie Leonard','bleonarda0@cafepress.com',7191638338,6234613794,'2023-11-17','2025-11-17',2,1000,'561 Farmco Drive'),(362,'Bertie Sparrowhawk','bsparrowhawka1@ucsd.edu',7010287325,6234613795,'2023-08-02','2024-08-02',1,1001,'7 Alpine Terrace'),(363,'Pollyanna Kaiser','pkaisera2@flickr.com',7720195515,6234613796,'2023-06-17','2026-06-17',3,1003,'530 Sutteridge Lane'),(364,'Reilly Downing','rdowninga3@discovery.com',6433961401,6234613797,'2023-08-10','2024-08-10',1,1002,'41 Elmside Circle'),(365,'Bertine Gile','bgilea4@angelfire.com',1253346887,6234613798,'2023-10-22','2025-10-22',2,1001,'70551 Westport Center'),(366,'Eleanora Durrand','edurranda5@army.mil',3688939301,6234613799,'2023-08-20','2026-08-20',3,1000,'875 Autumn Leaf Drive'),(367,'Jandy Wymer','jwymera6@epa.gov',1812551037,6234613800,'2023-11-26','2024-11-26',1,1003,'6 Logan Parkway'),(368,'Nicolea Westall','nwestalla7@usatoday.com',2089351012,6234613801,'2023-10-31','2025-10-31',2,1002,'7948 Saint Paul Hill'),(369,'Clarence Darkins','cdarkinsa8@kickstarter.com',823092615,6234613802,'2023-07-30','2026-07-30',3,1000,'1804 Mcbride Center'),(370,'Jedediah Dibsdale','jdibsdalea9@xing.com',8907798478,6234613803,'2023-10-06','2024-10-06',1,1003,'3 Lawn Park'),(371,'Aimee Breslauer','abreslaueraa@seesaa.net',9153398726,6234613804,'2023-08-12','2026-08-12',3,1002,'4161 Arizona Crossing'),(372,'Laurianne Dallyn','ldallynab@fema.gov',4502224804,6234613805,'2023-11-11','2025-11-11',2,1001,'6116 Chinook Crossing'),(373,'Rosette Weald','rwealdac@cloudflare.com',3162730449,6234613806,'2023-10-23','2025-10-23',2,1000,'180 Derek Hill'),(374,'Garek Vasenkov','gvasenkovad@google.com.br',4768195849,6234613807,'2023-07-24','2026-07-24',3,1002,'48791 Summer Ridge Terrace'),(375,'Vergil Luscombe','vluscombeae@aol.com',2630910814,6234613808,'2023-10-21','2024-10-21',1,1001,'66 Grasskamp Terrace'),(376,'Kaile Sinnott','ksinnottaf@dagondesign.com',1365207978,6234613809,'2023-10-10','2026-10-10',3,1003,'01 Manufacturers Center'),(377,'Maury Carver','mcarverag@wordpress.org',6848886181,6234613810,'2023-09-25','2025-09-25',2,1002,'30 Garrison Point'),(378,'Matthus Adey','madeyah@cocolog-nifty.com',8914444481,6234613811,'2023-08-22','2024-08-22',1,1003,'79 Oneill Way'),(379,'Eirena Farrer','efarrerai@google.de',5580778643,6234613812,'2023-11-28','2025-11-28',2,1000,'62952 Jackson Road'),(380,'Cacilie Guerriero','cguerrieroaj@trellian.com',4310647170,6234613813,'2023-09-16','2026-09-16',3,1001,'0755 Continental Junction'),(381,'Elnora Riccione','ericcioneak@miibeian.gov.cn',608151513,6234613814,'2023-06-01','2024-06-01',1,1001,'423 Hagan Point'),(382,'Carey Pordal','cpordalal@bluehost.com',3498591363,6234613815,'2023-12-19','2025-12-19',2,1003,'710 Washington Place'),(383,'Jeanette Buesnel','jbuesnelam@netscape.com',9721418234,6234613816,'2024-01-12','2025-01-12',1,1000,'9511 Ridgeway Park'),(384,'Haleigh Shorton','hshortonan@unesco.org',6498024690,6234613817,'2023-11-05','2026-11-05',3,1002,'701 Fremont Park'),(385,'Juline Nelthorpe','jnelthorpeao@google.it',7068944949,6234613818,'2023-10-26','2025-10-26',2,1000,'93 Sheridan Point'),(386,'Dougie Cosslett','dcosslettap@mozilla.com',1483927873,6234613819,'2023-06-24','2026-06-24',3,1002,'2 Fisk Plaza'),(387,'Elliot Loody','eloodyaq@senate.gov',175655731,6234613820,'2023-07-17','2024-07-17',1,1001,'3 Pawling Crossing'),(388,'Alaric Lugden','alugdenar@prweb.com',1575901218,6234613821,'2023-11-10','2024-11-10',1,1003,'2067 Knutson Trail'),(389,'Crissy Bucklee','cbuckleeas@cnet.com',4701429457,6234613822,'2023-12-12','2026-12-12',3,1003,'572 Jay Parkway'),(390,'Lorene Fardell','lfardellat@webmd.com',7997044191,6234613823,'2023-10-12','2025-10-12',2,1002,'62126 5th Center'),(391,'Jeramie Stronough','jstronoughau@hibu.com',8152657670,6234613824,'2023-10-09','2025-10-09',2,1000,'4992 Calypso Park'),(392,'Marget Bonus','mbonusav@blogger.com',5693720284,6234613825,'2023-07-06','2026-07-06',3,1001,'662 Morning Alley'),(393,'Joan Germon','jgermonaw@yelp.com',1952538904,6234613826,'2023-07-31','2024-07-31',1,1000,'48156 Ronald Regan Pass'),(394,'Ellerey Zini','eziniax@jalbum.net',5492300059,6234613827,'2023-09-09','2025-09-09',2,1003,'83682 8th Circle'),(395,'Waverley Nickols','wnickolsay@stanford.edu',3058641494,6234613828,'2023-08-20','2026-08-20',3,1002,'03862 La Follette Junction'),(396,'Whitman McKillop','wmckillopaz@msn.com',4049016532,6234613829,'2023-12-31','2024-12-31',1,1001,'14788 Vera Drive'),(397,'Marylou Headech','mheadechb0@cnn.com',2817641604,6234613830,'2023-08-25','2026-08-25',3,1001,'60 Roth Lane'),(398,'Reena Longshaw','rlongshawb1@cbc.ca',5929884137,6234613831,'2023-12-01','2025-12-01',2,1000,'750 Bluejay Avenue'),(399,'Berkeley Langstrath','blangstrathb2@theatlantic.com',2814389726,6234613832,'2024-01-09','2025-01-09',1,1002,'2661 Duke Lane'),(400,'Jillian Kenn','jkennb3@pbs.org',2415519642,6234613833,'2023-08-09','2024-08-09',1,1003,'53 Mallory Avenue'),(401,'Homerus Ickovicz','hickoviczb4@squidoo.com',7927123858,6234613834,'2023-06-12','2026-06-12',3,1003,'8803 Becker Circle'),(402,'Cecilius Gresly','cgreslyb5@stanford.edu',1371198381,6234613835,'2024-01-13','2026-01-13',2,1001,'57847 8th Lane'),(403,'Ephrem Wayt','ewaytb6@webnode.com',2076741690,6234613836,'2023-10-11','2024-10-11',1,1002,'43 Birchwood Plaza'),(404,'Hollis Abelson','habelsonb7@ifeng.com',7649998266,6234613837,'2023-06-04','2026-06-04',3,1000,'08 Vernon Crossing'),(405,'Albertine Artus','aartusb8@live.com',8446695375,6234613838,'2023-10-16','2025-10-16',2,1003,'1 Scott Plaza'),(406,'Mischa Banasiak','mbanasiakb9@time.com',6675021915,6234613839,'2024-01-14','2026-01-14',2,1002,'10667 Utah Way'),(407,'Almire Luciani','alucianiba@trellian.com',5335855991,6234613840,'2023-09-22','2026-09-22',3,1000,'224 Mosinee Parkway'),(408,'Celestine Chandler','cchandlerbb@is.gd',7898684028,6234613841,'2023-08-04','2024-08-04',1,1001,'82 Thackeray Crossing'),(409,'Holly Smead','hsmeadbc@phoca.cz',2567267638,6234613842,'2023-07-16','2024-07-16',1,1001,'8253 Dawn Park'),(410,'Athena Heyns','aheynsbd@acquirethisname.com',8781143141,6234613843,'2023-09-23','2026-09-23',3,1003,'418 Spohn Place'),(411,'Goldi Norval','gnorvalbe@flickr.com',1496501020,6234613844,'2023-09-06','2025-09-06',2,1000,'636 Dorton Park'),(412,'Quill Corrao','qcorraobf@craigslist.org',7136459028,6234613845,'2023-11-11','2025-11-11',2,1002,'46 Melby Center'),(413,'Marijn Finden','mfindenbg@deliciousdays.com',5615209526,6234613846,'2023-09-06','2026-09-06',3,1002,'95 Mesta Hill'),(414,'Nestor Elphinston','nelphinstonbh@a8.net',3211632247,6234613847,'2023-11-24','2024-11-24',1,1000,'5 Bashford Junction'),(415,'Kristos Laird-Craig','klairdcraigbi@ucoz.com',8370163750,6234613848,'2023-10-07','2025-10-07',2,1001,'490 Schiller Crossing'),(416,'Eirena De Bernardis','edebj@ocn.ne.jp',1804358282,6234613849,'2023-07-25','2026-07-25',3,1003,'0 Ilene Road'),(417,'Raimundo Borgne','rborgnebk@networkadvertising.org',5614575154,6234613850,'2023-07-25','2024-07-25',1,1003,'682 Prairie Rose Trail'),(418,'Tadeo Chetter','tchetterbl@surveymonkey.com',9559263447,6234613851,'2023-10-05','2024-10-05',1,1001,'0185 Tennyson Parkway'),(419,'Gearard Janiszewski','gjaniszewskibm@cnn.com',7725399062,6234613852,'2023-07-21','2025-07-21',2,1000,'2826 Trailsway Pass'),(420,'Antonina Gudger','agudgerbn@soup.io',481656928,6234613853,'2023-09-28','2026-09-28',3,1002,'7925 Springs Road'),(421,'Arney Barnard','abarnardbo@sogou.com',5370872155,6234613854,'2023-09-04','2024-09-04',1,1001,'0 Artisan Street'),(422,'Bernadette Guesford','bguesfordbp@webnode.com',5493076144,6234613855,'2024-02-01','2027-02-01',3,1000,'0556 Springview Parkway'),(423,'Pat Tembridge','ptembridgebq@cnn.com',984970509,6234613856,'2023-09-24','2025-09-24',2,1003,'69 Delladonna Junction'),(424,'Francois Sentinella','fsentinellabr@printfriendly.com',9532503579,6234613857,'2023-11-15','2026-11-15',3,1002,'9 Northfield Plaza'),(425,'Lisetta O\'Roan','loroanbs@un.org',2430633906,6234613858,'2023-09-03','2025-09-03',2,1001,'6614 Lotheville Pass'),(426,'Georges Wallett','gwallettbt@shinystat.com',5053605661,6234613859,'2023-07-19','2024-07-19',1,1000,'07979 Oneill Center'),(427,'Aymer Mawer','amawerbu@csmonitor.com',9770556688,6234613860,'2023-06-07','2025-06-07',2,1002,'5053 Autumn Leaf Junction'),(428,'Lorry Clipston','lclipstonbv@nps.gov',4747346600,6234613861,'2024-01-03','2027-01-03',3,1003,'135 Tony Park'),(429,'Rabi Sebring','rsebringbw@surveymonkey.com',986196371,6234613862,'2023-10-25','2024-10-25',1,1002,'6147 Browning Way'),(430,'Cammie Tenny','ctennybx@nature.com',4397029369,6234613863,'2024-01-03','2027-01-03',3,1000,'28 Kim Road'),(431,'Didi Swindle','dswindleby@chronoengine.com',5473175902,6234613864,'2024-01-05','2025-01-05',1,1001,'164 Kenwood Place'),(432,'Onofredo Kaplan','okaplanbz@netlog.com',7758984142,6234613865,'2023-08-31','2025-08-31',2,1003,'8236 Veith Plaza'),(433,'Cornall Barlee','cbarleec0@army.mil',8528759792,6234613866,'2023-06-09','2024-06-09',1,1000,'98 Clarendon Junction'),(434,'Milka Quinevan','mquinevanc1@ox.ac.uk',6286077235,6234613867,'2023-09-28','2025-09-28',2,1001,'4 Oak Valley Point'),(435,'Marti Rankine','mrankinec2@com.com',4955143873,6234613868,'2023-10-09','2026-10-09',3,1003,'59262 Golf Course Pass'),(436,'Luisa Vercruysse','lvercruyssec3@lulu.com',4019112835,6234613869,'2023-10-24','2026-10-24',3,1002,'7626 Atwood Point'),(437,'Carlyn Sallans','csallansc4@icio.us',919765297,6234613870,'2023-12-23','2024-12-23',1,1002,'05 Bartelt Crossing'),(438,'Malena Anthoin','manthoinc5@technorati.com',1639119477,6234613871,'2023-10-04','2025-10-04',2,1000,'1526 Dapin Junction'),(439,'Ethelind Kloss','eklossc6@4shared.com',2158083220,6234613872,'2023-07-22','2024-07-22',1,1003,'4 Porter Drive'),(440,'Maryellen Tuffey','mtuffeyc7@sakura.ne.jp',54115868,6234613873,'2023-12-04','2026-12-04',3,1001,'65 Memorial Drive'),(441,'Rafaellle Kinningley','rkinningleyc8@example.com',7582509528,6234613874,'2023-12-10','2025-12-10',2,1001,'6919 Eliot Court'),(442,'Reena Dockery','rdockeryc9@youtu.be',1826289879,6234613875,'2024-01-21','2025-01-21',1,1002,'084 Larry Center'),(443,'Ellynn Wintle','ewintleca@nifty.com',9881353130,6234613876,'2023-08-05','2025-08-05',2,1003,'57 Schurz Parkway'),(444,'Cameron Jiles','cjilescb@umn.edu',932865569,6234613877,'2023-10-22','2026-10-22',3,1000,'578 Banding Center'),(445,'Phillip Lauritsen','plauritsencc@dailymail.co.uk',5997704319,6234613878,'2023-12-24','2026-12-24',3,1000,'45 Moose Center'),(446,'Herman Kalinovich','hkalinovichcd@unblog.fr',5249235948,6234613879,'2023-07-17','2025-07-17',2,1001,'553 Kedzie Lane'),(447,'Feliks Ox','foxce@plala.or.jp',6821042977,6234613880,'2023-07-06','2024-07-06',1,1003,'10 Lindbergh Trail'),(448,'Dillon Ringham','dringhamcf@tamu.edu',456146458,6234613881,'2023-12-02','2024-12-02',1,1002,'32949 Iowa Parkway'),(449,'Marian Greet','mgreetcg@scribd.com',6706502650,6234613882,'2023-06-05','2025-06-05',2,1001,'43021 Fordem Court'),(450,'Brion Rivlin','brivlinch@trellian.com',4573432906,6234613883,'2024-02-08','2027-02-08',3,1003,'659 Namekagon Circle'),(451,'Olympe Crew','ocrewci@oakley.com',9429172204,6234613884,'2023-08-04','2024-08-04',1,1000,'91902 Kings Park'),(452,'Reinaldos Doe','rdoecj@cbc.ca',5903602002,6234613885,'2024-02-02','2026-02-02',2,1002,'87 Sutteridge Terrace'),(453,'Madeline Squirrel','msquirrelck@usgs.gov',4759402470,6234613886,'2023-07-25','2026-07-25',3,1003,'80 Boyd Center'),(454,'Emogene Saylor','esaylorcl@msu.edu',6352235441,6234613887,'2023-11-17','2026-11-17',3,1001,'95890 Mendota Pass'),(455,'Perry Folliss','pfollisscm@furl.net',6411263302,6234613888,'2023-08-12','2025-08-12',2,1002,'10 Briar Crest Center'),(456,'Harvey Sharnock','hsharnockcn@usnews.com',8199875399,6234613889,'2023-08-17','2024-08-17',1,1000,'0375 Rutledge Alley'),(457,'Aili D\'Souza','adsouzaco@state.tx.us',375841563,6234613890,'2023-09-24','2025-09-24',2,1003,'56368 Starling Pass'),(458,'Dougy Tesyro','dtesyrocp@reuters.com',3763760938,6234613891,'2023-07-26','2026-07-26',3,1002,'064 Clemons Plaza'),(459,'Mordy Maffei','mmaffeicq@pbs.org',8391393607,6234613892,'2024-01-01','2025-01-01',1,1000,'084 Pine View Hill'),(460,'Barnard Server','bservercr@latimes.com',2574592603,6234613893,'2023-09-22','2024-09-22',1,1001,'80 Vahlen Street'),(461,'Talia Colledge','tcolledgecs@illinois.edu',9939424760,6234613894,'2024-01-17','2027-01-17',3,1002,'7 Farragut Terrace'),(462,'Yule Quarterman','yquartermanct@pagesperso-orange.fr',6022746493,6234613895,'2023-06-25','2025-06-25',2,1001,'22778 American Parkway'),(463,'Iolande Ivanishev','iivanishevcu@google.fr',8588954575,6234613896,'2023-10-25','2025-10-25',2,1000,'4477 Upham Trail'),(464,'Abra Worge','aworgecv@geocities.jp',6322896903,6234613897,'2023-08-09','2026-08-09',3,1003,'26 Waubesa Street'),(465,'Daryl Oaker','doakercw@microsoft.com',4693012130,6234613898,'2023-11-17','2024-11-17',1,1003,'61 Macpherson Drive'),(466,'Dewitt Crossan','dcrossancx@furl.net',3576098909,6234613899,'2023-07-06','2026-07-06',3,1001,'68 Evergreen Circle'),(467,'Valeria O\'Flynn','voflynncy@ebay.co.uk',2223641903,6234613900,'2024-01-07','2025-01-07',1,1002,'3913 Golf Junction'),(468,'Norri Proback','nprobackcz@dmoz.org',5145123604,6234613901,'2023-07-12','2025-07-12',2,1000,'6547 Bayside Center'),(469,'Selena Greig','sgreigd0@sogou.com',9430969110,6234613902,'2023-09-26','2025-09-26',2,1001,'9 Atwood Crossing'),(470,'Donna Jepp','djeppd1@opensource.org',6594055259,6234613903,'2023-09-13','2026-09-13',3,1003,'668 West Crossing'),(471,'Fiorenze Lovat','flovatd2@booking.com',6801253549,6234613904,'2023-09-30','2024-09-30',1,1000,'67221 Talisman Trail'),(472,'Engracia Critchard','ecritchardd3@sogou.com',7159833015,6234613905,'2023-11-30','2024-11-30',1,1002,'84 Northridge Drive'),(473,'Waylon Forge','wforged4@apache.org',6430055183,6234613906,'2023-06-29','2026-06-29',3,1001,'68 Melby Alley'),(474,'Griffy Rebanks','grebanksd5@dyndns.org',1671077253,6234613907,'2023-11-14','2025-11-14',2,1000,'2 Meadow Valley Center'),(475,'Gae Mosten','gmostend6@census.gov',5239246181,6234613908,'2023-09-20','2025-09-20',2,1003,'75 Schiller Court'),(476,'Amanda Lotwich','alotwichd7@theguardian.com',4986419420,6234613909,'2023-12-29','2024-12-29',1,1002,'0 Stoughton Plaza'),(477,'Astrix Gocher','agocherd8@xinhuanet.com',5467258923,6234613910,'2024-01-29','2027-01-29',3,1000,'5846 Columbus Court'),(478,'Bartolemo Deabill','bdeabilld9@toplist.cz',444890858,6234613911,'2023-07-30','2025-07-30',2,1002,'8278 Sloan Avenue'),(479,'Godiva Filan','gfilanda@homestead.com',4635524213,6234613912,'2023-06-04','2026-06-04',3,1003,'07410 Ludington Place'),(480,'Davida Hradsky','dhradskydb@seesaa.net',2413932747,6234613913,'2023-12-31','2024-12-31',1,1001,'05431 4th Court'),(481,'Allin Langmaid','alangmaiddc@whitehouse.gov',7867876944,6234613914,'2023-11-27','2024-11-27',1,1003,'0 Riverside Center'),(482,'Isaac Checo','ichecodd@miitbeian.gov.cn',3639635698,6234613915,'2023-11-18','2025-11-18',2,1001,'1 Londonderry Point'),(483,'Clotilda Stern','csternde@washingtonpost.com',1576580687,6234613916,'2023-12-22','2026-12-22',3,1000,'33 Doe Crossing Junction'),(484,'Eran Brightman','ebrightmandf@oaic.gov.au',8440280807,6234613917,'2023-11-04','2025-11-04',2,1002,'817 Dawn Junction'),(485,'Belicia Toppin','btoppindg@redcross.org',7927728458,6234613918,'2023-10-27','2024-10-27',1,1002,'39 Reinke Pass'),(486,'Riane Petran','rpetrandh@addthis.com',3145477463,6234613919,'2024-01-21','2027-01-21',3,1001,'8138 Loeprich Trail'),(487,'Bil Hehnke','bhehnkedi@prweb.com',7840575447,6234613920,'2023-07-16','2024-07-16',1,1000,'13413 Knutson Circle'),(488,'Pamella Debold','pdebolddj@umich.edu',6242112876,6234613921,'2023-06-18','2025-06-18',2,1003,'8 Tennessee Pass'),(489,'Thoma Sawley','tsawleydk@ox.ac.uk',7656845208,6234613922,'2023-09-13','2026-09-13',3,1002,'9335 Stuart Circle'),(490,'Carina Uzzell','cuzzelldl@about.com',713376902,6234613923,'2023-06-22','2026-06-22',3,1000,'2615 Artisan Street'),(491,'Binky Neachell','bneachelldm@bbc.co.uk',2237508283,6234613924,'2023-07-23','2025-07-23',2,1003,'4 Golf Court'),(492,'Kiele Brounsell','kbrounselldn@sogou.com',3973055254,6234613925,'2023-09-09','2024-09-09',1,1001,'14 Fisk Place'),(493,'Serge Kearney','skearneydo@clickbank.net',8699483198,6234613926,'2023-10-06','2025-10-06',2,1000,'8 Old Gate Lane'),(494,'Dana Pelosi','dpelosidp@netscape.com',5425306393,6234613927,'2023-12-18','2024-12-18',1,1001,'38019 Dwight Court'),(495,'Davy Tennewell','dtennewelldq@senate.gov',3758006112,6234613928,'2023-12-27','2026-12-27',3,1002,'888 Forest Run Place'),(496,'Blake Babonau','bbabonaudr@shutterfly.com',80675875,6234613929,'2024-02-02','2027-02-02',3,1003,'924 Manley Parkway'),(497,'Wenonah Tomasoni','wtomasonids@foxnews.com',3186483085,6234613930,'2024-01-01','2026-01-01',2,1003,'1292 Melrose Way'),(498,'Klarrisa Traske','ktraskedt@seattletimes.com',9769052434,6234613931,'2023-08-14','2024-08-14',1,1001,'75491 Thompson Terrace'),(499,'Natty Queyos','nqueyosdu@devhub.com',3778777939,6234613932,'2023-09-14','2025-09-14',2,1000,'77 Dahle Place'),(500,'Jannelle Krysztofiak','jkrysztofiakdv@berkeley.edu',5070739867,6234613933,'2023-08-22','2026-08-22',3,1002,'6629 Schurz Crossing'),(501,'Callean Swine','cswinedw@scientificamerican.com',6618102081,6234613934,'2023-10-02','2024-10-02',1,1001,'80919 Elgar Center'),(502,'Zane Persicke','zpersickedx@studiopress.com',7032225772,6234613935,'2023-09-18','2024-09-18',1,1002,'4541 Independence Street'),(503,'Christian Backen','cbackendy@cafepress.com',4183358310,6234613936,'2023-07-10','2026-07-10',3,1003,'1718 Summit Park'),(504,'Farrell Heineking','fheinekingdz@free.fr',8254122776,6234613937,'2023-08-30','2025-08-30',2,1000,'56658 Pawling Parkway'),(505,'Gabriello Midgely','gmidgelye0@paypal.com',3598686242,6234613938,'2023-09-09','2025-09-09',2,1003,'542 Sheridan Way'),(506,'Allayne Wormleighton','awormleightone1@pinterest.com',8612442850,6234613939,'2023-07-24','2026-07-24',3,1001,'6 Kennedy Point'),(507,'Alexandre Finey','afineye2@apache.org',4905483824,6234613940,'2023-08-04','2024-08-04',1,1002,'29 Dorton Center'),(508,'Lutero Ivons','livonse3@yandex.ru',2808075499,6234613941,'2023-11-20','2024-11-20',1,1000,'24395 Novick Lane'),(509,'Nevile Elnough','nelnoughe4@hhs.gov',3936618607,6234613942,'2023-10-24','2025-10-24',2,1001,'38717 West Way'),(510,'Bette Ickov','bickove5@latimes.com',8643296694,6234613943,'2023-06-04','2026-06-04',3,1002,'22 Amoth Avenue'),(511,'Nikoletta Mathewes','nmathewese6@pagesperso-orange.fr',4288837731,6234613944,'2023-12-20','2025-12-20',2,1003,'8180 Pine View Trail'),(512,'Ariana Iskow','aiskowe7@google.cn',5880662357,6234613945,'2023-08-18','2024-08-18',1,1000,'435 Eggendart Place'),(513,'Lilly Bleazard','lbleazarde8@blogtalkradio.com',7761599149,6234613946,'2024-01-17','2027-01-17',3,1001,'00 Myrtle Place'),(514,'Sutton Ventom','sventome9@newsvine.com',1381793576,6234613947,'2024-01-22','2026-01-22',2,1000,'8 Linden Court'),(515,'Nikki Bulstrode','nbulstrodeea@domainmarket.com',6958859308,6234613948,'2023-06-25','2024-06-25',1,1003,'66 Welch Trail'),(516,'Fae Burg','fburgeb@vinaora.com',815489846,6234613949,'2023-08-13','2026-08-13',3,1002,'93 Doe Crossing Circle'),(517,'Ev Andrich','eandrichec@4shared.com',7561508417,6234613950,'2024-01-12','2027-01-12',3,1001,'79 Moose Point'),(518,'Allie Novkovic','anovkoviced@go.com',7132508857,6234613951,'2023-09-12','2025-09-12',2,1003,'67 Mayfield Plaza'),(519,'Jamaal Hodinton','jhodintonee@auda.org.au',7297601667,6234613952,'2023-09-09','2024-09-09',1,1000,'89 Cordelia Pass'),(520,'Nancie Paulon','npaulonef@ox.ac.uk',524339929,6234613953,'2023-12-02','2025-12-02',2,1002,'598 Rockefeller Road'),(521,'Nat Cluer','ncluereg@instagram.com',5450905629,6234613954,'2024-01-14','2025-01-14',1,1000,'56769 Debra Park'),(522,'Ann Longea','alongeaeh@bing.com',6698177024,6234613955,'2023-06-01','2026-06-01',3,1001,'100 Schurz Pass'),(523,'Gabbey Ferrarone','gferraroneei@ted.com',7855966382,6234613956,'2023-07-05','2026-07-05',3,1003,'0764 Corscot Terrace'),(524,'Elwin Bevis','ebevisej@dell.com',1573786934,6234613957,'2023-11-18','2025-11-18',2,1002,'7072 Hauk Lane'),(525,'Lovell Purle','lpurleek@istockphoto.com',7756048970,6234613958,'2023-06-18','2024-06-18',1,1000,'608 Meadow Ridge Drive'),(526,'Tobi Jouen','tjouenel@lulu.com',342662856,6234613959,'2023-09-17','2025-09-17',2,1003,'593 Elgar Way'),(527,'Mufi Pendred','mpendredem@etsy.com',9200351506,6234613960,'2023-11-06','2026-11-06',3,1002,'5 Annamark Point'),(528,'Gaby Ellerby','gellerbyen@psu.edu',9733998095,6234613961,'2023-06-21','2024-06-21',1,1001,'1 Mariners Cove Avenue'),(529,'Andrey Merkel','amerkeleo@google.com.hk',5310467335,6234613962,'2023-10-08','2025-10-08',2,1000,'0352 Hanover Drive'),(530,'Reider Lorimer','rlorimerep@example.com',6697829842,6234613963,'2023-12-10','2026-12-10',3,1002,'52552 Northport Road'),(531,'Normie Kears','nkearseq@blogger.com',5041688265,6234613964,'2023-10-21','2024-10-21',1,1001,'4217 Memorial Street'),(532,'Kris Voules','kvouleser@prlog.org',5328943600,6234613965,'2023-09-22','2026-09-22',3,1003,'33943 Prentice Way'),(533,'Sarena Parsisson','sparsissones@mediafire.com',1513758632,6234613966,'2024-01-06','2025-01-06',1,1003,'00 Huxley Court'),(534,'Meir McLoughlin','mmcloughlinet@networkadvertising.org',1834259800,6234613967,'2023-08-26','2025-08-26',2,1002,'976 Cordelia Road'),(535,'Beverley Lawrance','blawranceeu@businessinsider.com',4640753454,6234613968,'2024-01-22','2027-01-22',3,1001,'503 Dottie Plaza'),(536,'Salvatore Hitschke','shitschkeev@last.fm',4756925863,6234613969,'2023-07-11','2025-07-11',2,1000,'7071 Toban Trail'),(537,'Tessy Jiggen','tjiggenew@cisco.com',4994968136,6234613970,'2023-09-03','2024-09-03',1,1000,'61 Hudson Lane'),(538,'Morgan Hillaby','mhillabyex@psu.edu',6342126739,6234613971,'2023-09-15','2025-09-15',2,1002,'4 8th Circle'),(539,'Nessy Dymick','ndymickey@google.de',7095991618,6234613972,'2023-08-31','2024-08-31',1,1001,'56829 Gateway Terrace'),(540,'Jeddy Dempsey','jdempseyez@usda.gov',4148553730,6234613973,'2023-12-15','2026-12-15',3,1003,'7809 Mockingbird Alley'),(541,'Banky Heymes','bheymesf0@qq.com',6446839413,6234613974,'2023-10-16','2025-10-16',2,1002,'5093 Holy Cross Junction'),(542,'Halli Jakeman','hjakemanf1@pagesperso-orange.fr',5247212304,6234613975,'2023-11-20','2024-11-20',1,1003,'880 Hooker Park'),(543,'Bronnie Sends','bsendsf2@live.com',3466451973,6234613976,'2023-11-27','2026-11-27',3,1001,'2777 Gerald Crossing'),(544,'Fran Rudinger','frudingerf3@foxnews.com',9372449261,6234613977,'2023-06-30','2025-06-30',2,1000,'7 South Pass'),(545,'Kirbee Tobin','ktobinf4@barnesandnoble.com',6674486620,6234613978,'2023-11-08','2026-11-08',3,1000,'7190 Oak Valley Hill'),(546,'Arlyne Lumsden','alumsdenf5@macromedia.com',137942680,6234613979,'2023-11-16','2024-11-16',1,1003,'7 Aberg Plaza'),(547,'Gusta Grimwood','ggrimwoodf6@posterous.com',2733526340,6234613980,'2023-11-21','2026-11-21',3,1002,'28255 Scoville Lane'),(548,'Lesly Wind','lwindf7@drupal.org',2183698764,6234613981,'2023-08-30','2025-08-30',2,1001,'2 Everett Plaza'),(549,'Rosamond Heasman','rheasmanf8@bluehost.com',5687075127,6234613982,'2023-08-29','2024-08-29',1,1002,'8 Reindahl Junction'),(550,'Lynette Tesauro','ltesaurof9@intel.com',5951860962,6234613983,'2023-06-03','2024-06-03',1,1001,'8468 Di Loreto Court'),(551,'Brandie Huggill','bhuggillfa@feedburner.com',1480491861,6234613984,'2023-12-19','2026-12-19',3,1000,'77259 Schiller Court'),(552,'Zora McGraith','zmcgraithfb@a8.net',9019170910,6234613985,'2023-10-28','2025-10-28',2,1003,'15650 Mosinee Terrace'),(553,'Steffane Kelso','skelsofc@vistaprint.com',8789035666,6234613986,'2024-02-10','2025-02-10',1,1000,'04431 Pawling Parkway'),(554,'Ring Skaif','rskaiffd@networkadvertising.org',8450599946,6234613987,'2023-09-10','2025-09-10',2,1001,'28031 Rigney Street'),(555,'Mil Sharland','msharlandfe@istockphoto.com',9504151078,6234613988,'2023-07-04','2026-07-04',3,1002,'82 Carpenter Point'),(556,'Karalee Lambertazzi','klambertazziff@va.gov',4140809108,6234613989,'2023-11-28','2026-11-28',3,1003,'2013 Sutteridge Court'),(557,'Livvie Worvill','lworvillfg@tamu.edu',8613522726,6234613990,'2023-06-11','2024-06-11',1,1001,'8227 Artisan Trail'),(558,'Lolita Hennemann','lhennemannfh@reference.com',2159295094,6234613991,'2023-08-11','2025-08-11',2,1002,'1073 Mockingbird Drive'),(559,'Marcos Killwick','mkillwickfi@desdev.cn',4443379320,6234613992,'2023-06-13','2024-06-13',1,1003,'2 Onsgard Center'),(560,'Rana Smullin','rsmullinfj@tiny.cc',6626329340,6234613993,'2023-07-03','2026-07-03',3,1000,'014 Kinsman Trail'),(561,'Andres Cobbe','acobbefk@barnesandnoble.com',3908702208,6234613994,'2024-01-22','2026-01-22',2,1001,'210 Nelson Crossing'),(562,'Wye Lazonby','wlazonbyfl@omniture.com',1399492985,6234613995,'2024-02-01','2026-02-01',2,1002,'2 Utah Point'),(563,'Lawry Halfhide','lhalfhidefm@ifeng.com',3137986303,6234613996,'2023-12-24','2026-12-24',3,1003,'952 Stuart Parkway'),(564,'Cobby Becaris','cbecarisfn@surveymonkey.com',1306911273,6234613997,'2023-07-31','2024-07-31',1,1000,'640 Chinook Junction'),(565,'Cleopatra Herley','cherleyfo@aol.com',8108469503,6234613998,'2023-08-24','2024-08-24',1,1002,'322 Gulseth Court'),(566,'Mariele Badam','mbadamfp@slashdot.org',4557902561,6234613999,'2023-09-29','2026-09-29',3,1003,'013 Wayridge Way'),(567,'Alexandros L\'Hommee','alhommeefq@hubpages.com',4326850426,6234614000,'2023-12-10','2025-12-10',2,1000,'561 Amoth Center'),(568,'Alta Cuseick','acuseickfr@vimeo.com',5743480893,6234614001,'2023-07-16','2026-07-16',3,1001,'6028 Clemons Court'),(569,'Frank Roskams','froskamsfs@state.gov',7653242693,6234614002,'2023-07-09','2024-07-09',1,1003,'05 Memorial Road'),(570,'Margette Cawson','mcawsonft@pcworld.com',4554060292,6234614003,'2024-02-02','2026-02-02',2,1001,'43 Derek Drive'),(571,'Bernita Pasterfield','bpasterfieldfu@ebay.com',9368934509,6234614004,'2023-10-29','2024-10-29',1,1002,'1094 Havey Lane'),(572,'Griff Somerlie','gsomerliefv@reverbnation.com',2078185809,6234614005,'2024-01-30','2027-01-30',3,1000,'2765 Brentwood Alley'),(573,'Ricki Couvet','rcouvetfw@alibaba.com',8719973241,6234614006,'2023-10-17','2025-10-17',2,1001,'3011 Fordem Lane'),(574,'Kelly Jurca','kjurcafx@ox.ac.uk',3319599216,6234614007,'2023-06-23','2024-06-23',1,1002,'5 Fisk Terrace'),(575,'Arley Sollowaye','asollowayefy@bloglines.com',5579183305,6234614008,'2024-01-02','2027-01-02',3,1000,'94037 Transport Parkway'),(576,'Joelie Mammatt','jmammattfz@answers.com',6451160687,6234614009,'2023-10-10','2025-10-10',2,1003,'3 Sloan Avenue'),(577,'Raimund Bader','rbaderg0@samsung.com',9958389053,6234614010,'2023-08-10','2026-08-10',3,1002,'04251 Dovetail Park'),(578,'Cheslie Engall','cengallg1@newsvine.com',7323136113,6234614011,'2023-11-28','2024-11-28',1,1000,'613 Daystar Parkway'),(579,'Shantee Paulusch','spauluschg2@gmpg.org',8208275093,6234614012,'2024-01-21','2026-01-21',2,1001,'16527 Logan Park'),(580,'Demetre Brownscombe','dbrownscombeg3@sakura.ne.jp',571763480,6234614013,'2023-07-11','2024-07-11',1,1003,'9787 Prairieview Circle'),(581,'Helenelizabeth Frounks','hfrounksg4@seattletimes.com',3622193379,6234614014,'2023-06-06','2026-06-06',3,1001,'61 Declaration Way'),(582,'Felic Reder','frederg5@columbia.edu',49391429,6234614015,'2023-07-05','2025-07-05',2,1003,'44 Mallory Crossing'),(583,'Caryl Jakucewicz','cjakucewiczg6@google.ca',2715511558,6234614016,'2023-09-18','2026-09-18',3,1000,'70 Aberg Avenue'),(584,'Nell Corke','ncorkeg7@cpanel.net',3557428559,6234614017,'2023-10-30','2024-10-30',1,1002,'1522 Commercial Alley'),(585,'Bancroft Brien','bbrieng8@squidoo.com',5600589824,6234614018,'2023-12-15','2025-12-15',2,1002,'113 Cambridge Drive'),(586,'Thorn Dinsmore','tdinsmoreg9@columbia.edu',2972613406,6234614019,'2024-01-25','2026-01-25',2,1000,'738 Onsgard Plaza'),(587,'Cosimo Leveridge','cleveridgega@mediafire.com',8926287521,6234614020,'2023-11-15','2026-11-15',3,1001,'82554 Laurel Lane'),(588,'Fabiano Yakebovitch','fyakebovitchgb@icq.com',1931572143,6234614021,'2023-12-26','2024-12-26',1,1003,'251 Melody Drive'),(589,'Tess Broseke','tbrosekegc@scribd.com',8025636798,6234614022,'2023-12-16','2024-12-16',1,1000,'7 Sullivan Junction'),(590,'Dinnie Lowndes','dlowndesgd@tiny.cc',759916675,6234614023,'2023-11-09','2026-11-09',3,1001,'5 Melrose Crossing'),(591,'Julissa Knox','jknoxge@mapy.cz',6114840380,6234614024,'2023-12-29','2025-12-29',2,1002,'0485 Havey Drive'),(592,'Sheridan Dogg','sdogggf@home.pl',6879392377,6234614025,'2024-01-14','2027-01-14',3,1003,'017 Ilene Trail'),(593,'Donn Farryann','dfarryanngg@unblog.fr',7532115380,6234614026,'2023-09-21','2024-09-21',1,1001,'044 Roxbury Junction'),(594,'Brandyn Gregolotti','bgregolottigh@histats.com',8192046931,6234614027,'2023-07-07','2025-07-07',2,1000,'20 Barnett Pass'),(595,'Sharron Bolland','sbollandgi@sohu.com',1235794431,6234614028,'2023-08-28','2026-08-28',3,1002,'85 Montana Point'),(596,'Syd Halward','shalwardgj@ning.com',2298339171,6234614029,'2023-07-06','2025-07-06',2,1003,'1 Dryden Road'),(597,'Rogers Bearward','rbearwardgk@java.com',584176953,6234614030,'2023-12-27','2024-12-27',1,1000,'0 Mifflin Way'),(598,'Gayel Maidment','gmaidmentgl@jalbum.net',3249052493,6234614031,'2023-09-19','2025-09-19',2,1001,'5 Hollow Ridge Plaza'),(599,'Mikey Thynne','mthynnegm@yellowpages.com',4735764879,6234614032,'2023-08-23','2024-08-23',1,1003,'87 Utah Place'),(600,'Marti Van der Veldt','mvangn@mashable.com',6681153445,6234614033,'2024-01-28','2027-01-28',3,1002,'52825 Banding Road'),(601,'Verney Akram','vakramgo@exblog.jp',9625145222,6234614034,'2023-08-08','2024-08-08',1,1002,'62123 Aberg Parkway'),(602,'Durward Deener','ddeenergp@ucoz.com',464762014,6234614035,'2023-10-24','2026-10-24',3,1003,'88208 Stoughton Alley'),(603,'Jerrilee Stammer','jstammergq@163.com',9777352662,6234614036,'2023-10-31','2025-10-31',2,1001,'46406 Anderson Way'),(604,'Wallie Got','wgotgr@hp.com',7133648954,6234614037,'2023-11-23','2025-11-23',2,1000,'77040 Upham Court'),(605,'Libbie Picker','lpickergs@indiatimes.com',4545273351,6234614038,'2023-08-17','2026-08-17',3,1001,'745 Helena Plaza'),(606,'Reamonn Deackes','rdeackesgt@diigo.com',6978353884,6234614039,'2023-12-22','2024-12-22',1,1000,'9553 Chive Place'),(607,'Jarib Gatling','jgatlinggu@howstuffworks.com',4112686706,6234614040,'2023-09-24','2026-09-24',3,1002,'087 Doe Crossing Avenue'),(608,'Fanny Gadd','fgaddgv@pagesperso-orange.fr',6907389096,6234614041,'2023-07-31','2024-07-31',1,1003,'4565 Northridge Pass'),(609,'Myrtle BoHlingolsen','mbohlingolsengw@technorati.com',6128314600,6234614042,'2023-09-27','2025-09-27',2,1003,'4340 Carey Alley'),(610,'Dorree Tiler','dtilergx@wikipedia.org',938432575,6234614043,'2023-11-27','2025-11-27',2,1001,'81540 Loeprich Road'),(611,'Aleda Benbough','abenboughgy@ed.gov',41089995,6234614044,'2023-08-15','2026-08-15',3,1002,'85673 Westend Park'),(612,'Eimile Pindar','epindargz@zdnet.com',3891838700,6234614045,'2023-08-13','2024-08-13',1,1000,'01 Butternut Crossing'),(613,'Jaymie Huddles','jhuddlesh0@sina.com.cn',578506998,6234614046,'2023-12-23','2026-12-23',3,1003,'98 Shasta Park'),(614,'Janis Widdowfield','jwiddowfieldh1@indiatimes.com',8270205672,6234614047,'2023-06-29','2025-06-29',2,1001,'0418 Alpine Hill'),(615,'Bank Leebetter','bleebetterh2@friendfeed.com',6378322937,6234614048,'2023-11-06','2024-11-06',1,1002,'0493 Old Shore Avenue'),(616,'Adriane Karys','akarysh3@bloglines.com',8887719845,6234614049,'2023-06-26','2024-06-26',1,1000,'05251 Delladonna Park'),(617,'Betteann Bergstram','bbergstramh4@51.la',418756813,6234614050,'2023-12-13','2026-12-13',3,1002,'21553 Prentice Avenue'),(618,'Asher Bodega','abodegah5@ifeng.com',7040831678,6234614051,'2023-06-21','2025-06-21',2,1001,'03620 Luster Circle'),(619,'Herculie Dmitrichenko','hdmitrichenkoh6@cocolog-nifty.com',366267477,6234614052,'2023-10-03','2024-10-03',1,1003,'49 Doe Crossing Court'),(620,'Morissa Foukx','mfoukxh7@si.edu',985747889,6234614053,'2023-06-04','2025-06-04',2,1000,'1 South Alley'),(621,'Rossie Divall','rdivallh8@dmoz.org',2329287070,6234614054,'2023-12-23','2026-12-23',3,1002,'03 Iowa Hill'),(622,'Glendon Calles','gcallesh9@independent.co.uk',5894607671,6234614055,'2023-10-19','2024-10-19',1,1000,'3 Rutledge Place'),(623,'Jay Faill','jfaillha@ihg.com',4503640453,6234614056,'2023-12-22','2026-12-22',3,1003,'076 Emmet Park'),(624,'Geraldine Kmieciak','gkmieciakhb@oracle.com',5525873346,6234614057,'2023-12-30','2025-12-30',2,1001,'8 Eastlawn Hill'),(625,'Wallache Yakob','wyakobhc@washington.edu',7036481005,6234614058,'2023-06-30','2025-06-30',2,1002,'841 Sherman Place'),(626,'Lynn Cheke','lchekehd@1688.com',8807655470,6234614059,'2023-12-22','2026-12-22',3,1000,'00 Helena Pass'),(627,'Padraic Mc Gaughey','pmche@vk.com',8934946938,6234614060,'2023-11-26','2024-11-26',1,1003,'2 International Hill'),(628,'Nerte Lebarree','nlebarreehf@godaddy.com',379409,6234614061,'2023-09-29','2025-09-29',2,1001,'625 Mayfield Point'),(629,'Darius Hessenthaler','dhessenthalerhg@state.tx.us',5315310744,6234614062,'2023-08-30','2024-08-30',1,1002,'29816 Grasskamp Trail'),(630,'Odey Josephoff','ojosephoffhh@engadget.com',1061099040,6234614063,'2023-10-14','2026-10-14',3,1000,'0 Bayside Avenue'),(631,'Clerissa Lind','clindhi@utexas.edu',688767222,6234614064,'2023-06-25','2026-06-25',3,1003,'6 Brickson Park Parkway'),(632,'Ebenezer Westmorland','ewestmorlandhj@1und1.de',9196998989,6234614065,'2023-12-11','2025-12-11',2,1001,'9173 Sloan Street'),(633,'Jyoti De Vaar','jdehk@moonfruit.com',5462358520,6234614066,'2023-10-11','2024-10-11',1,1000,'3593 Bellgrove Place'),(634,'Lavinie MacAllester','lmacallesterhl@businesswire.com',7578209647,6234614067,'2023-09-30','2026-09-30',3,1001,'6 Mayer Trail'),(635,'Corine Clayworth','cclayworthhm@npr.org',1936821974,6234614068,'2023-06-20','2024-06-20',1,1002,'94 Badeau Street'),(636,'Raquel Rampton','rramptonhn@nydailynews.com',4318140911,6234614069,'2023-11-24','2025-11-24',2,1003,'7 Rutledge Lane'),(637,'Tadeas Kennefick','tkennefickho@dmoz.org',3808973978,6234614070,'2023-12-26','2025-12-26',2,1001,'604 Fallview Terrace'),(638,'Chance Brantl','cbrantlhp@edublogs.org',7381785331,6234614071,'2023-11-24','2026-11-24',3,1000,'8039 Reindahl Circle'),(639,'Any Boat','aboathq@earthlink.net',2625429224,6234614072,'2023-11-09','2024-11-09',1,1002,'2 Oxford Place'),(640,'Leonidas Bourgourd','lbourgourdhr@chicagotribune.com',895482274,6234614073,'2024-01-21','2027-01-21',3,1003,'5411 Delladonna Plaza'),(641,'Maxy Heball','mheballhs@ihg.com',9280620894,6234614074,'2023-11-23','2024-11-23',1,1003,'17 Forest Way'),(642,'Malvina Ilyukhov','milyukhovht@unicef.org',1828737054,6234614075,'2023-08-04','2025-08-04',2,1002,'23998 Hoffman Terrace'),(643,'Lynda Brabon','lbrabonhu@spiegel.de',1758075783,6234614076,'2024-01-22','2025-01-22',1,1001,'473 Dexter Trail'),(644,'Ortensia Farr','ofarrhv@ask.com',6960536804,6234614077,'2023-11-08','2025-11-08',2,1000,'3101 Lotheville Road'),(645,'Silvio Okey','sokeyhw@soup.io',9891698203,6234614078,'2023-08-18','2026-08-18',3,1001,'8363 Corscot Circle'),(646,'Ruddie Haddrell','rhaddrellhx@mapquest.com',4248422131,6234614079,'2023-08-04','2024-08-04',1,1000,'367 Bowman Terrace'),(647,'Stinky Kigelman','skigelmanhy@amazon.de',896990648,6234614080,'2023-09-22','2026-09-22',3,1003,'7595 Mayer Crossing'),(648,'Annalise Persicke','apersickehz@eepurl.com',5944415142,6234614081,'2023-07-09','2025-07-09',2,1002,'161 Vermont Pass'),(649,'Elyn Revie','ereviei0@nasa.gov',6970996689,6234614082,'2023-07-08','2025-07-08',2,1001,'2 Roxbury Court'),(650,'Adan Durker','adurkeri1@indiatimes.com',6339799515,6234614083,'2023-07-10','2026-07-10',3,1003,'967 Crowley Lane'),(651,'Ellwood MacNess','emacnessi2@samsung.com',3887343786,6234614084,'2023-09-30','2024-09-30',1,1002,'362 Golf View Lane'),(652,'Stanislaus Hansed','shansedi3@diigo.com',9222247302,6234614085,'2023-06-16','2026-06-16',3,1000,'909 Mayfield Pass'),(653,'Florentia Jeffers','fjeffersi4@baidu.com',126629722,6234614086,'2023-10-14','2025-10-14',2,1000,'50548 Riverside Lane'),(654,'Kirstin Entreis','kentreisi5@e-recht24.de',6121654562,6234614087,'2023-08-07','2024-08-07',1,1003,'71343 Lien Pass'),(655,'Vannie Connerly','vconnerlyi6@wikispaces.com',3000144633,6234614088,'2023-11-22','2024-11-22',1,1001,'941 Miller Park'),(656,'Nelson Colomb','ncolombi7@simplemachines.org',9976372175,6234614089,'2023-10-27','2025-10-27',2,1002,'118 Sloan Crossing'),(657,'Davina Gerald','dgeraldi8@nasa.gov',4219768505,6234614090,'2023-06-27','2026-06-27',3,1001,'1670 Hazelcrest Road'),(658,'Iosep Reuben','ireubeni9@sourceforge.net',6633361386,6234614091,'2023-10-18','2026-10-18',3,1003,'07 Tennessee Hill'),(659,'Cherilyn Hirjak','chirjakia@t-online.de',8354966046,6234614092,'2024-01-16','2025-01-16',1,1000,'69 Autumn Leaf Place'),(660,'Janelle Burriss','jburrissib@yahoo.co.jp',4186516626,6234614093,'2023-06-19','2025-06-19',2,1002,'5 American Terrace'),(661,'Staford Lingner','slingneric@washington.edu',5593182892,6234614094,'2023-12-27','2025-12-27',2,1003,'7 Sullivan Pass'),(662,'Willow Crinson','wcrinsonid@reddit.com',7060319468,6234614095,'2024-01-28','2027-01-28',3,1000,'325 Golf View Pass'),(663,'Shelley MacClinton','smacclintonie@mayoclinic.com',4749017590,6234614096,'2023-09-16','2024-09-16',1,1001,'54504 Helena Crossing'),(664,'Orly Brixey','obrixeyif@amazon.de',1484129601,6234614097,'2023-09-17','2024-09-17',1,1002,'2 Beilfuss Place'),(665,'Peder Vain','pvainig@state.tx.us',7735653247,6234614098,'2024-01-10','2027-01-10',3,1000,'34 Londonderry Circle'),(666,'Donall Giovanitti','dgiovanittiih@phoca.cz',7190067159,6234614099,'2023-07-13','2025-07-13',2,1002,'70992 Pine View Court'),(667,'Tiffany Beaten','tbeatenii@senate.gov',7111856236,6234614100,'2023-09-02','2025-09-02',2,1001,'194 Lukken Parkway'),(668,'Tuesday Piola','tpiolaij@ox.ac.uk',2314295145,6234614101,'2023-09-30','2024-09-30',1,1003,'9570 Sycamore Street'),(669,'Adi Pinnick','apinnickik@ifeng.com',6857878315,6234614102,'2023-07-12','2026-07-12',3,1003,'3887 Chinook Point'),(670,'Andre Nardrup','anardrupil@usa.gov',2479788989,6234614103,'2023-10-23','2025-10-23',2,1001,'54 Monterey Court'),(671,'Adeline Rothchild','arothchildim@wiley.com',6289875574,6234614104,'2023-06-15','2026-06-15',3,1000,'7 Mallard Park'),(672,'Lothario Lequeux','llequeuxin@dot.gov',3127436769,6234614105,'2023-07-15','2024-07-15',1,1002,'622 Veith Junction'),(673,'Darn Fickling','dficklingio@latimes.com',7268254865,6234614106,'2023-09-18','2024-09-18',1,1002,'40519 Nelson Terrace'),(674,'Caryl Coyne','ccoyneip@smh.com.au',5465842911,6234614107,'2023-09-09','2025-09-09',2,1001,'3262 Dorton Park'),(675,'Lilllie Frankham','lfrankhamiq@digg.com',6834337288,6234614108,'2024-02-09','2027-02-09',3,1000,'52 Schurz Center'),(676,'Siouxie Zanazzi','szanazziir@tripod.com',275444899,6234614109,'2024-01-10','2025-01-10',1,1003,'18 Rockefeller Road'),(677,'Erhart Hambelton','ehambeltonis@youtube.com',2899143506,6234614110,'2023-07-13','2026-07-13',3,1002,'76 Scofield Drive'),(678,'Suellen Kee','skeeit@marketwatch.com',3401063456,6234614111,'2024-01-30','2026-01-30',2,1003,'31703 Stone Corner Point'),(679,'Kaila De Cristoforo','kdeiu@gizmodo.com',8017952082,6234614112,'2024-01-02','2027-01-02',3,1001,'16684 Ryan Center'),(680,'Sonnie Sharman','ssharmaniv@admin.ch',8822430662,6234614113,'2023-11-07','2024-11-07',1,1000,'00637 John Wall Way'),(681,'Garrek Kuhnwald','gkuhnwaldiw@npr.org',6456271703,6234614114,'2023-12-03','2025-12-03',2,1002,'154 Shoshone Parkway'),(682,'Palm Letty','plettyix@zimbio.com',4729041496,6234614115,'2023-07-09','2025-07-09',2,1000,'8341 Comanche Trail'),(683,'Sara-ann Lorryman','slorrymaniy@dyndns.org',9737577876,6234614116,'2023-11-19','2026-11-19',3,1001,'1140 International Junction'),(684,'Janelle Haibel','jhaibeliz@stanford.edu',6133923652,6234614117,'2024-01-01','2025-01-01',1,1003,'7 Riverside Place'),(685,'Bebe Stopper','bstopperj0@tiny.cc',5691885502,6234614118,'2024-01-01','2027-01-01',3,1003,'400 La Follette Drive'),(686,'Berni Cavee','bcaveej1@sfgate.com',8552228556,6234614119,'2023-10-04','2024-10-04',1,1000,'486 Golf Course Pass'),(687,'Kendrick Wiltsher','kwiltsherj2@barnesandnoble.com',7976886762,6234614120,'2023-09-21','2025-09-21',2,1002,'74 Kipling Pass'),(688,'Maurine Braganza','mbraganzaj3@washington.edu',2436363323,6234614121,'2023-09-29','2026-09-29',3,1001,'6 Talisman Junction'),(689,'Trumaine Drewett','tdrewettj4@epa.gov',8413374510,6234614122,'2023-06-28','2025-06-28',2,1003,'78806 Hanson Pass'),(690,'Belvia Strickland','bstricklandj5@last.fm',8454964940,6234614123,'2023-07-27','2024-07-27',1,1000,'851 Sunfield Point'),(691,'Torin Bartolomeo','tbartolomeoj6@sourceforge.net',3500466036,6234614124,'2023-07-07','2026-07-07',3,1002,'23638 Loomis Point'),(692,'Paulette Ivashnikov','pivashnikovj7@webnode.com',4776501953,6234614125,'2023-11-02','2024-11-02',1,1001,'200 Stang Center'),(693,'Alphonse Kasbye','akasbyej8@amazon.co.jp',3037246294,6234614126,'2023-11-25','2025-11-25',2,1000,'4 Tennyson Parkway'),(694,'Berenice Cameli','bcamelij9@loc.gov',7347976340,6234614127,'2023-06-13','2026-06-13',3,1003,'7 Stone Corner Plaza'),(695,'Ivett Hinrichs','ihinrichsja@vinaora.com',6455042050,6234614128,'2023-10-09','2025-10-09',2,1002,'078 Elgar Junction'),(696,'Christy Vicary','cvicaryjb@over-blog.com',8214444144,6234614129,'2023-10-21','2024-10-21',1,1001,'5600 Dayton Court'),(697,'Tamarah Lange','tlangejc@discovery.com',821261061,6234614130,'2023-08-04','2024-08-04',1,1003,'622 Mccormick Pass'),(698,'Theressa Henriksson','thenrikssonjd@uol.com.br',6813000470,6234614131,'2023-08-26','2026-08-26',3,1001,'06395 Delaware Terrace'),(699,'Alberik Kyte','akyteje@flickr.com',7100082293,6234614132,'2023-07-18','2025-07-18',2,1002,'02718 Rockefeller Way'),(700,'Stafani Dougal','sdougaljf@people.com.cn',3814517393,6234614133,'2024-01-19','2026-01-19',2,1000,'415 Village Green Way'),(701,'Dosi Crosier','dcrosierjg@huffingtonpost.com',3112515455,6234614134,'2023-08-25','2024-08-25',1,1003,'89 Fuller Court'),(702,'Bennett Dellow','bdellowjh@samsung.com',1113353511,6234614135,'2023-12-21','2026-12-21',3,1002,'1 Drewry Alley'),(703,'Daryle MacLaren','dmaclarenji@usgs.gov',4860810201,6234614136,'2024-01-10','2026-01-10',2,1001,'67 Village Court'),(704,'Jodee Hassekl','jhassekljj@opensource.org',7001626031,6234614137,'2023-08-20','2026-08-20',3,1000,'61060 Sunbrook Park'),(705,'Agatha Norvel','anorveljk@biglobe.ne.jp',4069943269,6234614138,'2023-10-17','2024-10-17',1,1002,'8315 Golf View Parkway'),(706,'Alyssa Neiland','aneilandjl@cocolog-nifty.com',1195194455,6234614139,'2023-09-04','2024-09-04',1,1000,'30 Kings Crossing'),(707,'Ronny Bruckent','rbruckentjm@constantcontact.com',3006020456,6234614140,'2023-12-08','2025-12-08',2,1003,'1652 Westerfield Terrace'),(708,'Kass Couves','kcouvesjn@homestead.com',9732008350,6234614141,'2023-08-18','2026-08-18',3,1001,'05168 Killdeer Place'),(709,'Ailbert Spottswood','aspottswoodjo@ehow.com',1514440717,6234614142,'2023-09-21','2025-09-21',2,1002,'77 Anniversary Park'),(710,'Dorothee Exter','dexterjp@elpais.com',9804689545,6234614143,'2023-11-23','2024-11-23',1,1003,'6950 Monument Trail'),(711,'Meggy Thorley','mthorleyjq@wiley.com',3002102946,6234614144,'2023-11-05','2026-11-05',3,1001,'258 Bunting Street'),(712,'Holt Wickham','hwickhamjr@purevolume.com',5736817810,6234614145,'2023-07-10','2026-07-10',3,1000,'31361 Bluestem Avenue'),(713,'Hayes Langran','hlangranjs@furl.net',1816194107,6234614146,'2023-08-10','2025-08-10',2,1003,'1562 Oneill Circle'),(714,'Filippo Haquin','fhaquinjt@rambler.ru',14660350,6234614147,'2023-09-14','2024-09-14',1,1002,'098 Pennsylvania Junction'),(715,'Carine Cannon','ccannonju@narod.ru',1064539424,6234614148,'2023-07-18','2026-07-18',3,1001,'4210 Dunning Plaza'),(716,'Elbertine Mallion','emallionjv@loc.gov',1365031470,6234614149,'2024-01-17','2025-01-17',1,1000,'831 Mendota Hill'),(717,'Emmie Bownas','ebownasjw@jimdo.com',9541313590,6234614150,'2024-02-06','2026-02-06',2,1003,'41733 Service Parkway'),(718,'Obediah Wicklen','owicklenjx@bluehost.com',5277020861,6234614151,'2023-09-28','2026-09-28',3,1000,'596 Petterle Pass'),(719,'Alexi Irdale','airdalejy@nytimes.com',8090207758,6234614152,'2023-12-26','2025-12-26',2,1001,'2 Donald Park'),(720,'Jaime Telfer','jtelferjz@stumbleupon.com',1000891372,6234614153,'2024-01-15','2025-01-15',1,1002,'6976 Sage Street'),(721,'Fin Sarjeant','fsarjeantk0@virginia.edu',2071861590,6234614154,'2023-09-24','2024-09-24',1,1002,'944 Mifflin Road'),(722,'Antin Coull','acoullk1@hexun.com',4517957705,6234614155,'2023-09-14','2025-09-14',2,1001,'831 Eggendart Lane'),(723,'Aurthur Siret','asiretk2@state.tx.us',5633313194,6234614156,'2023-10-16','2026-10-16',3,1000,'4427 Elgar Pass'),(724,'Paula McTurley','pmcturleyk3@netvibes.com',8926894118,6234614157,'2023-12-20','2025-12-20',2,1003,'2062 Orin Center'),(725,'Earle Delacote','edelacotek4@cafepress.com',4406600612,6234614158,'2023-09-22','2024-09-22',1,1002,'85 Carey Plaza'),(726,'Gerti Block','gblockk5@economist.com',684182769,6234614159,'2023-08-29','2026-08-29',3,1000,'542 Novick Plaza'),(727,'Cornie Beves','cbevesk6@so-net.ne.jp',6446688687,6234614160,'2023-07-11','2026-07-11',3,1001,'382 Forster Parkway'),(728,'Flin Wayvill','fwayvillk7@pen.io',1889549975,6234614161,'2023-11-17','2024-11-17',1,1003,'639 Farmco Terrace'),(729,'Ileane Jonk','ijonkk8@godaddy.com',9123491809,6234614162,'2023-10-15','2025-10-15',2,1002,'56261 Judy Pass'),(730,'Claudetta Argontt','cargonttk9@aol.com',8104071769,6234614163,'2023-11-13','2025-11-13',2,1003,'8 Clove Circle'),(731,'Nissa Trayte','ntrayteka@soundcloud.com',3962044582,6234614164,'2024-01-11','2027-01-11',3,1000,'990 Maple Junction'),(732,'Hubey Billinge','hbillingekb@wordpress.org',150796021,6234614165,'2023-07-09','2024-07-09',1,1001,'87773 Sullivan Court'),(733,'Kit Casino','kcasinokc@boston.com',191922080,6234614166,'2023-10-14','2025-10-14',2,1001,'6 Schiller Street'),(734,'Violante Matuschek','vmatuschekkd@tripod.com',792415574,6234614167,'2024-02-09','2027-02-09',3,1002,'82 Brown Plaza'),(735,'Liana Redgrave','lredgraveke@goo.ne.jp',5113848964,6234614168,'2023-08-22','2024-08-22',1,1000,'233 Marquette Street'),(736,'Eric Robinette','erobinettekf@artisteer.com',6448893210,6234614169,'2023-07-05','2026-07-05',3,1003,'770 Loomis Crossing'),(737,'Ettore Paternoster','epaternosterkg@kickstarter.com',5395350098,6234614170,'2023-08-25','2025-08-25',2,1002,'73 Bay Alley'),(738,'Dasha Szymonowicz','dszymonowiczkh@purevolume.com',3593033666,6234614171,'2023-08-22','2024-08-22',1,1000,'406 Portage Trail'),(739,'Stormy Roderigo','sroderigoki@telegraph.co.uk',8633773686,6234614172,'2023-07-17','2024-07-17',1,1003,'738 Vermont Court'),(740,'Cristobal MacSkeagan','cmacskeagankj@comsenz.com',2599238269,6234614173,'2023-08-31','2025-08-31',2,1001,'9817 Lukken Pass'),(741,'Mortie Rabson','mrabsonkk@mysql.com',5181913407,6234614174,'2024-01-22','2027-01-22',3,1001,'93 Johnson Parkway'),(742,'Sarine Orable','sorablekl@reddit.com',5540367588,6234614175,'2024-02-04','2027-02-04',3,1003,'4 Fallview Center'),(743,'Hewe Vaines','hvaineskm@ft.com',5508530037,6234614176,'2023-08-01','2024-08-01',1,1000,'8460 Paget Lane'),(744,'Porter Skilling','pskillingkn@oracle.com',5765499597,6234614177,'2023-09-29','2025-09-29',2,1002,'36 Cherokee Lane'),(745,'Roslyn McLarens','rmclarensko@flickr.com',1799291367,6234614178,'2023-10-22','2024-10-22',1,1002,'677 Hermina Park'),(746,'Jacquelyn Drust','jdrustkp@uiuc.edu',5011034801,6234614179,'2023-06-29','2025-06-29',2,1000,'9498 Morningstar Avenue'),(747,'Justine Edie','jediekq@reference.com',9485349475,6234614180,'2024-01-25','2027-01-25',3,1001,'149 Buell Pass'),(748,'Liliane Allington','lallingtonkr@oracle.com',8217176663,6234614181,'2023-10-02','2026-10-02',3,1003,'2 Farragut Crossing'),(749,'Hartwell Tidder','htidderks@google.es',4037740842,6234614182,'2023-12-28','2025-12-28',2,1002,'7632 Truax Place'),(750,'Tiffi Wollen','twollenkt@wiley.com',369633040,6234614183,'2023-08-24','2024-08-24',1,1000,'2 Hoffman Road'),(751,'Cooper Darlington','cdarlingtonku@google.com.br',8120080246,6234614184,'2023-09-01','2025-09-01',2,1003,'99 Chinook Park'),(752,'Bartholomeus Jossum','bjossumkv@feedburner.com',8915371631,6234614185,'2023-06-28','2026-06-28',3,1001,'48 Kipling Junction'),(753,'Homer Mawby','hmawbykw@multiply.com',9710701533,6234614186,'2023-11-24','2024-11-24',1,1003,'45 Marcy Hill'),(754,'Dorolice Wardesworth','dwardesworthkx@bloomberg.com',5366500532,6234614187,'2023-11-12','2026-11-12',3,1001,'07 Melby Point'),(755,'Ban McMurrugh','bmcmurrughky@amazon.de',3734403308,6234614188,'2024-01-09','2026-01-09',2,1002,'036 Vera Avenue'),(756,'Friederike Tukely','ftukelykz@smugmug.com',9623876106,6234614189,'2023-12-01','2024-12-01',1,1000,'849 Shasta Drive'),(757,'Felipe Livesay','flivesayl0@addtoany.com',6008076672,6234614190,'2023-06-04','2024-06-04',1,1002,'50322 Oneill Park'),(758,'Fraser Hatto','fhattol1@myspace.com',1176522353,6234614191,'2023-08-16','2026-08-16',3,1001,'53691 Hanover Place'),(759,'Yvonne Leese','yleesel2@github.com',2639152297,6234614192,'2024-01-18','2026-01-18',2,1000,'28118 Redwing Crossing'),(760,'Valina McClymont','vmcclymontl3@economist.com',8810261593,6234614193,'2023-11-14','2024-11-14',1,1003,'38 Barnett Parkway'),(761,'Rodd Tigner','rtignerl4@wordpress.org',7071809666,6234614194,'2023-08-10','2025-08-10',2,1002,'8 Corscot Circle'),(762,'Mildrid Northedge','mnorthedgel5@deviantart.com',3921677351,6234614195,'2023-09-13','2026-09-13',3,1001,'6 Calypso Park'),(763,'Lodovico Trosdall','ltrosdalll6@redcross.org',1571075461,6234614196,'2023-12-05','2026-12-05',3,1003,'47540 Pearson Court'),(764,'Ty Laughlin','tlaughlinl7@irs.gov',5370489262,6234614197,'2023-12-05','2025-12-05',2,1000,'359 Colorado Way'),(765,'Davin Oglesbee','doglesbeel8@nsw.gov.au',4194033930,6234614198,'2023-07-18','2024-07-18',1,1003,'34 Lerdahl Point'),(766,'Tobias Riccioppo','triccioppol9@amazon.com',2004440430,6234614199,'2024-01-15','2027-01-15',3,1000,'4155 Veith Terrace'),(767,'Corena Kloser','ckloserla@springer.com',4985736252,6234614200,'2023-07-30','2024-07-30',1,1001,'264 Monument Lane'),(768,'Jocelin Yakob','jyakoblb@cmu.edu',7526766537,6234614201,'2023-09-29','2025-09-29',2,1002,'571 Fuller Drive'),(769,'Fiorenze Torr','ftorrlc@is.gd',5491561487,6234614202,'2023-07-18','2026-07-18',3,1000,'243 Mcguire Drive'),(770,'Gerard McLucky','gmcluckyld@canalblog.com',1217292306,6234614203,'2023-10-12','2025-10-12',2,1001,'774 Northwestern Way'),(771,'Cory Zellner','czellnerle@squarespace.com',4432459247,6234614204,'2023-11-06','2024-11-06',1,1002,'43 Dahle Hill'),(772,'Collie Beebee','cbeebeelf@dailymail.co.uk',1907658718,6234614205,'2024-01-20','2026-01-20',2,1003,'12 Bunting Avenue'),(773,'Iggy Bakesef','ibakeseflg@github.io',6496483868,6234614206,'2023-12-14','2026-12-14',3,1002,'03 Moland Court'),(774,'Zachery Fidoe','zfidoelh@ted.com',5885865353,6234614207,'2023-07-20','2024-07-20',1,1000,'71 Summerview Circle'),(775,'Christian Torrisi','ctorrisili@illinois.edu',8277825072,6234614208,'2024-01-21','2026-01-21',2,1001,'2947 Hazelcrest Court'),(776,'Justino Real','jreallj@businessinsider.com',6620796575,6234614209,'2023-08-07','2026-08-07',3,1003,'528 Anderson Pass'),(777,'Umeko Tallyn','utallynlk@bizjournals.com',5207471201,6234614210,'2023-10-03','2024-10-03',1,1002,'932 Mitchell Drive'),(778,'Toiboid Ertel','tertelll@huffingtonpost.com',5599138658,6234614211,'2023-06-05','2025-06-05',2,1000,'6 Pawling Pass'),(779,'Alli Singers','asingerslm@earthlink.net',8346514956,6234614212,'2023-11-18','2026-11-18',3,1003,'23620 Packers Parkway'),(780,'Rockie Blakeney','rblakeneyln@addthis.com',3085334009,6234614213,'2023-08-07','2024-08-07',1,1001,'22014 Kings Avenue'),(781,'Erina Rahlof','erahloflo@vistaprint.com',957017189,6234614214,'2023-12-11','2024-12-11',1,1002,'4 Burning Wood Court'),(782,'Desmund Woolford','dwoolfordlp@skyrock.com',2145001158,6234614215,'2023-08-29','2026-08-29',3,1000,'47 2nd Way'),(783,'Onfroi Banstead','obansteadlq@newsvine.com',8261599469,6234614216,'2023-11-29','2025-11-29',2,1003,'6866 Loftsgordon Lane'),(784,'Kaile How','khowlr@xrea.com',9552399661,6234614217,'2024-02-08','2027-02-08',3,1001,'93 Artisan Alley'),(785,'Marena Michal','mmichalls@webnode.com',636315428,6234614218,'2024-01-22','2026-01-22',2,1000,'334 School Court'),(786,'Kienan Liddard','kliddardlt@bbc.co.uk',3883222402,6234614219,'2023-12-06','2024-12-06',1,1003,'08 Loeprich Point'),(787,'Rosene Kleinsinger','rkleinsingerlu@mac.com',8026211359,6234614220,'2023-11-01','2024-11-01',1,1001,'59 Merchant Center'),(788,'Dewey Dayborne','ddaybornelv@imdb.com',244071187,6234614221,'2023-11-07','2026-11-07',3,1002,'76 Stone Corner Court'),(789,'Alford Batts','abattslw@twitpic.com',8185657319,6234614222,'2023-09-15','2025-09-15',2,1000,'10567 Mallard Avenue'),(790,'Bondy Antal','bantallx@1688.com',4112542178,6234614223,'2023-08-27','2024-08-27',1,1001,'2 Buhler Crossing'),(791,'Isiahi Adkin','iadkinly@cargocollective.com',7127794073,6234614224,'2023-11-27','2026-11-27',3,1003,'987 Monica Drive'),(792,'Margette Gordge','mgordgelz@salon.com',1985786818,6234614225,'2023-11-23','2025-11-23',2,1002,'084 Sommers Place'),(793,'Del Harral','dharralm0@liveinternet.ru',6898727036,6234614226,'2023-06-23','2026-06-23',3,1002,'2422 6th Pass'),(794,'Rip Mahony','rmahonym1@ucla.edu',7074477540,6234614227,'2023-11-28','2024-11-28',1,1000,'1 Roxbury Avenue'),(795,'Karylin Veare','kvearem2@toplist.cz',2222890098,6234614228,'2024-02-07','2026-02-07',2,1001,'38 Nelson Alley'),(796,'Abby Tees','ateesm3@hao123.com',6813621149,6234614229,'2023-11-15','2025-11-15',2,1003,'13226 Memorial Pass'),(797,'Sheilah Frances','sfrancesm4@unblog.fr',1056057564,6234614230,'2023-06-13','2026-06-13',3,1002,'83 Arizona Drive'),(798,'Ulrike Dansie','udansiem5@purevolume.com',903475944,6234614231,'2024-01-31','2025-01-31',1,1001,'716 Hovde Lane'),(799,'Romy Snelson','rsnelsonm6@fc2.com',2827433540,6234614232,'2023-09-09','2026-09-09',3,1000,'9 Ridgeway Court'),(800,'Averyl Bernardon','abernardonm7@ask.com',9203904328,6234614233,'2023-10-25','2025-10-25',2,1003,'7 Steensland Center'),(801,'Elora Ronayne','eronaynem8@tuttocitta.it',2300072629,6234614234,'2023-12-06','2024-12-06',1,1000,'60 North Parkway'),(802,'Spense Dunthorn','sdunthornm9@yandex.ru',1809897416,6234614235,'2023-11-10','2025-11-10',2,1003,'05771 Glendale Lane'),(803,'Kahaleel Ion','kionma@walmart.com',3316849777,6234614236,'2023-11-30','2026-11-30',3,1001,'6173 Browning Center'),(804,'Dianemarie Rackham','drackhammb@tamu.edu',9782486256,6234614237,'2023-09-11','2024-09-11',1,1002,'93 Reinke Hill'),(805,'Karyn Crathern','kcrathernmc@mac.com',1671599020,6234614238,'2023-09-02','2026-09-02',3,1000,'3759 Reindahl Center'),(806,'Calla Tidbald','ctidbaldmd@pagesperso-orange.fr',7435927740,6234614239,'2023-08-07','2024-08-07',1,1002,'70967 Scoville Lane'),(807,'Archibold Spaldin','aspaldinme@zimbio.com',3747035922,6234614240,'2023-07-10','2025-07-10',2,1001,'3152 Southridge Street'),(808,'Georgeanne Carthew','gcarthewmf@posterous.com',1681270102,6234614241,'2023-10-12','2026-10-12',3,1003,'23 North Pass'),(809,'Bianca Broomfield','bbroomfieldmg@geocities.com',590587617,6234614242,'2023-06-28','2024-06-28',1,1001,'47737 Porter Park'),(810,'Faunie Gheraldi','fgheraldimh@washington.edu',8572067116,6234614243,'2023-08-06','2025-08-06',2,1003,'74147 Vermont Avenue'),(811,'Bartie Casley','bcasleymi@chicagotribune.com',8584738738,6234614244,'2023-09-06','2024-09-06',1,1000,'908 Morrow Way'),(812,'Pascale Storah','pstorahmj@wp.com',7871233904,6234614245,'2024-01-07','2026-01-07',2,1002,'41064 5th Junction'),(813,'Oneida Prozillo','oprozillomk@census.gov',2566584044,6234614246,'2024-01-24','2027-01-24',3,1000,'793 Kipling Park'),(814,'Ellswerth Cardoe','ecardoeml@huffingtonpost.com',8687691076,6234614247,'2023-08-23','2026-08-23',3,1001,'22892 Ludington Point'),(815,'Malissa Checchetelli','mchecchetellimm@plala.or.jp',4842889624,6234614248,'2023-10-22','2024-10-22',1,1003,'081 Dayton Drive'),(816,'Keane Capaldi','kcapaldimn@auda.org.au',5238899475,6234614249,'2023-08-12','2025-08-12',2,1002,'59 Clove Trail'),(817,'Dru Henzer','dhenzermo@cloudflare.com',8789583361,6234614250,'2023-06-19','2025-06-19',2,1002,'316 Glendale Junction'),(818,'Tripp Linacre','tlinacremp@disqus.com',4875896123,6234614251,'2023-12-21','2026-12-21',3,1003,'15783 Oakridge Parkway'),(819,'Coretta Petrollo','cpetrollomq@psu.edu',6328887779,6234614252,'2023-06-11','2024-06-11',1,1001,'093 Prentice Crossing'),(820,'Bernard Dabbes','bdabbesmr@google.es',6513990742,6234614253,'2024-01-04','2026-01-04',2,1000,'000 Talmadge Lane'),(821,'Keane Rupel','krupelms@google.ca',3919727347,6234614254,'2024-01-20','2027-01-20',3,1003,'5442 1st Park'),(822,'Lombard Pietsma','lpietsmamt@youtu.be',1368143431,6234614255,'2023-08-01','2024-08-01',1,1000,'12472 Lindbergh Terrace'),(823,'Chris Priestnall','cpriestnallmu@newsvine.com',4914317494,6234614256,'2023-08-16','2026-08-16',3,1001,'301 Oak Valley Place'),(824,'Calli Norway','cnorwaymv@artisteer.com',6709630161,6234614257,'2024-01-01','2025-01-01',1,1002,'15006 Hanson Avenue'),(825,'Jocelin Rye','jryemw@nbcnews.com',6432289157,6234614258,'2023-07-15','2025-07-15',2,1001,'89048 Pleasure Way'),(826,'Mauricio Danzelman','mdanzelmanmx@sakura.ne.jp',3929313642,6234614259,'2023-11-08','2025-11-08',2,1000,'9 Northland Park'),(827,'Tuckie Lewson','tlewsonmy@answers.com',6574844177,6234614260,'2024-01-15','2025-01-15',1,1002,'866 Green Center'),(828,'Lothario Chretien','lchretienmz@statcounter.com',8210549855,6234614261,'2023-12-27','2026-12-27',3,1003,'6 Carey Pass'),(829,'Cirillo Brailey','cbraileyn0@creativecommons.org',500915490,6234614262,'2023-10-02','2026-10-02',3,1001,'914 Caliangt Drive'),(830,'Roma Duley','rduleyn1@time.com',8768634889,6234614263,'2023-11-06','2025-11-06',2,1002,'2 John Wall Trail'),(831,'Courtnay Finlason','cfinlasonn2@ask.com',1423020596,6234614264,'2023-08-29','2024-08-29',1,1000,'1521 Basil Pass'),(832,'Maggi Stroder','mstrodern3@ycombinator.com',343327376,6234614265,'2024-01-04','2026-01-04',2,1003,'24515 Warrior Parkway'),(833,'Thea Besnard','tbesnardn4@chronoengine.com',3279651425,6234614266,'2024-02-02','2025-02-02',1,1001,'4 Pepper Wood Hill'),(834,'Michel Tumility','mtumilityn5@nih.gov',266461794,6234614267,'2023-06-30','2026-06-30',3,1003,'8 Elgar Road'),(835,'Robin Blucher','rbluchern6@discovery.com',1382639422,6234614268,'2023-06-09','2026-06-09',3,1002,'1464 Stephen Center'),(836,'Celine Talman','ctalmann7@ocn.ne.jp',3602836983,6234614269,'2023-06-10','2025-06-10',2,1000,'5072 Maple Wood Place'),(837,'Selestina Brant','sbrantn8@barnesandnoble.com',6534376806,6234614270,'2023-10-30','2024-10-30',1,1003,'712 Reindahl Way'),(838,'Rudolf Agglione','ragglionen9@state.tx.us',3204098605,6234614271,'2023-06-21','2024-06-21',1,1002,'938 Derek Parkway'),(839,'Clarance Saiz','csaizna@theguardian.com',8267009825,6234614272,'2023-07-20','2026-07-20',3,1001,'39 Oak Court'),(840,'Marion Signorelli','msignorellinb@auda.org.au',5915781217,6234614273,'2023-11-20','2025-11-20',2,1000,'5584 Tomscot Road'),(841,'Christabella Giddens','cgiddensnc@jugem.jp',5297786991,6234614274,'2023-07-24','2026-07-24',3,1000,'366 Rowland Court'),(842,'Mamie Beveredge','mbeveredgend@mysql.com',808463187,6234614275,'2023-06-30','2025-06-30',2,1002,'3 La Follette Hill'),(843,'Lauren Village','lvillagene@domainmarket.com',8324994319,6234614276,'2023-08-17','2024-08-17',1,1003,'82 Rowland Center'),(844,'Briano Brocklebank','bbrocklebanknf@telegraph.co.uk',4243137544,6234614277,'2023-12-25','2024-12-25',1,1001,'87 Fordem Way'),(845,'Markos Tompkin','mtompkinng@wisc.edu',8644545388,6234614278,'2024-01-17','2027-01-17',3,1001,'3 Killdeer Plaza'),(846,'Bobbie Tuffin','btuffinnh@sbwire.com',1132691710,6234614279,'2023-12-31','2025-12-31',2,1000,'81749 Blue Bill Park Point'),(847,'Caddric Grewer','cgrewerni@ifeng.com',1816235121,6234614280,'2023-06-18','2026-06-18',3,1002,'0 Doe Crossing Pass'),(848,'Maggie Slidders','msliddersnj@deviantart.com',2658651562,6234614281,'2023-10-02','2025-10-02',2,1003,'7 Chive Street'),(849,'Stoddard Keld','skeldnk@nih.gov',4821774879,6234614282,'2023-12-09','2024-12-09',1,1003,'4654 Rieder Circle'),(850,'Lexi Izard','lizardnl@forbes.com',3278644352,6234614283,'2023-08-09','2024-08-09',1,1000,'5886 Oneill Park'),(851,'Brenn Pawlaczyk','bpawlaczyknm@sciencedirect.com',4046946113,6234614284,'2023-08-07','2025-08-07',2,1001,'25 Bunker Hill Terrace'),(852,'Ferne Pollicote','fpollicotenn@oracle.com',9043596388,6234614285,'2024-01-03','2027-01-03',3,1002,'3 Lukken Center'),(853,'Patrice Markel','pmarkelno@usgs.gov',7870581151,6234614286,'2023-09-19','2025-09-19',2,1000,'94 Claremont Street'),(854,'Jacinda Huggen','jhuggennp@360.cn',4071806591,6234614287,'2023-06-11','2024-06-11',1,1001,'859 Declaration Terrace'),(855,'Jo-ann Rubenchik','jrubenchiknq@fc2.com',1435321685,6234614288,'2024-01-22','2027-01-22',3,1003,'2474 Bartillon Place'),(856,'Lazarus Millhill','lmillhillnr@infoseek.co.jp',9591565291,6234614289,'2023-06-14','2024-06-14',1,1002,'3 Vahlen Street'),(857,'Case Sivorn','csivornns@over-blog.com',5488191909,6234614290,'2023-07-03','2025-07-03',2,1003,'1 Pearson Place'),(858,'Dougie Chivrall','dchivrallnt@independent.co.uk',4568697433,6234614291,'2023-10-07','2026-10-07',3,1001,'2384 Forest Alley'),(859,'Eileen Hidderley','ehidderleynu@skype.com',6818014852,6234614292,'2024-01-30','2027-01-30',3,1002,'095 Dorton Point'),(860,'Vidovic Polkinhorn','vpolkinhornnv@sina.com.cn',93269951,6234614293,'2023-11-11','2025-11-11',2,1000,'0 Di Loreto Way'),(861,'Kristofer MacVean','kmacveannw@columbia.edu',2100419234,6234614294,'2024-01-02','2025-01-02',1,1001,'6229 Fieldstone Avenue'),(862,'Sibbie Gobel','sgobelnx@unc.edu',7349084749,6234614295,'2023-09-28','2026-09-28',3,1002,'7 Troy Avenue'),(863,'Shanda Frary','sfraryny@opensource.org',6049091838,6234614296,'2023-07-18','2025-07-18',2,1000,'96 Alpine Crossing'),(864,'Barbey Guilloton','bguillotonnz@japanpost.jp',1861177623,6234614297,'2023-06-16','2024-06-16',1,1003,'998 Kropf Way'),(865,'Paddie Annetts','pannettso0@symantec.com',6942548200,6234614298,'2023-11-11','2026-11-11',3,1002,'36 Hollow Ridge Avenue'),(866,'Berta Premble','bprembleo1@purevolume.com',4749614742,6234614299,'2023-09-30','2025-09-30',2,1000,'7301 East Terrace'),(867,'Jeanine Crips','jcripso2@sciencedirect.com',5270634600,6234614300,'2023-06-06','2024-06-06',1,1003,'013 Loftsgordon Drive'),(868,'Mirabel Marshallsay','mmarshallsayo3@seattletimes.com',4866833793,6234614301,'2023-12-08','2026-12-08',3,1001,'9 American Hill'),(869,'Marlow McGaughay','mmcgaughayo4@slate.com',3316243577,6234614302,'2023-09-19','2025-09-19',2,1002,'14014 Westridge Drive'),(870,'Sher Ianizzi','sianizzio5@fastcompany.com',7496354600,6234614303,'2024-01-24','2025-01-24',1,1001,'04 Fairfield Pass'),(871,'Beret Andress','bandresso6@spiegel.de',9859785856,6234614304,'2023-07-25','2025-07-25',2,1000,'18 David Alley'),(872,'Burke Meiklejohn','bmeiklejohno7@time.com',6023535461,6234614305,'2023-07-11','2026-07-11',3,1003,'27891 Schurz Crossing'),(873,'Gunther Panther','gpanthero8@pinterest.com',4526387134,6234614306,'2023-07-21','2024-07-21',1,1003,'183 Corry Park'),(874,'Antonius Cowwell','acowwello9@wunderground.com',2997841860,6234614307,'2023-12-20','2024-12-20',1,1001,'93 Homewood Lane'),(875,'Davina Orton','dortonoa@scribd.com',3015907522,6234614308,'2023-09-21','2025-09-21',2,1002,'11703 Warrior Pass'),(876,'Estrella Mangion','emangionob@engadget.com',7441953286,6234614309,'2023-12-14','2026-12-14',3,1000,'5858 Riverside Way'),(877,'Henrietta Finlay','hfinlayoc@princeton.edu',626294258,6234614310,'2023-12-14','2026-12-14',3,1001,'48 Grim Pass'),(878,'Carly McCarver','cmccarverod@friendfeed.com',1444282697,6234614311,'2023-09-10','2024-09-10',1,1000,'22 Marquette Terrace'),(879,'Archy Edds','aeddsoe@dropbox.com',8957646868,6234614312,'2023-07-07','2025-07-07',2,1003,'919 Riverside Crossing'),(880,'Neile Mullinder','nmullinderof@guardian.co.uk',6751172508,6234614313,'2023-10-09','2026-10-09',3,1002,'5357 Pennsylvania Road'),(881,'Tamma Ivchenko','tivchenkoog@furl.net',2884351329,6234614314,'2024-01-11','2025-01-11',1,1001,'29989 Lakewood Center'),(882,'Dugald Staziker','dstazikeroh@hatena.ne.jp',8141982990,6234614315,'2023-07-24','2025-07-24',2,1002,'41 Canary Hill'),(883,'Guinevere Branch','gbranchoi@dion.ne.jp',8221918881,6234614316,'2023-12-15','2026-12-15',3,1000,'62 Roxbury Way'),(884,'Benoite Kille','bkilleoj@unesco.org',2938195583,6234614317,'2023-10-05','2024-10-05',1,1003,'81477 Johnson Court'),(885,'Vasily Fagence','vfagenceok@npr.org',7416701813,6234614318,'2023-08-13','2025-08-13',2,1003,'9 Sugar Plaza'),(886,'Nicolette Addicote','naddicoteol@phoca.cz',1928918778,6234614319,'2023-12-04','2024-12-04',1,1002,'679 4th Park'),(887,'Marsh Dressel','mdresselom@fotki.com',2712160657,6234614320,'2023-09-25','2025-09-25',2,1000,'87640 Granby Point'),(888,'Tiffani Mehaffey','tmehaffeyon@wikispaces.com',3839012473,6234614321,'2023-07-05','2026-07-05',3,1001,'3207 East Pass'),(889,'Marga Beaufoy','mbeaufoyoo@tinyurl.com',7646037710,6234614322,'2023-12-05','2024-12-05',1,1001,'42004 Dapin Avenue'),(890,'Tammi Pidgen','tpidgenop@alibaba.com',4917064023,6234614323,'2023-08-16','2026-08-16',3,1002,'49282 Armistice Pass'),(891,'Kerwin Lavelle','klavelleoq@addthis.com',9841841797,6234614324,'2023-07-08','2025-07-08',2,1000,'934 Washington Parkway'),(892,'Abbie Wolfer','awolferor@howstuffworks.com',8440454171,6234614325,'2023-11-03','2024-11-03',1,1003,'7930 Vermont Parkway'),(893,'Andeee Middlehurst','amiddlehurstos@shop-pro.jp',6707729101,6234614326,'2023-12-18','2026-12-18',3,1002,'22 Hauk Drive'),(894,'Yancey Silk','ysilkot@about.me',1521812578,6234614327,'2024-02-10','2026-02-10',2,1001,'376 Westerfield Park'),(895,'Elroy Krysiak','ekrysiakou@skyrock.com',9598808769,6234614328,'2023-10-28','2025-10-28',2,1003,'62630 Maple Terrace'),(896,'Errol Perazzo','eperazzoov@aol.com',9728639740,6234614329,'2023-07-30','2026-07-30',3,1000,'8448 Thierer Circle'),(897,'Kacie Dawtre','kdawtreow@loc.gov',2188006577,6234614330,'2023-10-02','2024-10-02',1,1003,'5888 Bobwhite Street'),(898,'Che Forsyde','cforsydeox@weebly.com',9867802845,6234614331,'2024-02-05','2027-02-05',3,1000,'99244 Ohio Way'),(899,'Vitoria Shout','vshoutoy@blogspot.com',934411247,6234614332,'2023-11-21','2025-11-21',2,1001,'9 Pleasure Park'),(900,'Laraine Temperton','ltempertonoz@bloglines.com',6755493775,6234614333,'2023-07-31','2024-07-31',1,1002,'3 Transport Plaza'),(901,'Hattie Matuska','hmatuskap0@amazon.co.jp',9851228591,6234614334,'2023-10-09','2026-10-09',3,1003,'55 Bay Plaza'),(902,'Dana Rassell','drassellp1@harvard.edu',1757128654,6234614335,'2023-07-02','2024-07-02',1,1000,'9039 Westerfield Pass'),(903,'Barbie Trinder','btrinderp2@ameblo.jp',3579443852,6234614336,'2023-09-14','2025-09-14',2,1002,'97964 Logan Plaza'),(904,'Tildi MacNaughton','tmacnaughtonp3@admin.ch',5958222503,6234614337,'2023-12-10','2024-12-10',1,1001,'3150 Cardinal Junction'),(905,'Aili Eastcott','aeastcottp4@rambler.ru',6718842095,6234614338,'2023-06-28','2025-06-28',2,1001,'02663 Mesta Alley'),(906,'Pearline Vittel','pvittelp5@spiegel.de',4712478802,6234614339,'2023-12-24','2026-12-24',3,1003,'34 Garrison Parkway'),(907,'Phaidra Jirusek','pjirusekp6@cargocollective.com',23970383,6234614340,'2023-11-02','2025-11-02',2,1002,'10 Mockingbird Hill'),(908,'Morgun Bargery','mbargeryp7@youku.com',7254643910,6234614341,'2023-06-26','2024-06-26',1,1000,'42024 Debra Trail'),(909,'Clayborn Twidell','ctwidellp8@artisteer.com',1742920357,6234614342,'2023-10-22','2026-10-22',3,1001,'74423 Twin Pines Avenue'),(910,'Philomena Orrin','porrinp9@csmonitor.com',8576063786,6234614343,'2023-08-15','2024-08-15',1,1002,'62430 Buena Vista Road'),(911,'Ede Medley','emedleypa@weather.com',6120411208,6234614344,'2023-08-26','2026-08-26',3,1000,'53673 Ramsey Terrace'),(912,'Darnell Keymar','dkeymarpb@sina.com.cn',3330451203,6234614345,'2023-06-01','2025-06-01',2,1003,'171 Sugar Court'),(913,'Brandie McCuaig','bmccuaigpc@bandcamp.com',5184850368,6234614346,'2023-12-18','2025-12-18',2,1002,'81 Surrey Lane'),(914,'Obie Nealon','onealonpd@last.fm',2661894977,6234614347,'2023-08-20','2026-08-20',3,1000,'92 Kipling Road'),(915,'Shandee McCormick','smccormickpe@oakley.com',4656608874,6234614348,'2023-07-27','2024-07-27',1,1003,'57475 Coleman Way'),(916,'Aveline Walter','awalterpf@slashdot.org',1875854576,6234614349,'2023-09-13','2024-09-13',1,1001,'7 Armistice Point'),(917,'Cecil Falconar','cfalconarpg@unicef.org',5043040599,6234614350,'2023-12-21','2025-12-21',2,1001,'80357 Mifflin Road'),(918,'Lavena O\'Carran','locarranph@mediafire.com',3780579448,6234614351,'2023-12-15','2026-12-15',3,1002,'37 Oneill Plaza'),(919,'Whitman Lemmers','wlemmerspi@cbc.ca',1260456196,6234614352,'2023-10-20','2024-10-20',1,1000,'19532 Charing Cross Pass'),(920,'Heidi Macer','hmacerpj@wix.com',3943286495,6234614353,'2023-06-22','2026-06-22',3,1003,'84 Aberg Trail'),(921,'Gearalt Brognot','gbrognotpk@time.com',943220580,6234614354,'2023-06-15','2025-06-15',2,1001,'859 Surrey Circle'),(922,'Fredericka Feige','ffeigepl@soundcloud.com',948111887,6234614355,'2023-11-20','2025-11-20',2,1002,'99310 Gulseth Parkway'),(923,'Lettie Redhills','lredhillspm@tripod.com',5780864535,6234614356,'2023-11-23','2024-11-23',1,1003,'2 Stoughton Way'),(924,'Natasha Burchill','nburchillpn@chron.com',2395634913,6234614357,'2023-09-23','2026-09-23',3,1000,'3693 Kinsman Hill'),(925,'Beret Piscotti','bpiscottipo@chicagotribune.com',5825348131,6234614358,'2024-01-27','2026-01-27',2,1001,'26 Mendota Parkway'),(926,'Camille Coners','cconerspp@newsvine.com',2822623945,6234614359,'2023-12-11','2024-12-11',1,1002,'460 Vermont Center'),(927,'Franky Pay','fpaypq@weather.com',449523713,6234614360,'2024-01-14','2027-01-14',3,1003,'56 Maple Wood Trail'),(928,'Yelena Sandes','ysandespr@slate.com',5718007160,6234614361,'2023-08-24','2025-08-24',2,1000,'14627 Farwell Parkway'),(929,'Odilia Benjafield','obenjafieldps@phoca.cz',4964590402,6234614362,'2023-12-31','2026-12-31',3,1001,'178 Golden Leaf Avenue'),(930,'Bridget Causon','bcausonpt@artisteer.com',2359744453,6234614363,'2023-07-24','2024-07-24',1,1000,'8 Namekagon Avenue'),(931,'Mikael Rutledge','mrutledgepu@imgur.com',1125883138,6234614364,'2023-06-13','2025-06-13',2,1003,'9078 Onsgard Hill'),(932,'Kendra Jaquemar','kjaquemarpv@jigsy.com',5030338462,6234614365,'2024-01-22','2025-01-22',1,1002,'26 Tomscot Circle'),(933,'Kelsey Formilli','kformillipw@cbc.ca',4755300088,6234614366,'2023-10-28','2026-10-28',3,1002,'969 Dakota Way'),(934,'Nick Di Dello','ndipx@last.fm',877716463,6234614367,'2023-08-02','2026-08-02',3,1001,'446 Prairieview Hill'),(935,'Lyon Shadbolt','lshadboltpy@hibu.com',3493702213,6234614368,'2023-07-27','2024-07-27',1,1000,'3 5th Center'),(936,'Cad Bantham','cbanthampz@walmart.com',4323393172,6234614369,'2023-06-14','2025-06-14',2,1003,'69 Moulton Center'),(937,'Fanya Grier','fgrierq0@accuweather.com',8286115031,6234614370,'2023-09-06','2024-09-06',1,1000,'086 East Crossing'),(938,'Mattheus Lansley','mlansleyq1@parallels.com',8997390058,6234614371,'2024-01-20','2027-01-20',3,1001,'57835 Clyde Gallagher Center'),(939,'Sheilakathryn Colyer','scolyerq2@ihg.com',9619269942,6234614372,'2024-01-22','2026-01-22',2,1003,'8230 Manitowish Hill'),(940,'Kattie Pollicote','kpollicoteq3@google.pl',286065053,6234614373,'2023-08-26','2026-08-26',3,1002,'8766 Crest Line Place'),(941,'Thomasina Moorerud','tmoorerudq4@nasa.gov',1367068770,6234614374,'2023-07-19','2025-07-19',2,1001,'823 Atwood Terrace'),(942,'Isadore McGaraghan','imcgaraghanq5@tmall.com',5322976213,6234614375,'2023-08-13','2024-08-13',1,1002,'722 Summer Ridge Parkway'),(943,'Darsie Lacroix','dlacroixq6@dmoz.org',7768587278,6234614376,'2023-12-08','2025-12-08',2,1000,'64319 David Park'),(944,'Dolley Hincks','dhincksq7@amazonaws.com',7653871593,6234614377,'2023-10-23','2026-10-23',3,1003,'115 Schmedeman Street'),(945,'Romola Nano','rnanoq8@dailymail.co.uk',4222706507,6234614378,'2023-09-17','2024-09-17',1,1003,'8408 Hanover Center'),(946,'Lita Bracknell','lbracknellq9@sohu.com',7208420068,6234614379,'2023-11-22','2025-11-22',2,1000,'6 Talmadge Way'),(947,'Ravi Steedman','rsteedmanqa@hhs.gov',9697127700,6234614380,'2023-09-26','2024-09-26',1,1001,'4258 Lakewood Court'),(948,'Webster Allawy','wallawyqb@apache.org',3436217034,6234614381,'2023-06-17','2026-06-17',3,1002,'8324 Barnett Terrace'),(949,'Tad Doulton','tdoultonqc@google.es',9535839802,6234614382,'2023-10-19','2024-10-19',1,1003,'778 Mitchell Alley'),(950,'Cheryl Kinloch','ckinlochqd@msn.com',9903332173,6234614383,'2023-09-09','2025-09-09',2,1000,'55637 Glacier Hill Junction'),(951,'Moises Robottham','mrobotthamqe@webmd.com',9902052665,6234614384,'2023-09-27','2026-09-27',3,1001,'95552 Autumn Leaf Point'),(952,'Izak Gianotti','igianottiqf@1688.com',2245937376,6234614385,'2023-08-11','2024-08-11',1,1002,'305 Village Green Crossing'),(953,'Bobinette Plumbe','bplumbeqg@tmall.com',8364618407,6234614386,'2023-08-20','2025-08-20',2,1001,'02 Monica Terrace'),(954,'Butch Mee','bmeeqh@nbcnews.com',2069031985,6234614387,'2023-07-29','2026-07-29',3,1000,'6 Manley Junction'),(955,'Sal Cregeen','scregeenqi@123-reg.co.uk',9605964414,6234614388,'2023-12-24','2025-12-24',2,1002,'328 Knutson Junction'),(956,'Amara Row','arowqj@joomla.org',3739254572,6234614389,'2023-10-07','2026-10-07',3,1003,'5826 Onsgard Pass'),(957,'Terry Bouts','tboutsqk@businesswire.com',1499516495,6234614390,'2023-11-26','2024-11-26',1,1002,'772 Farwell Circle'),(958,'Bondy Gotling','bgotlingql@altervista.org',3133419390,6234614391,'2023-07-20','2025-07-20',2,1003,'5378 Garrison Plaza'),(959,'Neal Caudelier','ncaudelierqm@oaic.gov.au',8775182726,6234614392,'2023-08-22','2026-08-22',3,1000,'20 Sommers Plaza'),(960,'Baxie Lyver','blyverqn@uol.com.br',9060187474,6234614393,'2023-12-16','2024-12-16',1,1001,'3888 Stang Park'),(961,'Ignacius Petchell','ipetchellqo@who.int',1599648733,6234614394,'2023-08-13','2026-08-13',3,1002,'2 Oak Court'),(962,'Pernell Dignan','pdignanqp@hugedomains.com',3477913574,6234614395,'2023-12-14','2025-12-14',2,1003,'312 Dapin Avenue'),(963,'Paulie Pharro','ppharroqq@privacy.gov.au',6490810204,6234614396,'2023-12-12','2024-12-12',1,1001,'55054 Heath Avenue'),(964,'Boothe Jillett','bjillettqr@cpanel.net',2656461197,6234614397,'2024-01-14','2026-01-14',2,1000,'19 Kennedy Park'),(965,'Issy Lindstedt','ilindstedtqs@aol.com',3782101316,6234614398,'2023-08-10','2026-08-10',3,1000,'71 Lawn Parkway'),(966,'Joceline de Pinna','jdeqt@wikispaces.com',6042215574,6234614399,'2023-09-07','2024-09-07',1,1001,'8226 Superior Street'),(967,'Hatti Cubitt','hcubittqu@nymag.com',1450809200,6234614400,'2023-06-25','2025-06-25',2,1003,'48439 Beilfuss Center'),(968,'Brooks Scullion','bscullionqv@e-recht24.de',8608102617,6234614401,'2023-10-26','2024-10-26',1,1002,'1854 Ilene Crossing'),(969,'Celestia Hatchett','chatchettqw@oaic.gov.au',5272530055,6234614402,'2023-12-22','2026-12-22',3,1002,'9 Coleman Park'),(970,'Rufus Reddish','rreddishqx@canalblog.com',2191542093,6234614403,'2023-06-21','2024-06-21',1,1003,'5376 Claremont Street'),(971,'Eadith Smeall','esmeallqy@home.pl',8977963885,6234614404,'2023-12-19','2026-12-19',3,1001,'82 Sundown Center'),(972,'Angel Fruchter','afruchterqz@arstechnica.com',2495643272,6234614405,'2023-09-30','2025-09-30',2,1000,'14048 Tomscot Terrace'),(973,'Carter Fance','cfancer0@tmall.com',9995438305,6234614406,'2023-09-02','2026-09-02',3,1002,'04632 Parkside Drive'),(974,'Mehetabel Bruckental','mbruckentalr1@about.me',1580431399,6234614407,'2023-09-02','2024-09-02',1,1001,'1 Kennedy Lane'),(975,'Shelley Tennison','stennisonr2@umich.edu',8210291769,6234614408,'2023-12-28','2025-12-28',2,1003,'09 Pleasure Drive'),(976,'Nikita Rounsivall','nrounsivallr3@wordpress.com',6615895749,6234614409,'2023-10-29','2024-10-29',1,1000,'630 Hanover Avenue'),(977,'Ray Finding','rfindingr4@usatoday.com',5508102752,6234614410,'2023-06-06','2025-06-06',2,1001,'5 Petterle Pass'),(978,'Weylin Lansdown','wlansdownr5@businessweek.com',4366885107,6234614411,'2023-09-28','2026-09-28',3,1000,'5012 Dapin Plaza'),(979,'Bette-ann Morris','bmorrisr6@mac.com',134451996,6234614412,'2023-06-21','2025-06-21',2,1003,'57 Kenwood Alley'),(980,'Pippa Knobell','pknobellr7@yandex.ru',6710430642,6234614413,'2023-11-19','2026-11-19',3,1002,'64 Fordem Place'),(981,'Mirabel Sive','msiver8@quantcast.com',7344199750,6234614414,'2023-07-03','2024-07-03',1,1002,'0345 Anderson Trail'),(982,'Meara McAuslene','mmcauslener9@slideshare.net',7166272414,6234614415,'2023-09-05','2024-09-05',1,1000,'5 Parkside Parkway'),(983,'Colleen Jopke','cjopkera@pbs.org',1026502063,6234614416,'2023-12-25','2026-12-25',3,1001,'2 Pierstorff Place'),(984,'Moses Ruffell','mruffellrb@ehow.com',3015746707,6234614417,'2024-01-31','2026-01-31',2,1003,'31 New Castle Place'),(985,'Cherry Stoak','cstoakrc@census.gov',8437361680,6234614418,'2023-06-15','2025-06-15',2,1001,'833 Sachs Drive'),(986,'Lucilia Emmitt','lemmittrd@amazon.co.uk',6447183643,6234614419,'2023-10-24','2024-10-24',1,1003,'092 Westport Crossing'),(987,'Kitty Scrinage','kscrinagere@eventbrite.com',5245069997,6234614420,'2023-06-28','2026-06-28',3,1000,'2503 Sycamore Alley'),(988,'Worthington Weth','wwethrf@cam.ac.uk',6596322890,6234614421,'2023-09-17','2026-09-17',3,1002,'5742 Boyd Point'),(989,'Candy Curnok','ccurnokrg@amazon.co.uk',2413054049,6234614422,'2023-09-30','2025-09-30',2,1002,'7915 Forest Run Lane'),(990,'Cara Perrin','cperrinrh@qq.com',4204222714,6234614423,'2023-06-30','2024-06-30',1,1003,'251 Upham Road'),(991,'Dody Brugger','dbruggerri@technorati.com',8928082617,6234614424,'2023-10-17','2025-10-17',2,1001,'60935 Buell Hill'),(992,'Obie Bartrum','obartrumrj@springer.com',3507837404,6234614425,'2023-11-21','2026-11-21',3,1000,'0 Loomis Way'),(993,'Lesley Pattesall','lpattesallrk@unblog.fr',7758297560,6234614426,'2023-10-10','2024-10-10',1,1001,'45 La Follette Pass'),(994,'Case Limbourne','climbournerl@shop-pro.jp',8560687416,6234614427,'2023-07-06','2026-07-06',3,1000,'275 New Castle Crossing'),(995,'Shellie Flewin','sflewinrm@weebly.com',2313053784,6234614428,'2023-07-28','2025-07-28',2,1002,'5037 Merchant Place'),(996,'Roxanna Huckle','rhucklern@sohu.com',1117526291,6234614429,'2023-08-26','2024-08-26',1,1003,'864 Ronald Regan Drive'),(997,'Oswald Crank','ocrankro@liveinternet.ru',8712262072,6234614430,'2023-10-14','2025-10-14',2,1000,'70 Springs Crossing'),(998,'Klara Cisson','kcissonrp@umich.edu',2756959197,6234614431,'2023-07-20','2024-07-20',1,1003,'0842 Nobel Court'),(999,'Marmaduke Clelle','mclellerq@mlb.com',8774608061,6234614432,'2024-01-07','2027-01-07',3,1002,'1 Columbus Terrace'),(1000,'Jessie Faucherand','jfaucherandrr@bigcartel.com',5965083807,6234614433,'2023-09-09','2024-09-09',1,1001,'8 Bartillon Lane');
/*!40000 ALTER TABLE `Customers` ENABLE KEYS */;
UNLOCK TABLES;

--
-- Table structure for table `Delivery`
--

DROP TABLE IF EXISTS `Delivery`;
/*!40101 SET @saved_cs_client     = @@character_set_client */;
/*!50503 SET character_set_client = utf8mb4 */;
CREATE TABLE `Delivery` (
  `DeliveryID` int NOT NULL,
  `DeliveryDate` date NOT NULL,
  `DeliveryAgentID` int NOT NULL,
  `DeliverySuccess` tinyint NOT NULL,
  `CustomerID` int NOT NULL,
  `OrderNum` bigint NOT NULL,
  PRIMARY KEY (`DeliveryID`,`OrderNum`),
  KEY `fk_Delivery_Customers1_idx` (`CustomerID`),
  KEY `fk_Delivery_Payment1_idx` (`OrderNum`),
  CONSTRAINT `fk_Delivery_Customers1` FOREIGN KEY (`CustomerID`) REFERENCES `Customers` (`CustomerID`),
  CONSTRAINT `fk_Delivery_Payment1` FOREIGN KEY (`OrderNum`) REFERENCES `Payment` (`OrderNum`)
) ENGINE=InnoDB DEFAULT CHARSET=utf8mb4 COLLATE=utf8mb4_0900_ai_ci;
/*!40101 SET character_set_client = @saved_cs_client */;

--
-- Dumping data for table `Delivery`
--

LOCK TABLES `Delivery` WRITE;
/*!40000 ALTER TABLE `Delivery` DISABLE KEYS */;
INSERT INTO `Delivery` VALUES (1,'2024-01-30',3,1,913,564345891),(2,'2023-05-13',22,1,772,564346567),(3,'2023-05-21',16,1,752,564346375),(4,'2023-04-16',14,1,620,564346431),(5,'2023-08-27',21,1,837,564346222),(6,'2023-11-27',10,1,493,564346350),(7,'2023-08-19',6,0,794,564345979),(8,'2023-08-21',24,1,176,564346066),(9,'2023-02-12',7,1,309,564345950),(10,'2023-07-30',18,1,656,564346187),(11,'2023-11-04',21,1,727,564346208),(12,'2023-11-07',13,1,303,564346554),(13,'2023-10-05',23,1,509,564346322),(14,'2023-04-19',3,1,367,564346628),(15,'2023-02-28',14,1,329,564346005),(16,'2023-10-09',18,1,384,564346188),(17,'2023-08-20',4,1,325,564346058),(18,'2023-12-14',21,1,774,564346245),(19,'2023-08-20',14,1,347,564346138),(20,'2023-03-03',15,1,560,564346643),(21,'2024-01-26',15,1,49,564345857),(22,'2023-04-11',5,1,130,564346474),(23,'2023-07-08',7,1,412,564345982),(24,'2023-04-01',11,1,281,564345902),(25,'2023-02-20',21,1,609,564346341),(26,'2023-06-27',9,1,543,564345790),(27,'2023-06-25',16,1,205,564346404),(28,'2023-10-31',14,1,514,564346450),(29,'2023-11-20',22,1,119,564345985),(30,'2023-05-21',9,1,345,564346518),(31,'2024-01-04',11,1,281,564345718),(32,'2023-09-20',12,1,969,564345710),(33,'2023-06-04',12,1,294,564345860),(34,'2023-04-25',9,1,31,564346136),(35,'2023-05-02',1,1,773,564346242),(36,'2023-10-13',19,1,318,564345929),(37,'2023-11-28',10,1,287,564346601),(38,'2023-03-03',23,1,408,564346427),(39,'2023-06-07',24,1,372,564346033),(40,'2023-03-06',2,1,986,564346439),(41,'2023-09-23',16,1,102,564346488),(42,'2024-01-21',1,1,579,564346394),(43,'2023-11-07',10,1,921,564345665),(44,'2024-01-21',12,1,479,564345759),(45,'2023-05-21',12,1,461,564345898),(46,'2023-04-08',14,1,92,564346332),(47,'2023-08-16',10,1,64,564346339),(48,'2023-03-29',4,1,132,564345786),(49,'2023-08-20',12,1,379,564346322),(50,'2023-04-04',1,1,76,564345845),(51,'2023-05-03',11,1,97,564346428),(52,'2023-05-12',1,1,373,564346038),(53,'2023-08-15',9,1,698,564346313),(54,'2023-03-02',23,1,549,564345745),(55,'2023-12-21',4,1,964,564346254),(56,'2023-06-25',7,1,179,564346030),(57,'2023-09-29',16,1,925,564346317),(58,'2024-01-26',23,1,572,564345668),(59,'2023-12-30',24,1,268,564346305),(60,'2023-07-02',23,1,479,564346193),(61,'2023-03-11',24,1,847,564345882),(62,'2023-09-10',7,1,558,564346250),(63,'2023-10-12',15,1,159,564345822),(64,'2023-05-22',21,1,466,564345827),(65,'2023-10-31',12,1,632,564345785),(66,'2023-12-02',25,1,174,564345940),(67,'2023-04-27',7,1,226,564346290),(68,'2023-12-23',5,1,216,564346330),(69,'2024-02-08',21,1,111,564345917),(70,'2023-03-30',12,1,419,564346370),(71,'2023-12-01',25,1,334,564346170),(72,'2023-10-07',16,1,352,564346335),(73,'2023-05-01',22,1,459,564346011),(74,'2023-12-11',4,1,78,564346006),(75,'2023-06-05',3,1,846,564345999),(76,'2024-01-15',13,1,829,564346302),(77,'2023-11-27',3,1,249,564346544),(78,'2023-07-30',13,1,651,564346018),(79,'2023-04-26',22,1,146,564346526),(80,'2024-01-06',16,1,560,564346223),(81,'2023-07-19',4,1,627,564346289),(82,'2023-03-04',10,1,788,564345750),(83,'2023-11-10',8,1,854,564346471),(84,'2023-10-04',15,1,757,564345740),(85,'2023-10-16',17,1,971,564346286),(86,'2023-07-19',20,1,895,564346617),(87,'2023-09-30',18,1,905,564345714),(88,'2023-09-27',22,1,98,564346534),(89,'2024-01-09',19,1,705,564346554),(90,'2023-06-28',20,1,943,564346004),(91,'2023-08-20',3,1,942,564346279),(92,'2023-07-03',14,1,651,564346164),(93,'2023-04-24',25,1,98,564346396),(94,'2023-12-16',12,1,652,564346181),(95,'2023-06-24',21,1,573,564346253),(96,'2023-02-22',4,1,143,564346293),(97,'2023-04-28',9,1,979,564346521),(98,'2023-07-04',9,1,720,564346161),(99,'2023-12-17',21,1,443,564346043),(100,'2023-03-02',3,1,615,564346482),(101,'2023-09-03',20,1,404,564346458),(102,'2023-11-11',21,1,407,564346312),(103,'2023-10-20',5,1,212,564346249),(104,'2023-07-19',16,1,121,564346468),(105,'2023-06-13',25,1,205,564346320),(106,'2023-12-09',24,1,643,564346078),(107,'2024-01-08',16,1,790,564346487),(108,'2023-03-01',2,1,617,564346092),(109,'2023-11-14',25,1,180,564345947),(110,'2023-05-03',6,1,696,564346201),(111,'2023-06-15',25,1,883,564345979),(112,'2024-01-10',15,1,84,564346072),(113,'2023-11-27',15,1,834,564346086),(114,'2024-01-15',6,1,987,564346414),(115,'2023-07-10',15,1,198,564345948),(116,'2023-04-17',4,1,734,564346126),(117,'2023-08-30',18,1,979,564346127),(118,'2023-06-18',1,1,542,564346370),(119,'2023-12-02',6,1,48,564346233),(120,'2023-12-31',7,1,940,564346356),(121,'2023-12-16',3,1,286,564346385),(122,'2023-11-23',22,1,36,564346646),(123,'2023-07-13',23,1,818,564346372),(124,'2023-12-05',15,1,740,564346029),(125,'2023-12-22',8,1,373,564346062),(126,'2023-04-23',9,1,6,564346117),(127,'2023-09-13',24,1,146,564345820),(128,'2023-12-29',24,1,660,564346066),(129,'2023-06-19',2,1,608,564345989),(130,'2023-05-12',16,1,6,564346247),(131,'2023-06-03',24,1,898,564346548),(132,'2023-10-05',22,1,279,564346412),(133,'2023-03-10',5,1,72,564346012),(134,'2023-09-11',11,1,32,564345659),(135,'2023-07-10',12,1,177,564346457),(136,'2023-04-17',9,1,401,564346041),(137,'2023-09-14',1,1,954,564345751),(138,'2023-08-01',21,1,471,564345988),(139,'2023-12-17',7,1,744,564345857),(140,'2023-07-18',17,1,829,564346489),(141,'2023-09-15',1,1,393,564345865),(142,'2023-10-13',14,1,743,564346630),(143,'2023-12-17',7,1,228,564345941),(144,'2023-02-20',20,1,680,564345821),(145,'2023-12-17',17,1,843,564346394),(146,'2023-11-12',8,1,521,564346546),(147,'2023-10-01',7,1,708,564345749),(148,'2024-01-16',5,1,874,564346240),(149,'2023-07-20',7,1,370,564345873),(150,'2023-06-18',23,1,912,564345915),(151,'2024-01-16',10,1,531,564346369),(152,'2023-04-18',13,1,416,564346635),(153,'2023-05-06',14,1,847,564346495),(154,'2023-06-11',3,1,447,564346301),(155,'2023-04-02',14,1,675,564346516),(156,'2023-11-09',18,1,861,564346314),(157,'2023-11-10',7,1,284,564346217),(158,'2023-06-12',25,1,627,564345680),(159,'2023-09-29',10,1,585,564346421),(160,'2023-08-26',6,1,15,564345868),(161,'2023-02-18',17,1,633,564346251),(162,'2023-07-13',9,1,342,564345905),(163,'2023-11-13',19,1,742,564346041),(164,'2023-05-28',4,1,340,564345654),(165,'2023-11-28',13,1,735,564346081),(166,'2023-08-04',14,1,132,564346505),(167,'2023-07-22',1,1,982,564346289),(168,'2023-08-02',10,1,333,564345699),(169,'2023-04-17',14,1,145,564345792),(170,'2023-03-11',8,1,329,564346525),(171,'2023-02-16',4,1,514,564345956),(172,'2023-10-29',13,1,896,564345660),(173,'2023-05-12',1,1,454,564346480),(174,'2023-12-27',25,1,686,564346161),(175,'2023-03-18',9,1,178,564346395),(176,'2023-06-30',23,1,398,564346590),(177,'2023-09-21',12,1,110,564345831),(178,'2023-10-28',4,1,850,564346608),(179,'2023-03-03',15,1,553,564345733),(180,'2023-08-21',21,1,540,564346208),(181,'2023-07-20',1,1,765,564346546),(182,'2023-12-20',6,1,227,564346572),(183,'2023-04-03',9,1,191,564346234),(184,'2023-09-06',25,1,143,564346058),(185,'2023-09-03',4,1,609,564346212),(186,'2023-09-23',2,1,52,564346256),(187,'2023-03-17',16,1,552,564345675),(188,'2023-05-18',20,1,433,564346143),(189,'2024-01-08',15,1,374,564345784),(190,'2023-07-04',5,1,286,564346435),(191,'2023-04-23',12,1,840,564346404),(192,'2023-10-19',6,1,143,564346025),(193,'2023-05-05',25,1,151,564345912),(194,'2023-06-27',12,1,432,564345857),(195,'2023-08-16',5,1,407,564346096),(196,'2023-02-24',10,1,182,564345983),(197,'2023-11-23',24,1,230,564345811),(198,'2023-04-27',22,1,660,564346650),(199,'2023-12-28',14,1,375,564346369),(200,'2023-12-26',21,1,207,564345690),(201,'2023-03-09',14,1,621,564346371),(202,'2023-08-30',2,1,277,564346074),(203,'2024-01-18',14,1,629,564346533),(204,'2023-09-21',25,1,204,564345746),(205,'2023-07-11',6,1,750,564346389),(206,'2023-08-29',13,1,671,564346509),(207,'2023-11-01',15,1,167,564346293),(208,'2023-07-21',6,1,623,564345865),(209,'2023-07-31',5,1,328,564346575),(210,'2023-03-17',19,1,667,564346376),(211,'2023-06-05',14,1,802,564346401),(212,'2023-06-04',15,1,38,564346477),(213,'2023-04-23',8,1,547,564345825),(214,'2023-07-06',25,1,696,564345866),(215,'2024-01-14',22,1,328,564345734),(216,'2023-04-22',6,0,229,564346343),(217,'2024-01-13',24,1,260,564345667),(218,'2024-01-09',8,1,95,564346343),(219,'2024-01-04',17,1,651,564346147),(220,'2023-05-21',10,1,920,564346570),(221,'2023-07-01',1,1,108,564346404),(222,'2023-08-28',23,1,126,564346468),(223,'2023-12-04',11,1,877,564345754),(224,'2023-05-24',6,1,339,564345770),(225,'2023-06-15',22,1,735,564345825),(226,'2023-08-17',21,1,235,564346508),(227,'2023-08-05',22,1,65,564346590),(228,'2023-12-31',25,1,728,564346524),(229,'2023-07-30',9,1,358,564346520),(230,'2024-01-03',18,1,282,564346199),(231,'2024-01-30',1,1,997,564346446),(232,'2024-01-09',23,1,411,564346565),(233,'2023-09-05',12,1,78,564346529),(234,'2023-07-29',5,1,236,564346146),(235,'2024-01-29',11,1,25,564345724),(236,'2023-05-29',20,1,575,564346609),(237,'2023-04-17',15,1,147,564346628),(238,'2023-03-10',13,1,716,564345961),(239,'2023-10-18',18,1,79,564346063),(240,'2023-08-04',6,1,352,564345688),(241,'2023-06-17',7,1,393,564345958),(242,'2023-06-25',24,1,126,564346501),(243,'2023-02-27',21,1,878,564345850),(244,'2023-04-20',16,1,875,564345802),(245,'2023-07-05',8,1,763,564346083),(246,'2024-01-04',10,1,938,564346213),(247,'2023-04-24',6,1,892,564346503),(248,'2023-06-26',17,1,106,564346409),(249,'2023-03-31',22,1,281,564346304),(250,'2023-09-22',4,1,231,564345787),(251,'2023-03-24',13,1,956,564346501),(252,'2023-02-26',9,1,438,564345862),(253,'2023-04-16',3,1,737,564345708),(254,'2023-07-05',16,1,815,564345795),(255,'2023-04-02',16,1,453,564346115),(256,'2023-10-07',10,1,878,564346336),(257,'2023-10-01',9,1,804,564346458),(258,'2024-02-10',18,1,770,564346068),(259,'2023-05-07',17,1,422,564345896),(260,'2023-10-22',5,1,287,564346144),(261,'2024-01-03',3,1,670,564346574),(262,'2023-06-11',23,1,202,564345929),(263,'2024-01-20',3,1,605,564346211),(264,'2023-04-11',7,1,315,564345960),(265,'2023-06-26',8,1,141,564346183),(266,'2023-06-27',1,1,151,564346306),(267,'2023-09-22',17,1,412,564346210),(268,'2023-12-16',13,1,119,564346515),(269,'2023-05-19',9,1,94,564345884),(270,'2023-06-28',16,0,926,564345945),(271,'2024-01-17',15,1,561,564346259),(272,'2023-09-02',19,1,595,564346361),(273,'2023-05-05',24,1,412,564346509),(274,'2023-05-15',2,1,650,564345855),(275,'2023-09-14',8,1,196,564345654),(276,'2023-07-04',17,1,566,564346192),(277,'2023-06-30',20,1,737,564346402),(278,'2023-04-07',15,1,326,564345691),(279,'2023-08-09',18,1,457,564346176),(280,'2023-11-13',6,1,176,564345908),(281,'2023-11-08',22,1,638,564345906),(282,'2023-08-17',6,1,707,564345753),(283,'2024-01-30',3,1,796,564346216),(284,'2023-10-26',18,1,895,564346110),(285,'2023-07-19',23,1,600,564346531),(286,'2023-03-30',2,1,85,564345795),(287,'2023-08-19',23,1,857,564346007),(288,'2023-03-22',17,1,100,564346581),(289,'2023-06-04',21,1,979,564346029),(290,'2023-10-21',9,1,59,564345715),(291,'2023-07-05',7,1,644,564346049),(292,'2023-07-17',13,1,342,564345698),(293,'2023-03-31',2,1,356,564346638),(294,'2023-06-27',14,1,349,564346375),(295,'2023-06-07',17,1,457,564346584),(296,'2023-12-15',15,1,1,564346258),(297,'2023-05-29',21,1,402,564345951),(298,'2024-01-17',2,1,832,564345938),(299,'2023-03-09',14,1,386,564345973),(300,'2023-06-16',8,1,652,564345766),(301,'2024-01-01',24,1,733,564346158),(302,'2023-04-30',17,1,590,564346018),(303,'2024-01-16',5,1,776,564346397),(304,'2023-06-06',15,1,871,564345745),(305,'2023-11-25',25,1,124,564346383),(306,'2023-12-22',24,1,285,564346392),(307,'2023-08-08',3,1,710,564346367),(308,'2023-07-18',6,1,158,564346488),(309,'2023-11-21',24,1,283,564346202),(310,'2023-03-22',22,1,278,564346495),(311,'2023-06-10',21,1,868,564346417),(312,'2023-11-15',2,1,925,564346492),(313,'2023-08-21',22,1,296,564346335),(314,'2023-03-18',7,1,26,564346147),(315,'2023-11-19',15,1,914,564345982),(316,'2023-09-29',1,1,623,564346210),(317,'2024-01-17',14,1,896,564345915),(318,'2023-08-12',14,1,287,564346276),(319,'2023-07-20',11,1,300,564345665),(320,'2023-08-22',17,1,216,564346252),(321,'2024-01-08',7,1,438,564346040),(322,'2024-01-15',9,1,226,564345973),(323,'2023-08-10',20,1,220,564345829),(324,'2024-01-08',11,1,462,564345971),(325,'2023-04-18',21,1,589,564346150),(326,'2023-04-10',7,1,710,564346236),(327,'2023-09-02',1,1,490,564346309),(328,'2023-08-12',15,1,474,564346315),(329,'2023-03-27',23,1,107,564346495),(330,'2023-05-07',21,1,875,564346416),(331,'2023-06-30',13,1,785,564345854),(332,'2023-10-14',20,1,350,564346446),(333,'2024-02-04',2,1,545,564345656),(334,'2023-04-19',4,1,988,564346301),(335,'2023-07-11',25,1,490,564346116),(336,'2023-05-28',13,1,847,564346306),(337,'2023-09-13',4,1,830,564346434),(338,'2023-02-28',13,1,242,564345972),(339,'2023-05-04',19,1,303,564346073),(340,'2023-05-21',4,1,301,564346622),(341,'2023-08-10',23,1,404,564346077),(342,'2023-11-02',5,1,590,564345820),(343,'2023-04-14',1,1,351,564346165),(344,'2023-03-18',20,1,15,564346238),(345,'2023-02-23',5,1,652,564345885),(346,'2023-08-02',18,1,801,564346025),(347,'2023-12-16',12,1,586,564345924),(348,'2023-07-27',2,1,111,564346482),(349,'2023-03-12',1,1,956,564346322),(350,'2023-04-21',1,1,492,564346425),(351,'2023-12-26',2,1,539,564345894),(352,'2023-06-10',21,1,182,564345954),(353,'2023-03-19',11,1,195,564345734),(354,'2023-06-26',16,0,326,564346049),(355,'2023-09-08',11,1,21,564345866),(356,'2023-08-05',25,1,919,564346104),(357,'2023-06-07',21,1,126,564345660),(358,'2023-06-16',4,1,2,564346387),(359,'2024-01-01',11,1,999,564346434),(360,'2023-10-30',1,1,340,564345727),(361,'2023-12-16',4,1,712,564346461),(362,'2023-09-18',11,1,528,564345724),(363,'2024-02-07',16,1,569,564345719),(364,'2023-05-18',24,1,946,564345831),(365,'2024-01-02',1,1,753,564346082),(366,'2023-09-06',9,1,183,564346062),(367,'2023-08-28',20,1,187,564346610),(368,'2023-07-02',23,1,978,564346616),(369,'2023-04-26',15,1,732,564346068),(370,'2023-08-25',21,1,9,564345797),(371,'2024-02-05',2,1,617,564346123),(372,'2023-10-26',4,1,686,564346344),(373,'2023-02-14',22,1,354,564345768),(374,'2024-02-04',22,1,392,564346147),(375,'2023-08-22',10,1,903,564346454),(376,'2023-08-23',7,1,195,564346014),(377,'2023-09-05',13,0,19,564346028),(378,'2023-06-18',23,1,943,564345943),(379,'2023-12-09',7,1,509,564346123),(380,'2023-12-14',19,1,277,564346043),(381,'2024-01-24',17,1,509,564346010),(382,'2023-04-20',14,1,741,564345952),(383,'2023-10-01',6,1,637,564346261),(384,'2023-02-21',23,1,906,564346053),(385,'2023-07-22',13,1,954,564345695),(386,'2023-07-08',20,1,487,564346421),(387,'2023-07-01',1,1,429,564346620),(388,'2023-06-08',5,1,831,564346487),(389,'2023-10-29',11,1,858,564346020),(390,'2023-10-13',5,1,814,564345868),(391,'2023-09-04',7,1,462,564346072),(392,'2023-10-13',12,1,368,564346403),(393,'2023-11-20',24,1,174,564345804),(394,'2023-09-14',18,1,774,564346044),(395,'2023-12-09',8,1,949,564346516),(396,'2023-11-06',20,1,145,564346446),(397,'2023-09-10',22,1,130,564346262),(398,'2024-02-03',7,1,265,564345908),(399,'2024-01-03',14,1,702,564346249),(400,'2023-04-04',19,1,424,564346338),(401,'2023-05-16',25,1,946,564345703),(402,'2023-12-02',16,1,94,564345798),(403,'2023-03-05',2,1,436,564345706),(404,'2023-03-10',20,1,751,564345663),(405,'2023-10-06',18,1,70,564345733),(406,'2023-09-28',11,1,850,564346127),(407,'2023-04-28',11,1,392,564346097),(408,'2023-11-15',3,1,90,564346128),(409,'2023-08-19',6,1,826,564346401),(410,'2023-09-13',19,1,626,564346486),(411,'2023-07-13',18,1,587,564345674),(412,'2023-09-27',19,1,672,564346249),(413,'2023-03-12',4,1,228,564345964),(414,'2023-08-01',11,1,631,564345962),(415,'2023-09-17',22,1,614,564346540),(416,'2023-04-11',24,1,45,564346076),(417,'2023-03-27',12,1,705,564346511),(418,'2023-08-18',12,1,384,564346588),(419,'2023-05-09',5,1,221,564345679),(420,'2023-12-24',21,1,778,564345757),(421,'2023-03-22',13,1,464,564346310),(422,'2023-09-20',17,1,590,564346387),(423,'2023-07-31',17,1,712,564345872),(424,'2023-08-01',14,1,609,564346202),(425,'2023-08-15',17,1,295,564345882),(426,'2023-02-16',3,1,251,564346424),(427,'2023-04-26',16,1,347,564346085),(428,'2023-11-22',1,1,964,564345654),(429,'2023-04-09',6,1,522,564346378),(430,'2023-11-11',20,1,19,564346380),(431,'2023-09-15',8,1,498,564345793),(432,'2023-10-05',25,1,88,564345967),(433,'2023-11-03',9,1,96,564345920),(434,'2023-11-23',18,1,945,564345846),(435,'2023-11-10',21,1,792,564346444),(436,'2023-04-21',13,1,676,564346216),(437,'2023-09-27',7,1,954,564346468),(438,'2023-07-27',12,1,836,564346637),(439,'2023-05-20',21,1,533,564345843),(440,'2023-05-13',25,1,177,564346223),(441,'2023-04-27',21,1,566,564346490),(442,'2023-12-14',9,1,36,564346529),(443,'2023-12-16',15,1,48,564345869),(444,'2023-06-04',6,1,612,564346142),(445,'2023-09-15',21,1,535,564345918),(446,'2024-01-25',17,1,266,564345824),(447,'2023-02-12',10,1,331,564346241),(448,'2023-06-22',5,1,832,564346084),(449,'2023-09-25',13,1,472,564345796),(450,'2023-06-20',23,1,246,564345978),(451,'2023-10-13',16,1,873,564346641),(452,'2023-09-14',19,1,599,564346092),(453,'2023-07-22',12,1,172,564345790),(454,'2023-11-08',11,1,313,564346304),(455,'2024-01-29',6,1,362,564345879),(456,'2023-09-11',23,1,208,564346196),(457,'2023-03-11',9,1,438,564345850),(458,'2023-03-19',3,1,580,564346356),(459,'2023-06-20',16,1,453,564345872),(460,'2023-08-11',12,1,864,564346438),(461,'2023-10-21',18,1,444,564345791),(462,'2023-08-23',20,1,284,564346348),(463,'2023-02-26',18,1,935,564346085),(464,'2023-06-01',25,1,329,564346007),(465,'2023-02-17',17,1,235,564346128),(466,'2023-02-14',7,1,466,564346360),(467,'2023-08-30',4,1,7,564346276),(468,'2023-07-01',19,1,488,564346553),(469,'2023-06-25',8,1,814,564345945),(470,'2023-11-09',25,1,649,564345794),(471,'2023-11-25',16,1,311,564345990),(472,'2023-06-10',12,1,42,564346581),(473,'2023-08-14',21,1,500,564345901),(474,'2024-01-17',1,1,240,564345816),(475,'2023-06-07',15,1,571,564345889),(476,'2023-11-10',9,1,156,564346311),(477,'2023-02-14',15,1,381,564345711),(478,'2023-11-19',11,1,317,564346512),(479,'2023-12-23',22,1,511,564346116),(480,'2024-01-25',17,1,591,564346039),(481,'2023-03-11',6,1,419,564345847),(482,'2023-07-09',19,1,781,564346589),(483,'2023-11-02',3,1,379,564346145),(484,'2023-02-15',15,1,508,564346012),(485,'2023-02-14',6,1,11,564346463),(486,'2023-12-27',7,1,762,564346102),(487,'2023-10-06',25,1,364,564345939),(488,'2023-07-05',25,1,478,564346117),(489,'2023-08-04',13,1,623,564345723),(490,'2023-12-16',3,1,229,564346083),(491,'2023-08-28',22,1,134,564346236),(492,'2023-06-27',15,1,604,564345785),(493,'2023-06-23',18,0,245,564346299),(494,'2023-07-10',7,1,903,564346173),(495,'2023-03-11',8,1,675,564346449),(496,'2023-09-10',9,1,565,564346157),(497,'2023-11-29',18,1,735,564346203),(498,'2023-12-31',17,1,501,564345816),(499,'2023-08-11',4,1,58,564345826),(500,'2023-05-02',6,1,784,564345683),(501,'2024-01-04',15,1,410,564346478),(502,'2023-05-19',5,1,619,564346257),(503,'2023-04-05',25,1,216,564346396),(504,'2024-01-18',24,1,718,564346262),(505,'2023-08-29',1,1,411,564345942),(506,'2023-05-08',9,1,208,564346409),(507,'2023-03-28',19,1,291,564346323),(508,'2023-09-09',7,1,477,564345920),(509,'2023-03-26',20,1,435,564346142),(510,'2023-06-19',19,1,733,564346355),(511,'2023-08-10',15,1,127,564345945),(512,'2023-04-12',18,1,327,564345895),(513,'2023-07-05',7,1,326,564346039),(514,'2023-11-09',3,1,431,564346594),(515,'2024-01-29',23,1,208,564345899),(516,'2023-02-13',15,1,984,564345723),(517,'2023-05-20',6,1,1,564346303),(518,'2023-12-31',9,1,576,564346063),(519,'2023-12-03',6,1,48,564346405),(520,'2023-09-27',5,1,989,564346127),(521,'2023-03-03',17,1,478,564346245),(522,'2023-12-21',23,1,165,564345860),(523,'2024-01-09',9,1,948,564345818),(524,'2023-06-19',3,1,101,564346226),(525,'2023-11-19',11,1,518,564346575),(526,'2023-08-21',17,1,924,564346081),(527,'2023-07-22',22,1,33,564346414),(528,'2023-09-20',22,1,596,564345808),(529,'2023-07-20',11,1,277,564346177),(530,'2023-05-13',8,1,607,564345853),(531,'2023-04-20',7,1,745,564346045),(532,'2024-02-07',16,1,335,564345983),(533,'2023-07-31',19,1,481,564346429),(534,'2023-12-14',20,1,135,564345834),(535,'2023-11-13',15,1,575,564346149),(536,'2023-09-30',3,1,955,564346073),(537,'2023-06-17',2,1,732,564345783),(538,'2023-03-21',10,1,911,564346138),(539,'2023-12-29',5,1,924,564346272),(540,'2023-02-28',7,1,919,564345717),(541,'2023-05-04',14,1,139,564346283),(542,'2024-02-08',10,1,626,564346170),(543,'2023-09-27',9,1,837,564346437),(544,'2023-12-12',21,1,339,564346506),(545,'2023-03-18',4,1,472,564346291),(546,'2023-06-02',8,1,683,564345872),(547,'2023-07-23',13,1,662,564345994),(548,'2023-10-26',5,1,981,564346209),(549,'2023-06-24',15,1,295,564346389),(550,'2024-01-28',12,1,382,564345940),(551,'2023-05-13',14,1,867,564345973),(552,'2023-05-03',12,1,914,564345809),(553,'2023-02-17',13,1,504,564346042),(554,'2023-05-20',1,1,833,564345752),(555,'2023-06-29',7,1,327,564345839),(556,'2023-03-10',4,1,656,564345657),(557,'2023-12-20',18,1,626,564346553),(558,'2023-02-28',22,1,293,564345680),(559,'2023-08-07',7,1,225,564346631),(560,'2023-10-07',14,1,457,564346032),(561,'2023-07-02',4,1,12,564346606),(562,'2023-07-29',20,1,331,564346390),(563,'2023-04-22',4,1,191,564345757),(564,'2023-03-26',24,1,748,564345943),(565,'2023-05-20',9,1,398,564345898),(566,'2023-08-07',14,1,235,564345909),(567,'2023-07-20',21,1,567,564346269),(568,'2023-02-24',14,1,375,564346431),(569,'2023-06-16',16,1,71,564345974),(570,'2023-07-18',24,1,370,564346534),(571,'2023-11-30',24,1,304,564346437),(572,'2023-09-26',9,1,757,564346293),(573,'2023-04-24',3,1,110,564346059),(574,'2023-10-16',16,1,696,564346555),(575,'2023-08-15',18,1,792,564345689),(576,'2023-11-26',5,1,225,564346177),(577,'2023-12-16',21,1,62,564345967),(578,'2023-07-30',25,1,234,564346076),(579,'2023-04-21',9,1,578,564345694),(580,'2023-06-29',25,1,585,564346470),(581,'2023-11-11',19,1,103,564346170),(582,'2023-12-19',7,1,16,564345833),(583,'2023-05-16',12,1,374,564345681),(584,'2023-12-04',1,1,894,564345660),(585,'2023-03-02',21,1,880,564345843),(586,'2023-11-18',18,1,539,564346505),(587,'2023-10-04',12,1,574,564346504),(588,'2023-06-04',16,1,266,564346211),(589,'2023-11-08',11,1,651,564346165),(590,'2023-07-22',19,1,118,564346195),(591,'2023-10-26',22,1,811,564345873),(592,'2023-11-20',22,1,363,564345721),(593,'2023-11-20',18,1,974,564346266),(594,'2023-07-06',2,1,925,564345955),(595,'2023-10-02',23,1,194,564345656),(596,'2023-12-11',11,1,880,564346412),(597,'2023-02-11',23,1,247,564345719),(598,'2023-08-21',6,0,943,564346441),(599,'2023-09-03',17,1,525,564346113),(600,'2023-03-03',24,1,400,564346482),(601,'2023-05-19',9,1,470,564345671),(602,'2024-01-13',21,1,160,564345822),(603,'2023-12-06',11,1,175,564346190),(604,'2023-04-20',18,1,526,564346370),(605,'2023-04-29',5,1,340,564346221),(606,'2023-05-28',24,1,359,564346270),(607,'2024-01-07',8,1,714,564346485),(608,'2023-04-09',2,1,75,564346224),(609,'2023-05-02',20,1,811,564346088),(610,'2023-07-28',4,1,581,564346009),(611,'2023-12-28',4,1,793,564346027),(612,'2023-10-05',8,1,760,564345863),(613,'2023-07-03',9,1,398,564345775),(614,'2023-07-27',11,1,318,564346547),(615,'2023-04-03',17,1,102,564345741),(616,'2023-06-06',3,1,605,564346449),(617,'2023-07-17',14,1,335,564346598),(618,'2023-12-27',13,1,93,564346631),(619,'2023-04-12',8,1,761,564346242),(620,'2023-05-22',25,1,410,564346063),(621,'2023-09-16',18,1,29,564346518),(622,'2023-04-17',6,1,212,564345733),(623,'2023-12-09',17,1,42,564346093),(624,'2023-11-16',25,1,928,564346037),(625,'2023-09-09',20,1,492,564346653),(626,'2024-01-26',7,1,775,564346578),(627,'2023-04-02',15,1,51,564346548),(628,'2023-09-28',5,1,941,564346147),(629,'2024-01-16',16,1,999,564345891),(630,'2023-10-22',25,1,679,564346164),(631,'2024-01-04',23,1,725,564346649),(632,'2023-12-15',22,1,357,564345878),(633,'2023-11-19',11,1,670,564346002),(634,'2023-07-06',5,1,325,564345930),(635,'2023-09-24',18,1,869,564346157),(636,'2023-12-20',16,1,303,564346057),(637,'2023-07-24',24,1,324,564346256),(638,'2023-12-09',15,1,521,564346508),(639,'2023-04-05',21,1,941,564345724),(640,'2023-04-28',15,1,110,564346478),(641,'2023-08-23',12,1,306,564346429),(642,'2024-01-23',20,1,719,564346000),(643,'2023-12-20',7,1,72,564345996),(644,'2023-08-19',11,1,488,564346407),(645,'2024-01-03',13,1,947,564345861),(646,'2024-01-20',23,1,767,564346302),(647,'2023-08-17',20,1,648,564346223),(648,'2023-07-30',19,1,846,564345953),(649,'2023-07-20',8,1,637,564346389),(650,'2023-03-19',2,1,87,564345991),(651,'2023-11-07',9,1,564,564346642),(652,'2023-03-22',19,1,672,564346274),(653,'2023-07-10',21,1,812,564346318),(654,'2024-01-08',18,1,821,564346245),(655,'2023-03-30',19,1,617,564346330),(656,'2023-11-05',8,1,821,564345991),(657,'2023-10-23',9,1,188,564346030),(658,'2023-08-20',2,1,112,564345703),(659,'2024-01-01',7,1,877,564346197),(660,'2023-05-09',16,1,403,564345798),(661,'2023-06-28',15,1,951,564346235),(662,'2023-04-04',23,1,495,564346116),(663,'2023-06-04',11,1,835,564346022),(664,'2023-11-03',20,1,549,564346504),(665,'2023-09-26',8,1,534,564345965),(666,'2023-10-08',23,1,872,564346651),(667,'2024-01-04',12,1,197,564346011),(668,'2023-02-22',18,1,193,564345915),(669,'2023-12-05',6,1,33,564345777),(670,'2023-04-29',11,1,287,564346025),(671,'2023-08-03',12,1,252,564346096),(672,'2023-03-24',23,1,656,564346314),(673,'2023-04-03',22,1,186,564345800),(674,'2023-10-17',20,1,971,564346653),(675,'2023-10-27',20,1,955,564346186),(676,'2023-10-23',15,1,82,564346647),(677,'2023-03-17',23,1,951,564345966),(678,'2023-10-31',20,1,322,564345847),(679,'2023-05-21',22,1,69,564345670),(680,'2023-03-19',10,1,826,564346536),(681,'2024-01-28',25,1,675,564345998),(682,'2023-09-06',5,1,740,564345678),(683,'2023-04-25',12,1,331,564346147),(684,'2023-03-14',14,1,809,564346340),(685,'2023-06-15',17,1,513,564345929),(686,'2023-03-09',21,1,949,564345775),(687,'2023-03-14',6,1,770,564346262),(688,'2023-08-14',22,1,226,564346487),(689,'2023-05-29',4,1,983,564345853),(690,'2023-05-30',15,1,262,564346245),(691,'2023-11-29',25,1,490,564346565),(692,'2023-03-11',10,1,385,564346404),(693,'2023-08-31',7,1,382,564346407),(694,'2023-11-24',17,1,893,564346399),(695,'2023-11-07',21,1,112,564346492),(696,'2023-06-05',8,1,910,564346599),(697,'2023-07-18',4,1,573,564346181),(698,'2024-02-03',16,0,110,564345980),(699,'2023-09-01',25,1,324,564346452),(700,'2023-10-14',25,1,320,564345779),(701,'2023-09-22',21,1,285,564346445),(702,'2023-12-05',2,1,900,564345739),(703,'2023-12-09',15,1,190,564345692),(704,'2023-07-29',4,1,334,564346073),(705,'2023-08-29',17,1,924,564346446),(706,'2023-06-04',11,1,33,564346081),(707,'2023-04-25',18,1,317,564345790),(708,'2023-04-16',18,1,797,564346566),(709,'2023-06-07',12,1,566,564346045),(710,'2023-06-08',18,1,531,564346531),(711,'2023-11-28',20,1,347,564345875),(712,'2023-08-19',7,1,472,564346324),(713,'2023-06-17',4,1,210,564346330),(714,'2023-09-15',23,1,500,564345790),(715,'2023-04-01',14,1,894,564346638),(716,'2023-03-25',8,1,6,564346213),(717,'2023-03-30',24,1,752,564346386),(718,'2023-03-03',3,1,809,564346334),(719,'2023-11-06',18,1,35,564345749),(720,'2023-03-27',24,1,301,564346158),(721,'2023-06-04',21,1,890,564345843),(722,'2023-03-20',9,1,434,564346298),(723,'2023-11-02',6,1,304,564345920),(724,'2023-06-10',4,1,460,564346433),(725,'2024-02-04',8,1,706,564345659),(726,'2023-06-10',24,1,417,564346251),(727,'2023-05-07',3,1,502,564345768),(728,'2024-02-10',23,1,836,564346135),(729,'2023-06-14',14,1,252,564346160),(730,'2023-10-08',25,1,632,564346124),(731,'2023-05-14',11,1,626,564345695),(732,'2023-06-27',8,1,800,564346552),(733,'2023-08-29',6,1,62,564345846),(734,'2023-09-19',7,1,491,564346542),(735,'2023-11-05',17,1,35,564346312),(736,'2023-04-03',25,1,526,564346482),(737,'2023-11-13',19,1,861,564345743),(738,'2023-04-28',3,1,269,564345965),(739,'2023-04-05',4,1,703,564346392),(740,'2024-01-13',4,1,530,564345806),(741,'2023-07-16',25,1,548,564346273),(742,'2023-06-29',22,1,731,564345770),(743,'2023-11-17',15,1,853,564346382),(744,'2023-11-10',16,1,193,564346332),(745,'2023-07-04',6,1,599,564346439),(746,'2023-06-27',13,1,536,564346243),(747,'2023-08-29',14,1,361,564346412),(748,'2023-09-04',10,1,144,564346416),(749,'2023-07-09',18,1,360,564345754),(750,'2023-11-18',1,1,650,564346336),(751,'2023-10-16',1,1,631,564346183),(752,'2023-11-25',7,1,102,564345855),(753,'2023-10-26',5,1,691,564346356),(754,'2023-06-08',8,1,202,564346452),(755,'2023-05-05',25,1,260,564346209),(756,'2023-05-30',16,1,441,564346140),(757,'2023-07-26',25,1,831,564346496),(758,'2023-05-30',19,1,980,564345845),(759,'2023-05-11',12,1,178,564346208),(760,'2023-08-11',8,1,525,564346069),(761,'2023-10-16',23,1,771,564346025),(762,'2023-05-04',20,1,7,564346480),(763,'2023-04-28',24,1,740,564346168),(764,'2023-07-30',23,1,709,564346047),(765,'2023-09-05',9,1,472,564345712),(766,'2023-12-18',19,1,552,564346330),(767,'2023-03-22',9,1,454,564346444),(768,'2023-12-05',17,1,315,564346576),(769,'2024-02-07',21,1,820,564346405),(770,'2023-07-06',9,1,914,564346144),(771,'2024-02-01',8,1,579,564345815),(772,'2023-12-15',12,1,889,564346084),(773,'2023-08-13',1,1,135,564345699),(774,'2023-03-16',13,0,391,564346343),(775,'2023-08-23',17,1,209,564346137),(776,'2023-09-24',2,1,356,564346320),(777,'2024-01-28',20,1,943,564345924),(778,'2023-04-18',3,1,143,564345949),(779,'2023-08-27',24,1,81,564346303),(780,'2023-06-06',22,1,505,564346313),(781,'2023-08-07',3,1,339,564346570),(782,'2023-08-06',3,1,287,564346457),(783,'2023-03-29',12,1,602,564345962),(784,'2023-11-04',14,1,37,564345721),(785,'2023-07-14',23,1,892,564346372),(786,'2023-06-16',16,1,538,564346392),(787,'2023-08-06',21,1,214,564346228),(788,'2023-11-01',21,1,552,564346269),(789,'2023-10-04',20,1,491,564346475),(790,'2023-12-12',1,1,359,564345766),(791,'2023-12-19',5,1,643,564345920),(792,'2023-07-20',21,1,626,564346168),(793,'2023-06-27',22,1,535,564345974),(794,'2024-01-22',6,1,207,564345895),(795,'2023-02-22',20,1,108,564346140),(796,'2024-01-04',22,1,757,564346317),(797,'2023-08-10',25,1,343,564345751),(798,'2024-01-15',13,1,442,564346597),(799,'2023-07-01',23,1,233,564345854),(800,'2023-09-02',6,1,643,564346109),(801,'2023-10-31',23,1,374,564346575),(802,'2023-05-25',13,1,430,564346220),(803,'2024-01-15',7,1,984,564346062),(804,'2023-06-14',3,1,507,564346173),(805,'2023-05-13',19,1,118,564346499),(806,'2023-02-23',9,1,415,564346178),(807,'2023-03-21',16,1,771,564346506),(808,'2023-05-29',11,1,927,564345666),(809,'2023-07-14',17,1,981,564346509),(810,'2023-07-05',20,1,874,564346133),(811,'2023-10-21',23,1,491,564346104),(812,'2023-06-22',14,1,59,564345995),(813,'2024-01-21',25,1,148,564345768),(814,'2023-02-16',22,1,561,564346568),(815,'2023-12-07',24,1,711,564346355),(816,'2023-07-30',4,1,358,564346061),(817,'2023-05-01',15,1,624,564346022),(818,'2023-07-25',19,1,262,564346086),(819,'2023-08-07',8,1,993,564346589),(820,'2023-10-05',15,1,474,564345940),(821,'2023-11-27',20,1,952,564346023),(822,'2023-07-17',19,1,689,564346119),(823,'2023-03-10',14,1,54,564345822),(824,'2023-12-20',18,1,703,564346026),(825,'2023-10-30',18,1,682,564345958),(826,'2023-07-29',17,1,165,564346470),(827,'2023-09-29',25,1,22,564346602),(828,'2023-07-02',15,1,714,564345845),(829,'2023-10-16',17,1,286,564346539),(830,'2023-09-14',23,1,144,564345735),(831,'2023-07-22',18,1,593,564345962),(832,'2023-11-14',18,1,723,564345897),(833,'2023-09-19',22,1,962,564346258),(834,'2023-03-13',5,1,706,564346129),(835,'2023-08-08',9,1,219,564346584),(836,'2023-07-21',21,1,874,564345690),(837,'2023-10-27',1,1,297,564346363),(838,'2023-09-10',22,1,702,564346092),(839,'2023-05-16',3,1,860,564346400),(840,'2024-01-03',10,1,260,564346391),(841,'2023-03-29',20,1,522,564346305),(842,'2023-09-27',15,1,331,564346454),(843,'2023-09-16',23,1,113,564346368),(844,'2023-05-22',20,1,948,564345726),(845,'2023-02-13',3,1,284,564346537),(846,'2023-10-07',17,1,17,564346145),(847,'2023-12-26',3,1,991,564346202),(848,'2024-01-15',15,1,100,564346557),(849,'2023-04-04',19,1,751,564346157),(850,'2023-08-01',10,0,184,564345875),(851,'2023-02-12',23,1,174,564346098),(852,'2023-05-11',12,1,29,564346378),(853,'2023-10-17',15,1,116,564345715),(854,'2023-06-08',13,1,541,564346035),(855,'2024-01-02',19,1,436,564346445),(856,'2023-12-23',7,1,925,564346018),(857,'2023-07-05',10,1,141,564346543),(858,'2023-02-24',17,1,360,564345697),(859,'2024-01-06',21,1,1,564346507),(860,'2023-03-18',9,1,321,564346519),(861,'2023-08-26',24,1,285,564346267),(862,'2023-06-16',2,1,595,564346608),(863,'2023-09-27',8,1,764,564346005),(864,'2024-01-17',7,1,990,564345907),(865,'2023-10-17',12,1,886,564345818),(866,'2023-05-25',18,1,832,564346549),(867,'2024-01-10',3,1,688,564345833),(868,'2024-01-31',18,1,976,564345877),(869,'2023-11-28',5,1,224,564346347),(870,'2023-06-05',25,1,316,564346212),(871,'2023-08-23',15,1,467,564346371),(872,'2023-08-25',19,1,83,564346286),(873,'2023-12-03',8,1,610,564346009),(874,'2023-12-26',25,1,542,564346128),(875,'2024-02-07',7,1,835,564346609),(876,'2023-11-16',5,1,392,564346403),(877,'2023-05-15',10,1,287,564346254),(878,'2023-09-09',14,1,422,564346478),(879,'2023-08-08',1,1,871,564346429),(880,'2023-08-30',23,1,709,564346504),(881,'2023-03-31',22,1,868,564345853),(882,'2023-11-10',4,1,356,564345842),(883,'2023-09-07',18,1,438,564346630),(884,'2023-06-23',7,1,52,564346470),(885,'2023-07-31',20,1,961,564346423),(886,'2023-08-18',21,1,417,564345926),(887,'2023-10-06',24,1,711,564346043),(888,'2023-10-18',25,1,772,564345767),(889,'2023-06-16',15,1,25,564346035),(890,'2023-11-08',24,1,725,564346154),(891,'2023-04-22',1,1,169,564346517),(892,'2023-02-13',24,1,399,564345783),(893,'2023-11-11',21,1,621,564345666),(894,'2023-05-19',5,1,45,564346015),(895,'2023-10-01',20,1,343,564345744),(896,'2023-06-12',11,1,806,564346003),(897,'2023-09-17',13,1,837,564345817),(898,'2023-02-12',15,1,574,564345901),(899,'2024-01-22',24,1,14,564346377),(900,'2023-07-18',24,1,75,564346612),(901,'2023-08-05',4,1,579,564346453),(902,'2023-05-21',14,1,304,564345663),(903,'2023-11-27',13,1,410,564345995),(904,'2023-08-29',22,1,721,564346348),(905,'2023-12-31',9,1,445,564346506),(906,'2024-02-04',24,1,495,564346515),(907,'2023-05-12',23,1,902,564345733),(908,'2023-07-15',6,1,993,564345836),(909,'2023-09-18',14,1,967,564346390),(910,'2024-01-30',11,1,698,564346338),(911,'2023-05-11',24,1,328,564345697),(912,'2023-06-07',14,1,919,564345689),(913,'2023-10-19',10,1,477,564346450),(914,'2024-02-05',19,1,925,564346115),(915,'2023-02-13',18,1,317,564345893),(916,'2023-12-20',24,1,358,564346169),(917,'2023-08-11',7,1,155,564346191),(918,'2023-08-28',12,1,146,564346019),(919,'2023-08-17',13,1,35,564345964),(920,'2023-07-31',11,1,826,564346489),(921,'2023-05-18',7,1,385,564346561),(922,'2023-09-26',17,1,435,564346124),(923,'2024-01-23',24,1,565,564346074),(924,'2023-03-01',24,1,715,564345956),(925,'2023-06-05',25,1,836,564346326),(926,'2023-05-06',17,1,676,564345864),(927,'2023-11-23',13,1,395,564346564),(928,'2023-06-30',9,1,571,564345662),(929,'2023-10-01',10,1,1000,564346013),(930,'2023-09-16',15,1,654,564345963),(931,'2023-11-01',18,1,144,564346617),(932,'2023-10-10',1,1,709,564346141),(933,'2023-12-12',5,1,775,564345921),(934,'2023-08-01',3,1,269,564345718),(935,'2024-02-04',16,1,493,564345790),(936,'2023-08-02',3,1,240,564346038),(937,'2024-01-02',14,1,727,564345681),(938,'2024-01-14',4,1,499,564345956),(939,'2023-03-31',10,1,301,564346348),(940,'2023-08-20',10,1,974,564346405),(941,'2023-04-09',24,1,303,564346302),(942,'2023-07-21',22,1,118,564346411),(943,'2024-01-22',7,1,412,564345984),(944,'2023-12-17',7,1,380,564346214),(945,'2024-02-06',17,1,790,564346114),(946,'2023-06-24',4,1,884,564346178),(947,'2023-06-02',13,1,817,564346548),(948,'2023-03-30',12,1,861,564345913),(949,'2023-12-25',22,1,99,564346616),(950,'2023-08-30',11,1,49,564346399),(951,'2023-12-31',9,1,776,564346185),(952,'2023-03-13',19,1,720,564346385),(953,'2023-08-20',14,1,958,564345664),(954,'2023-10-27',18,1,262,564346077),(955,'2023-06-03',4,1,714,564345713),(956,'2023-09-29',25,1,749,564346215),(957,'2023-09-07',15,1,652,564345730),(958,'2023-10-11',7,1,495,564345912),(959,'2024-01-11',21,1,238,564345933),(960,'2023-07-16',7,1,112,564346339),(961,'2023-06-01',1,1,66,564346016),(962,'2023-06-26',8,1,388,564345880),(963,'2023-06-15',19,1,856,564345748),(964,'2024-01-28',14,1,525,564345729),(965,'2023-07-30',20,1,488,564346255),(966,'2023-10-18',20,1,391,564346031),(967,'2023-03-09',9,1,452,564346301),(968,'2023-06-15',12,1,37,564346650),(969,'2023-06-14',24,1,500,564346412),(970,'2023-07-10',25,1,827,564346629),(971,'2023-08-30',5,1,611,564345984),(972,'2023-10-12',8,1,672,564346143),(973,'2023-03-02',21,1,652,564345734),(974,'2023-08-20',12,1,751,564346119),(975,'2023-08-09',3,1,574,564345727),(976,'2024-01-20',19,1,315,564345957),(977,'2023-04-18',15,1,314,564345664),(978,'2023-08-27',2,1,421,564346333),(979,'2023-07-11',6,1,628,564346231),(980,'2023-06-06',6,1,663,564346518),(981,'2023-05-20',15,1,119,564346021),(982,'2023-05-04',6,1,720,564346598),(983,'2023-06-26',25,1,940,564346417),(984,'2023-09-04',3,1,297,564346524),(985,'2023-09-25',3,1,392,564346008),(986,'2023-08-29',25,1,712,564346431),(987,'2023-09-28',24,1,935,564346352),(988,'2023-07-01',5,1,427,564346451),(989,'2023-11-24',20,1,234,564346193),(990,'2023-12-10',15,1,796,564345691),(991,'2023-04-07',11,1,638,564346482),(992,'2023-06-28',5,1,592,564345669),(993,'2023-07-20',17,1,894,564345847),(994,'2023-03-16',25,1,900,564345801),(995,'2024-01-23',8,1,363,564346308),(996,'2023-04-26',12,0,296,564346341),(997,'2023-12-26',22,1,680,564346267),(998,'2023-12-01',13,1,280,564345855),(999,'2023-09-30',12,1,645,564346424),(1000,'2023-09-12',20,1,94,564346263);
/*!40000 ALTER TABLE `Delivery` ENABLE KEYS */;
UNLOCK TABLES;

--
-- Table structure for table `MembershipType`
--

DROP TABLE IF EXISTS `MembershipType`;
/*!40101 SET @saved_cs_client     = @@character_set_client */;
/*!50503 SET character_set_client = utf8mb4 */;
CREATE TABLE `MembershipType` (
  `MembershipTypeID` int NOT NULL,
  `MembershipName` varchar(10) NOT NULL,
  `ValidityPeriod` int NOT NULL,
  PRIMARY KEY (`MembershipTypeID`)
) ENGINE=InnoDB DEFAULT CHARSET=utf8mb4 COLLATE=utf8mb4_0900_ai_ci;
/*!40101 SET character_set_client = @saved_cs_client */;

--
-- Dumping data for table `MembershipType`
--

LOCK TABLES `MembershipType` WRITE;
/*!40000 ALTER TABLE `MembershipType` DISABLE KEYS */;
INSERT INTO `MembershipType` VALUES (1,'Silver',1),(2,'Gold',2),(3,'Platinum',3);
/*!40000 ALTER TABLE `MembershipType` ENABLE KEYS */;
UNLOCK TABLES;

--
-- Table structure for table `OrderDetails`
--

DROP TABLE IF EXISTS `OrderDetails`;
/*!40101 SET @saved_cs_client     = @@character_set_client */;
/*!50503 SET character_set_client = utf8mb4 */;
CREATE TABLE `OrderDetails` (
  `ProductID` int NOT NULL,
  `ProductQuantity` int NOT NULL,
  `Quantity` int NOT NULL,
  `OrderNum` bigint NOT NULL,
  PRIMARY KEY (`ProductID`,`OrderNum`),
  KEY `fk_Payment_has_Product_Product1_idx` (`ProductID`),
  KEY `fk_OrderDetails_Payment1_idx` (`OrderNum`),
  CONSTRAINT `fk_OrderDetails_Payment1` FOREIGN KEY (`OrderNum`) REFERENCES `Payment` (`OrderNum`),
  CONSTRAINT `fk_Payment_has_Product_Product1` FOREIGN KEY (`ProductID`) REFERENCES `Product` (`ProductID`)
) ENGINE=InnoDB DEFAULT CHARSET=utf8mb4 COLLATE=utf8mb4_0900_ai_ci;
/*!40101 SET character_set_client = @saved_cs_client */;

--
-- Dumping data for table `OrderDetails`
--

LOCK TABLES `OrderDetails` WRITE;
/*!40000 ALTER TABLE `OrderDetails` DISABLE KEYS */;
INSERT INTO `OrderDetails` VALUES (10004538,3,12,564346081),(10004538,3,9,564346378),(10004543,3,11,564345954),(10004543,4,8,564346070),(10004543,2,12,564346368),(10004543,3,7,564346384),(10004544,1,6,564346167),(10004545,1,6,564346425),(10004545,5,15,564346535),(10004548,3,6,564345735),(10004552,5,7,564346234),(10004556,2,12,564345695),(10004556,3,15,564346168),(10004558,5,13,564346514),(10004558,1,7,564346557),(10004563,4,7,564346270),(10004563,3,13,564346359),(10004566,3,8,564346199),(10004571,2,6,564346479),(10004573,1,14,564346194),(10004574,3,11,564345891),(10004576,5,6,564345732),(10004576,3,10,564345956),(10004577,1,9,564346328),(10004578,5,13,564346611),(10004582,2,6,564346163),(10004582,4,13,564346296),(10004584,2,7,564345973),(10004584,3,13,564346516),(10004587,1,10,564346109),(10004587,1,8,564346174),(10004589,5,14,564346638),(10004590,4,9,564345802),(10004590,3,15,564346494),(10004593,5,6,564345681),(10004601,4,13,564346276),(10004609,1,7,564345798),(10004609,4,12,564345801),(10004609,2,15,564345862),(10004611,3,14,564346609),(10004612,2,10,564346263),(10004616,5,6,564345904),(10004616,1,12,564346021),(10004617,5,12,564346161),(10004617,1,7,564346221),(10004621,1,14,564345696),(10004621,3,11,564346392),(10004625,5,14,564345824),(10004625,2,6,564346169),(10004626,5,9,564345722),(10004626,1,15,564345932),(10004626,4,14,564346575),(10004627,4,9,564345820),(10004630,2,12,564345671),(10004630,5,6,564346624),(10004631,3,13,564345682),(10004631,5,13,564346539),(10004632,2,11,564345901),(10004632,1,11,564345903),(10004632,5,12,564346180),(10004632,2,10,564346252),(10004633,2,9,564346273),(10004633,3,12,564346476),(10004634,1,11,564346342),(10004637,1,13,564346221),(10004639,1,7,564346061),(10004641,1,15,564346359),(10004646,5,12,564346610),(10004647,5,8,564346142),(10004655,1,8,564345755),(10004655,3,14,564346013),(10004655,2,14,564346245),(10004655,4,6,564346491),(10004659,3,11,564345806),(10004659,2,9,564346008),(10004660,3,10,564345781),(10004661,3,14,564346098),(10004664,4,7,564345693),(10004665,5,9,564346048),(10004665,4,12,564346051),(10004667,2,11,564345844),(10004667,1,8,564346246),(10004672,2,14,564346083),(10004674,2,11,564346573),(10004677,3,10,564346069),(10004679,3,12,564345955),(10004679,4,14,564346355),(10004680,4,6,564345951),(10004680,1,8,564346519),(10004681,4,12,564346065),(10004688,4,11,564346380),(10004689,3,15,564346528),(10004690,1,14,564345919),(10004690,2,6,564346422),(10004691,5,10,564346405),(10004694,2,10,564346359),(10004699,1,10,564345790),(10004699,4,6,564346583),(10004702,2,15,564346093),(10004702,5,12,564346132),(10004702,1,11,564346566),(10004702,5,11,564346612),(10004704,2,8,564345770),(10004705,1,9,564345861),(10004706,2,9,564345811),(10004706,1,13,564346198),(10004708,5,7,564345888),(10004710,2,15,564346263),(10004710,4,9,564346353),(10004710,5,6,564346355),(10004710,4,12,564346418),(10004710,4,15,564346587),(10004712,5,14,564346352),(10004714,4,14,564346569),(10004716,5,9,564346496),(10004718,3,7,564345895),(10004719,5,14,564345707),(10004719,1,11,564346583),(10004720,1,8,564346259),(10004721,1,12,564346619),(10004724,4,14,564346236),(10004732,2,12,564346000),(10004732,5,10,564346307),(10004733,1,6,564345802),(10004735,1,7,564345679),(10004735,3,11,564346080),(10004738,1,11,564346460),(10004740,3,11,564345821),(10004740,4,7,564345989),(10004740,4,11,564346097),(10004740,3,7,564346150),(10004740,1,8,564346595),(10004741,5,14,564345766),(10004743,5,15,564346146),(10004744,2,11,564346293),(10004747,2,8,564345922),(10004749,1,15,564346526),(10004754,2,10,564345697),(10004754,5,15,564346303),(10004757,4,15,564345728),(10004757,1,15,564345794),(10004757,1,6,564346050),(10004758,1,14,564345875),(10004758,4,13,564346137),(10004759,3,12,564346081),(10004759,1,11,564346636),(10004769,4,15,564346285),(10004769,4,13,564346651),(10004771,2,11,564345807),(10004771,4,13,564346566),(10004773,1,10,564345718),(10004775,1,15,564345830),(10004775,2,14,564346409),(10004776,3,13,564346390),(10004777,1,10,564345924),(10004779,3,11,564346203),(10004785,3,11,564345855),(10004787,4,9,564345913),(10004789,3,12,564345720),(10004789,3,14,564345987),(10004789,4,13,564346360),(10004794,3,13,564346436),(10004794,4,6,564346514),(10004794,5,11,564346563),(10004800,3,11,564346277),(10004801,2,11,564346646),(10004806,4,9,564346306),(10004808,3,8,564345815),(10004809,2,8,564345791),(10004814,3,15,564346481),(10004815,2,8,564345670),(10004815,5,6,564346065),(10004815,5,10,564346070),(10004818,2,10,564345674),(10004818,2,6,564346084),(10004818,1,6,564346148),(10004820,4,13,564345688),(10004820,5,7,564345863),(10004821,4,8,564345660),(10004821,5,15,564346066),(10004821,3,8,564346573),(10004827,4,12,564346030),(10004829,3,10,564346478),(10004829,3,14,564346617),(10004832,3,6,564345976),(10004832,2,10,564346002),(10004835,3,6,564345704),(10004835,3,8,564346020),(10004835,4,10,564346360),(10004835,1,8,564346579),(10004837,5,14,564346223),(10004837,4,9,564346522),(10004844,3,10,564346188),(10004847,2,8,564346271),(10004848,3,10,564346133),(10004848,4,6,564346234),(10004855,2,7,564346258),(10004855,1,8,564346626),(10004860,4,13,564346020),(10004860,1,9,564346098),(10004866,4,13,564345742),(10004866,2,7,564345902),(10004866,1,9,564346256),(10004868,5,9,564345961),(10004870,2,13,564346413),(10004874,5,8,564345708),(10004875,5,7,564345659),(10004879,4,7,564346427),(10004880,1,11,564346653),(10004883,2,7,564345692),(10004885,1,8,564346367),(10004887,4,7,564346140),(10004887,3,6,564346197),(10004887,3,9,564346227),(10004887,3,9,564346629),(10004890,4,8,564346109),(10004890,2,15,564346142),(10004901,2,14,564345719),(10004904,5,15,564345819),(10004904,5,13,564345933),(10004904,5,10,564346099),(10004905,1,15,564345875),(10004910,1,8,564345823),(10004910,3,8,564345970),(10004915,4,6,564346287),(10004918,5,8,564345764),(10004918,5,6,564345897),(10004918,4,11,564346276),(10004918,1,11,564346288),(10004918,2,9,564346405),(10004921,2,15,564345744),(10004921,2,15,564346204),(10004921,3,7,564346231),(10004921,3,10,564346547),(10004922,2,7,564346078),(10004922,1,8,564346343),(10004926,4,12,564345689),(10004929,4,10,564345969),(10004931,2,11,564345798),(10004931,5,12,564346092),(10004931,3,11,564346221),(10004931,5,10,564346229),(10004932,2,8,564346044),(10004933,2,8,564345784),(10004934,3,6,564345763),(10004934,1,12,564346306),(10004934,3,6,564346437),(10004936,4,9,564346088),(10004936,4,12,564346303),(10004938,3,6,564345673),(10004938,3,13,564345945),(10004938,1,10,564346392),(10004942,1,14,564345712),(10004942,3,14,564346196),(10004944,2,10,564345890),(10004944,4,13,564346472),(10004945,5,12,564346636),(10004951,1,6,564345712),(10004951,3,8,564345822),(10004953,3,9,564345979),(10004953,5,7,564346408),(10004953,5,8,564346526),(10004955,2,6,564345885),(10004958,3,12,564346618),(10004960,3,10,564346176),(10004963,1,13,564346071),(10004970,2,13,564345805),(10004970,3,7,564345812),(10004970,5,10,564346083),(10004970,4,14,564346243),(10004972,1,8,564346132),(10004972,5,7,564346403),(10004972,2,7,564346411),(10004973,3,14,564346373),(10004976,1,14,564345700),(10004977,4,12,564345956),(10004978,3,7,564345791),(10004978,4,11,564345793),(10004978,5,11,564346251),(10004982,5,12,564346034),(10004982,4,11,564346380),(10004985,4,14,564345759),(10004986,3,12,564346291),(10004986,4,7,564346593),(10004990,3,10,564345786),(10004995,5,6,564346464),(10005002,1,13,564346128),(10005003,5,6,564346651),(10005006,2,7,564345696),(10005007,2,9,564345966),(10005008,1,10,564345974),(10005008,1,9,564346288),(10005012,4,13,564346591),(10005015,2,10,564345857),(10005015,4,14,564346495),(10005015,3,8,564346562),(10005018,5,15,564346020),(10005024,1,14,564345871),(10005024,1,11,564345969),(10005025,2,8,564345811),(10005025,1,15,564346346),(10005027,3,14,564346375),(10005027,5,13,564346651),(10005030,2,11,564345951),(10005030,3,13,564346607),(10005031,4,8,564346448),(10005031,1,12,564346591),(10005032,1,7,564346486),(10005033,1,9,564345782),(10005040,1,8,564346498),(10005041,4,10,564345805),(10005047,4,12,564346569),(10005050,2,7,564346648),(10005052,1,6,564345835),(10005052,5,11,564346256),(10005055,3,9,564346336),(10005055,2,8,564346392),(10005059,1,11,564346303),(10005066,5,8,564346188),(10005066,5,13,564346250),(10005066,4,13,564346383),(10005069,4,7,564345897),(10005069,4,9,564346470),(10005069,4,13,564346547),(10005071,1,12,564346163),(10005075,2,6,564345672),(10005075,2,14,564346211),(10005078,2,14,564345901),(10005080,5,8,564345668),(10005080,1,11,564345693),(10005080,4,7,564345800),(10005080,4,8,564346179),(10005080,2,11,564346596),(10005081,1,7,564345862),(10005086,2,13,564346073),(10005088,5,8,564346276),(10005089,1,13,564346077),(10005089,4,14,564346328),(10005091,3,12,564346349),(10005093,3,7,564346290),(10005094,4,13,564345681),(10005103,4,9,564346386),(10005104,5,15,564345821),(10005108,2,14,564346641),(10005109,1,8,564346322),(10005110,1,12,564345657),(10005110,4,7,564346085),(10005113,4,12,564346277),(10005115,5,13,564345748),(10005115,5,8,564345770),(10005115,2,12,564345832),(10005117,5,13,564346535),(10005118,3,7,564346413),(10005119,5,7,564346413),(10005120,5,9,564346552),(10005124,4,6,564345877),(10005125,3,13,564346144),(10005126,4,14,564346597),(10005128,2,11,564346032),(10005128,3,10,564346194),(10005128,3,7,564346307),(10005132,3,15,564346138),(10005134,5,14,564346019),(10005135,3,10,564346393),(10005136,5,8,564345716),(10005137,2,12,564346186),(10005137,5,6,564346543),(10005139,2,15,564346481),(10005143,4,11,564346002),(10005143,4,6,564346546),(10005149,2,9,564346012),(10005152,4,8,564346140),(10005153,2,13,564346571),(10005156,2,10,564345974),(10005156,4,14,564346190),(10005161,5,13,564345654),(10005161,4,6,564345688),(10005161,5,15,564346438),(10005163,5,10,564346078),(10005163,1,7,564346200),(10005163,4,9,564346254),(10005169,2,11,564345658),(10005169,4,6,564346536),(10005172,5,15,564345685),(10005172,3,15,564345928),(10005172,2,13,564346207),(10005173,1,13,564345733),(10005173,2,15,564346160),(10005174,3,10,564346499),(10005175,5,6,564346121),(10005175,5,10,564346237),(10005179,1,11,564345919),(10005181,2,14,564346305),(10005183,2,6,564346459),(10005184,1,9,564346017),(10005184,4,10,564346302),(10005184,2,12,564346377),(10005184,3,7,564346556),(10005184,4,7,564346611),(10005185,2,7,564346318),(10005186,1,8,564346502),(10005190,1,11,564345670),(10005190,1,12,564346536),(10005191,5,6,564346498),(10005192,3,6,564345989),(10005193,5,15,564345848),(10005193,3,8,564346364),(10005194,5,8,564345657),(10005194,2,12,564345679),(10005194,3,11,564346502),(10005197,5,11,564346012),(10005197,2,7,564346046),(10005198,5,14,564346590),(10005204,5,11,564345744),(10005207,1,13,564345694),(10005207,4,9,564345781),(10005207,3,7,564345966),(10005207,1,15,564346505),(10005210,5,12,564346027),(10005218,3,12,564346051),(10005218,4,12,564346251),(10005218,3,12,564346288),(10005220,3,10,564345980),(10005220,4,12,564346642),(10005221,2,6,564346231),(10005223,3,14,564346258),(10005225,2,7,564346125),(10005226,3,11,564345923),(10005226,1,8,564346371),(10005226,1,14,564346389),(10005226,2,12,564346555),(10005228,2,15,564346101),(10005228,2,11,564346135),(10005228,4,14,564346596),(10005229,2,7,564346142),(10005230,2,10,564346539),(10005231,1,11,564346454),(10005232,1,8,564346005),(10005235,4,8,564346106),(10005235,4,15,564346258),(10005235,3,10,564346331),(10005240,2,8,564346004),(10005240,5,9,564346450),(10005242,3,8,564346440),(10005242,3,9,564346556),(10005244,4,7,564346429),(10005247,2,11,564346539),(10005248,1,13,564346006),(10005248,3,11,564346067),(10005249,5,13,564345737),(10005249,1,7,564345840),(10005249,1,15,564345856),(10005249,4,15,564345931),(10005250,1,14,564346068),(10005251,5,10,564345703),(10005256,1,15,564346608),(10005257,3,15,564345691),(10005257,2,14,564346149),(10005257,3,7,564346415),(10005260,4,11,564346177),(10005260,3,11,564346220),(10005261,3,12,564346508),(10005261,3,10,564346584),(10005267,5,15,564345736),(10005268,3,14,564346557),(10005269,3,10,564346027),(10005269,3,14,564346063),(10005271,5,7,564345881),(10005279,4,7,564345665),(10005280,2,8,564345942),(10005280,4,13,564346114),(10005280,4,11,564346575),(10005282,4,14,564345763),(10005282,1,7,564345822),(10005283,5,11,564345715),(10005286,2,6,564345702),(10005286,5,11,564346099),(10005286,5,11,564346378),(10005287,3,6,564346224),(10005290,3,15,564346392),(10005294,1,8,564345705),(10005298,1,7,564345685),(10005298,4,9,564346243),(10005298,3,12,564346477),(10005298,4,8,564346534),(10005299,5,9,564346546),(10005299,1,13,564346570),(10005300,2,10,564346437),(10005305,1,14,564345905),(10005306,5,10,564346571),(10005311,1,12,564345710),(10005311,2,10,564346286),(10005311,3,13,564346440),(10005312,3,12,564345792),(10005312,3,14,564346071),(10005329,2,12,564346042),(10005329,3,8,564346183),(10005334,2,11,564345827),(10005334,5,14,564345840),(10005334,3,8,564346114),(10005334,3,7,564346545),(10005336,1,11,564346002),(10005336,2,15,564346619),(10005337,3,11,564346636),(10005342,3,9,564346370),(10005344,1,10,564345755),(10005344,1,7,564345877),(10005346,5,6,564346033),(10005347,3,13,564346594),(10005349,2,7,564346202),(10005352,4,7,564346465),(10005356,4,11,564345767),(10005357,1,8,564345855),(10005362,5,14,564345726),(10005364,2,6,564345968),(10005365,4,7,564346548),(10005366,5,7,564345986),(10005367,5,15,564345978),(10005374,5,9,564345837),(10005374,4,12,564346088),(10005374,4,15,564346631),(10005377,3,14,564345808),(10005381,2,8,564346190),(10005382,3,12,564345727),(10005382,3,9,564345732),(10005382,3,7,564346098),(10005382,1,9,564346148),(10005382,1,6,564346364),(10005383,2,12,564346088),(10005383,3,7,564346174),(10005383,3,6,564346649),(10005384,5,13,564345714),(10005386,5,6,564345947),(10005390,2,11,564345911),(10005390,2,7,564346004),(10005390,3,15,564346032),(10005390,3,13,564346365),(10005390,2,11,564346584),(10005391,4,13,564346012),(10005395,5,15,564345801),(10005395,4,8,564346157),(10005395,5,10,564346356),(10005396,5,11,564345836),(10005396,2,13,564346280),(10005397,4,12,564345886),(10005397,1,8,564346099),(10005397,3,8,564346274),(10005398,3,8,564345764),(10005398,2,9,564346504),(10005401,4,7,564345799),(10005401,2,11,564345962),(10005402,5,15,564345713),(10005402,3,12,564346105),(10005404,3,8,564346534),(10005404,2,13,564346613),(10005406,5,9,564345931),(10005408,2,6,564346293),(10005410,3,7,564345726),(10005410,1,10,564345873),(10005410,4,8,564346015),(10005410,5,15,564346463),(10005415,3,14,564345727),(10005415,5,8,564345891),(10005416,2,13,564345994),(10005416,4,10,564346530),(10005419,3,10,564346075),(10005419,3,10,564346630),(10005422,3,11,564346206),(10005422,1,11,564346368),(10005423,1,7,564346427),(10005423,5,12,564346516),(10005423,5,6,564346606),(10005424,4,7,564345772),(10005424,4,8,564346562),(10005425,5,12,564346282),(10005425,3,13,564346300),(10005425,2,14,564346588),(10005427,5,8,564346157),(10005427,1,13,564346521),(10005430,4,6,564346042),(10005430,5,10,564346566),(10005434,1,10,564346002),(10005434,1,13,564346121),(10005435,4,15,564346422),(10005436,4,7,564345682),(10005440,3,9,564346246),(10005442,5,10,564345919),(10005443,5,14,564345665),(10005443,5,6,564346285),(10005444,2,8,564346178),(10005444,5,6,564346630),(10005446,4,8,564346198),(10005446,2,13,564346259),(10005447,3,7,564345742),(10005447,1,15,564345952),(10005447,2,9,564346124),(10005451,5,15,564346110),(10005454,1,8,564345956),(10005454,1,11,564346646),(10005456,1,14,564345974),(10005457,4,6,564346372),(10005457,3,15,564346402),(10005457,4,6,564346560),(10005457,4,6,564346634),(10005458,1,14,564346169),(10005460,5,11,564346326),(10005462,2,8,564345816),(10005464,4,10,564345824),(10005469,1,7,564345902),(10005469,4,10,564346301),(10005469,5,9,564346649),(10005470,5,8,564346326),(10005472,4,13,564346107),(10005473,2,13,564346220),(10005474,4,14,564346324),(10005476,1,13,564346016),(10005476,3,11,564346508),(10005477,1,9,564345971),(10005477,4,8,564346276),(10005478,1,9,564346487),(10005481,3,6,564345667),(10005481,5,8,564346140),(10005483,4,11,564345863),(10005483,4,10,564346001),(10005484,4,9,564346166),(10005486,2,13,564345899),(10005487,3,11,564346209),(10005490,4,15,564345687),(10005491,3,6,564345908),(10005492,3,10,564345891),(10005497,4,15,564345848),(10005498,1,15,564345964),(10005499,5,15,564345716),(10005499,5,15,564345751),(10005500,4,14,564345979),(10005500,2,9,564346540),(10005501,2,14,564346256),(10005502,5,7,564346427),(10005506,5,15,564346072),(10005508,1,9,564345871),(10005511,2,10,564345962),(10005511,2,12,564346233),(10005511,1,9,564346338),(10005511,3,13,564346386),(10005512,3,9,564345753),(10005512,1,6,564345798),(10005512,1,15,564345953),(10005512,4,15,564346413),(10005515,4,13,564346518),(10005516,5,10,564345754),(10005519,4,12,564346376),(10005521,1,14,564346245),(10005522,3,8,564346056),(10005522,2,6,564346522),(10005525,2,11,564346259),(10005527,4,10,564345728),(10005527,4,15,564345770),(10005531,1,7,564345728),(10005532,5,8,564345733),(10005533,1,10,564346187),(10005534,5,6,564346168);
/*!40000 ALTER TABLE `OrderDetails` ENABLE KEYS */;
UNLOCK TABLES;

--
-- Table structure for table `Payment`
--

DROP TABLE IF EXISTS `Payment`;
/*!40101 SET @saved_cs_client     = @@character_set_client */;
/*!50503 SET character_set_client = utf8mb4 */;
CREATE TABLE `Payment` (
  `OrderNum` bigint NOT NULL,
  `Amount` decimal(12,2) DEFAULT NULL,
  `PaymentDateTime` datetime NOT NULL,
  `Successful` tinyint NOT NULL,
  `PaymentProfileID` int NOT NULL,
  PRIMARY KEY (`OrderNum`),
  KEY `fk_Payment_PaymentProfiles1_idx` (`PaymentProfileID`),
  CONSTRAINT `fk_Payment_PaymentProfiles1` FOREIGN KEY (`PaymentProfileID`) REFERENCES `PaymentProfiles` (`PaymentProfileID`)
) ENGINE=InnoDB DEFAULT CHARSET=utf8mb4 COLLATE=utf8mb4_0900_ai_ci;
/*!40101 SET character_set_client = @saved_cs_client */;

--
-- Dumping data for table `Payment`
--

LOCK TABLES `Payment` WRITE;
/*!40000 ALTER TABLE `Payment` DISABLE KEYS */;
INSERT INTO `Payment` VALUES (564345654,50.76,'2024-02-10 00:00:00',1,657),(564345655,30.95,'2023-12-26 00:00:00',1,107),(564345656,6.03,'2024-02-08 00:00:00',1,620),(564345657,357.79,'2023-11-18 00:00:00',1,159),(564345658,393.27,'2023-06-20 00:00:00',1,343),(564345659,182.68,'2023-02-20 00:00:00',1,130),(564345660,149.49,'2023-02-16 00:00:00',1,682),(564345661,108.61,'2023-08-28 00:00:00',1,781),(564345662,76.65,'2023-04-26 00:00:00',1,970),(564345663,96.14,'2023-03-24 00:00:00',1,389),(564345664,105.11,'2023-04-30 00:00:00',1,497),(564345665,611.18,'2023-02-13 00:00:00',1,413),(564345666,108.66,'2023-08-31 00:00:00',1,810),(564345667,125.97,'2023-05-30 00:00:00',1,916),(564345668,256.90,'2023-10-27 00:00:00',1,831),(564345669,95.10,'2023-04-18 00:00:00',1,905),(564345670,208.02,'2023-07-02 00:00:00',1,228),(564345671,377.95,'2023-09-25 00:00:00',1,170),(564345672,7.62,'2023-06-21 00:00:00',1,153),(564345673,46.28,'2023-07-18 00:00:00',1,293),(564345674,14.50,'2023-09-19 00:00:00',1,432),(564345675,30.31,'2023-05-07 00:00:00',1,434),(564345676,30.31,'2023-11-15 00:00:00',1,368),(564345677,36.04,'2023-08-25 00:00:00',1,588),(564345678,109.16,'2023-02-15 00:00:00',1,182),(564345679,384.34,'2023-12-18 00:00:00',1,6),(564345680,4.59,'2023-05-10 00:00:00',1,343),(564345681,226.36,'2023-10-26 00:00:00',1,885),(564345682,347.92,'2023-12-25 00:00:00',1,810),(564345683,49.23,'2023-03-16 00:00:00',1,268),(564345684,32.17,'2023-10-08 00:00:00',1,406),(564345685,175.93,'2023-02-23 00:00:00',1,97),(564345686,75.21,'2023-02-18 00:00:00',1,812),(564345687,300.38,'2023-12-25 00:00:00',1,611),(564345688,46.03,'2023-05-14 00:00:00',1,735),(564345689,169.18,'2023-04-30 00:00:00',1,365),(564345690,49.96,'2023-10-27 00:00:00',1,834),(564345691,439.74,'2023-05-30 00:00:00',1,453),(564345692,236.44,'2023-06-08 00:00:00',1,708),(564345693,450.84,'2023-07-03 00:00:00',1,75),(564345694,67.55,'2023-05-30 00:00:00',1,768),(564345695,271.51,'2023-03-09 00:00:00',1,426),(564345696,365.85,'2023-02-27 00:00:00',1,619),(564345697,342.18,'2023-04-11 00:00:00',1,537),(564345698,28.33,'2023-11-12 00:00:00',1,209),(564345699,39.70,'2023-06-01 00:00:00',1,875),(564345700,357.08,'2023-08-30 00:00:00',1,854),(564345701,112.67,'2023-05-08 00:00:00',1,854),(564345702,184.85,'2023-08-28 00:00:00',1,418),(564345703,227.52,'2024-01-05 00:00:00',1,624),(564345704,92.34,'2023-10-01 00:00:00',1,370),(564345705,166.67,'2024-01-21 00:00:00',1,961),(564345706,59.89,'2023-11-07 00:00:00',1,429),(564345707,399.98,'2023-12-05 00:00:00',1,950),(564345708,273.89,'2023-07-16 00:00:00',1,700),(564345709,97.84,'2023-11-03 00:00:00',1,654),(564345710,33.06,'2023-02-11 00:00:00',1,14),(564345711,44.28,'2023-07-27 00:00:00',1,675),(564345712,457.18,'2023-05-08 00:00:00',1,253),(564345713,291.87,'2023-08-03 00:00:00',1,136),(564345714,354.85,'2023-04-27 00:00:00',1,822),(564345715,323.53,'2024-01-09 00:00:00',1,453),(564345716,533.57,'2023-02-26 00:00:00',1,453),(564345717,51.72,'2023-04-10 00:00:00',1,303),(564345718,303.66,'2023-08-29 00:00:00',1,765),(564345719,136.19,'2023-03-11 00:00:00',1,106),(564345720,189.86,'2023-11-22 00:00:00',1,843),(564345721,39.74,'2023-10-13 00:00:00',1,653),(564345722,271.27,'2023-10-31 00:00:00',1,779),(564345723,119.74,'2023-04-09 00:00:00',1,336),(564345724,1.65,'2023-04-06 00:00:00',1,213),(564345725,90.35,'2023-03-02 00:00:00',1,33),(564345726,440.22,'2023-06-05 00:00:00',1,521),(564345727,148.58,'2023-11-15 00:00:00',1,326),(564345728,424.63,'2023-12-14 00:00:00',1,602),(564345729,128.88,'2023-07-08 00:00:00',1,811),(564345730,66.49,'2023-03-22 00:00:00',1,436),(564345731,71.02,'2023-08-31 00:00:00',1,9),(564345732,185.68,'2023-07-13 00:00:00',1,406),(564345733,474.50,'2023-06-30 00:00:00',1,685),(564345734,7.60,'2023-03-26 00:00:00',1,914),(564345735,173.34,'2024-01-27 00:00:00',1,981),(564345736,429.77,'2023-04-19 00:00:00',1,839),(564345737,23.14,'2023-04-07 00:00:00',1,273),(564345738,104.00,'2023-05-16 00:00:00',1,893),(564345739,16.57,'2023-08-25 00:00:00',1,39),(564345740,51.40,'2023-05-12 00:00:00',1,192),(564345741,54.33,'2023-03-19 00:00:00',1,825),(564345742,474.38,'2023-10-06 00:00:00',1,253),(564345743,54.74,'2024-01-10 00:00:00',1,424),(564345744,280.61,'2023-03-22 00:00:00',1,379),(564345745,61.28,'2023-12-31 00:00:00',1,817),(564345746,1.83,'2023-06-28 00:00:00',1,5),(564345747,11.47,'2024-01-07 00:00:00',1,945),(564345748,283.26,'2023-11-13 00:00:00',1,687),(564345749,91.66,'2023-11-25 00:00:00',1,338),(564345750,58.83,'2023-05-03 00:00:00',1,148),(564345751,472.32,'2023-07-01 00:00:00',1,82),(564345752,99.47,'2023-08-28 00:00:00',1,602),(564345753,49.59,'2023-12-27 00:00:00',1,849),(564345754,261.09,'2023-08-28 00:00:00',1,798),(564345755,252.13,'2023-11-14 00:00:00',0,63),(564345756,87.15,'2023-07-02 00:00:00',1,728),(564345757,29.67,'2023-09-05 00:00:00',1,636),(564345758,120.43,'2023-11-29 00:00:00',1,866),(564345759,153.22,'2024-01-01 00:00:00',1,358),(564345760,79.06,'2023-02-18 00:00:00',1,19),(564345761,132.34,'2023-08-19 00:00:00',1,998),(564345762,13.40,'2023-03-03 00:00:00',1,209),(564345763,487.13,'2023-04-10 00:00:00',1,422),(564345764,61.18,'2023-03-24 00:00:00',1,734),(564345765,122.98,'2023-05-03 00:00:00',1,683),(564345766,420.22,'2023-06-30 00:00:00',1,93),(564345767,321.20,'2023-04-28 00:00:00',1,858),(564345768,22.21,'2023-08-16 00:00:00',1,483),(564345769,66.57,'2023-05-18 00:00:00',1,9),(564345770,538.80,'2023-04-28 00:00:00',1,608),(564345771,26.46,'2023-12-18 00:00:00',1,846),(564345772,180.95,'2023-10-07 00:00:00',1,986),(564345773,42.14,'2023-05-19 00:00:00',1,857),(564345774,65.01,'2023-07-31 00:00:00',1,828),(564345775,47.03,'2023-07-22 00:00:00',1,595),(564345776,38.75,'2023-10-13 00:00:00',1,99),(564345777,76.11,'2023-11-03 00:00:00',1,442),(564345778,107.77,'2024-01-26 00:00:00',1,382),(564345779,9.35,'2023-05-27 00:00:00',1,623),(564345780,60.18,'2023-08-20 00:00:00',1,817),(564345781,310.71,'2023-09-12 00:00:00',1,526),(564345782,119.70,'2023-10-26 00:00:00',1,597),(564345783,24.59,'2023-09-07 00:00:00',1,338),(564345784,20.88,'2023-02-21 00:00:00',1,88),(564345785,60.08,'2023-05-17 00:00:00',1,419),(564345786,20.30,'2024-01-08 00:00:00',1,108),(564345787,92.37,'2023-09-17 00:00:00',1,416),(564345788,74.20,'2023-08-22 00:00:00',1,132),(564345789,1.84,'2023-06-08 00:00:00',1,644),(564345790,255.15,'2023-09-29 00:00:00',1,708),(564345791,229.15,'2023-07-13 00:00:00',1,466),(564345792,342.53,'2024-02-10 00:00:00',1,739),(564345793,338.48,'2023-03-11 00:00:00',1,167),(564345794,182.39,'2023-04-09 00:00:00',1,560),(564345795,38.24,'2024-01-29 00:00:00',1,104),(564345796,115.93,'2023-07-14 00:00:00',1,409),(564345797,106.65,'2023-04-19 00:00:00',1,137),(564345798,163.22,'2023-12-11 00:00:00',1,472),(564345799,107.73,'2023-05-18 00:00:00',1,985),(564345800,224.78,'2024-02-06 00:00:00',1,756),(564345801,260.17,'2023-05-08 00:00:00',1,307),(564345802,321.33,'2024-01-21 00:00:00',1,523),(564345803,97.00,'2023-03-03 00:00:00',1,443),(564345804,131.95,'2023-06-26 00:00:00',1,661),(564345805,460.86,'2023-11-22 00:00:00',1,12),(564345806,329.97,'2024-01-09 00:00:00',1,503),(564345807,158.84,'2024-01-23 00:00:00',1,299),(564345808,401.74,'2024-01-20 00:00:00',1,809),(564345809,126.37,'2023-03-20 00:00:00',1,747),(564345810,70.47,'2023-09-30 00:00:00',1,946),(564345811,271.71,'2023-09-05 00:00:00',1,809),(564345812,128.94,'2023-08-24 00:00:00',1,707),(564345813,121.48,'2024-01-02 00:00:00',1,50),(564345814,41.19,'2023-08-06 00:00:00',1,692),(564345815,312.70,'2023-12-05 00:00:00',1,413),(564345816,314.86,'2023-08-06 00:00:00',1,793),(564345817,28.61,'2023-10-26 00:00:00',1,49),(564345818,76.73,'2023-07-14 00:00:00',1,956),(564345819,186.82,'2023-03-03 00:00:00',1,168),(564345820,235.31,'2023-07-02 00:00:00',1,383),(564345821,441.81,'2023-10-22 00:00:00',1,244),(564345822,311.66,'2023-05-24 00:00:00',1,700),(564345823,60.12,'2023-11-04 00:00:00',1,597),(564345824,434.00,'2023-03-10 00:00:00',1,196),(564345825,71.04,'2023-09-28 00:00:00',1,942),(564345826,65.21,'2023-10-25 00:00:00',1,668),(564345827,139.82,'2023-12-21 00:00:00',1,901),(564345828,13.61,'2023-08-26 00:00:00',1,669),(564345829,27.44,'2023-12-13 00:00:00',1,225),(564345830,159.46,'2023-04-01 00:00:00',1,493),(564345831,80.22,'2024-02-01 00:00:00',1,792),(564345832,261.47,'2023-05-22 00:00:00',1,649),(564345833,94.98,'2023-04-29 00:00:00',1,277),(564345834,72.30,'2023-07-03 00:00:00',1,165),(564345835,47.71,'2023-10-10 00:00:00',1,972),(564345836,325.69,'2023-06-28 00:00:00',1,577),(564345837,179.89,'2023-12-22 00:00:00',1,597),(564345838,102.06,'2023-10-19 00:00:00',1,351),(564345839,31.34,'2023-07-17 00:00:00',1,505),(564345840,199.78,'2023-04-05 00:00:00',1,264),(564345841,11.64,'2023-10-11 00:00:00',1,473),(564345842,118.57,'2023-06-29 00:00:00',1,893),(564345843,82.70,'2023-03-27 00:00:00',1,468),(564345844,102.10,'2023-06-08 00:00:00',1,621),(564345845,16.90,'2023-09-15 00:00:00',1,625),(564345846,59.84,'2023-02-19 00:00:00',1,680),(564345847,43.36,'2023-02-27 00:00:00',1,500),(564345848,455.16,'2023-12-25 00:00:00',1,808),(564345849,111.16,'2023-10-07 00:00:00',1,293),(564345850,45.28,'2023-11-28 00:00:00',1,7),(564345851,79.49,'2023-04-29 00:00:00',1,968),(564345852,124.95,'2023-07-24 00:00:00',1,912),(564345853,98.33,'2023-03-23 00:00:00',1,409),(564345854,2.38,'2023-09-03 00:00:00',1,807),(564345855,164.73,'2023-10-02 00:00:00',1,32),(564345856,26.70,'2023-05-07 00:00:00',1,632),(564345857,178.41,'2023-10-10 00:00:00',1,916),(564345858,73.25,'2023-07-28 00:00:00',1,141),(564345859,93.79,'2023-06-01 00:00:00',1,312),(564345860,56.43,'2023-11-10 00:00:00',1,546),(564345861,322.54,'2023-04-06 00:00:00',1,206),(564345862,321.44,'2023-04-07 00:00:00',1,16),(564345863,143.94,'2024-01-01 00:00:00',1,800),(564345864,128.78,'2023-07-11 00:00:00',1,600),(564345865,22.94,'2023-10-23 00:00:00',1,837),(564345866,57.94,'2023-08-21 00:00:00',1,284),(564345867,69.16,'2023-12-13 00:00:00',1,460),(564345868,64.38,'2023-06-07 00:00:00',1,757),(564345869,20.73,'2023-05-18 00:00:00',1,302),(564345870,14.93,'2023-12-27 00:00:00',1,665),(564345871,487.17,'2023-09-11 00:00:00',1,145),(564345872,72.08,'2023-03-28 00:00:00',1,542),(564345873,101.84,'2023-10-21 00:00:00',1,537),(564345874,67.83,'2023-03-13 00:00:00',1,124),(564345875,357.50,'2023-08-03 00:00:00',1,172),(564345876,98.33,'2023-04-08 00:00:00',1,321),(564345877,278.22,'2023-06-01 00:00:00',1,436),(564345878,80.66,'2023-08-07 00:00:00',1,693),(564345879,105.93,'2023-06-13 00:00:00',1,111),(564345880,23.04,'2023-08-04 00:00:00',1,913),(564345881,271.66,'2023-05-05 00:00:00',1,227),(564345882,62.52,'2024-02-06 00:00:00',1,371),(564345883,134.13,'2023-12-07 00:00:00',1,511),(564345884,62.09,'2023-11-09 00:00:00',1,722),(564345885,199.44,'2023-06-06 00:00:00',1,551),(564345886,324.19,'2023-04-01 00:00:00',1,931),(564345887,82.38,'2023-11-24 00:00:00',1,858),(564345888,41.03,'2023-04-30 00:00:00',1,99),(564345889,59.79,'2023-09-13 00:00:00',1,3),(564345890,193.86,'2023-05-21 00:00:00',1,134),(564345891,377.40,'2023-06-27 00:00:00',1,5),(564345892,71.05,'2023-10-22 00:00:00',1,97),(564345893,59.51,'2024-02-04 00:00:00',1,472),(564345894,0.95,'2023-09-16 00:00:00',1,952),(564345895,214.83,'2023-08-23 00:00:00',1,125),(564345896,61.23,'2023-03-05 00:00:00',1,628),(564345897,107.14,'2023-11-07 00:00:00',1,345),(564345898,126.32,'2023-06-26 00:00:00',1,671),(564345899,134.62,'2023-05-18 00:00:00',1,923),(564345900,44.20,'2023-09-01 00:00:00',1,751),(564345901,536.27,'2023-03-24 00:00:00',1,97),(564345902,301.46,'2024-01-22 00:00:00',1,726),(564345903,371.18,'2023-04-03 00:00:00',1,428),(564345904,95.36,'2024-01-13 00:00:00',1,362),(564345905,422.09,'2023-11-27 00:00:00',1,111),(564345906,29.61,'2024-01-11 00:00:00',1,884),(564345907,116.45,'2023-10-17 00:00:00',1,436),(564345908,83.39,'2023-12-15 00:00:00',1,816),(564345909,31.39,'2024-01-29 00:00:00',1,248),(564345910,75.63,'2023-12-04 00:00:00',1,707),(564345911,323.84,'2023-05-07 00:00:00',1,878),(564345912,20.83,'2024-01-07 00:00:00',1,480),(564345913,51.81,'2023-04-26 00:00:00',1,736),(564345914,42.08,'2023-02-18 00:00:00',1,536),(564345915,60.57,'2023-12-10 00:00:00',1,498),(564345916,26.44,'2023-12-12 00:00:00',1,432),(564345917,89.30,'2023-06-05 00:00:00',1,130),(564345918,15.46,'2023-11-16 00:00:00',1,761),(564345919,1033.85,'2023-12-25 00:00:00',1,71),(564345920,73.76,'2023-04-13 00:00:00',1,92),(564345921,135.11,'2023-08-11 00:00:00',1,248),(564345922,64.52,'2023-06-04 00:00:00',1,243),(564345923,331.50,'2023-07-19 00:00:00',1,740),(564345924,235.98,'2023-10-05 00:00:00',1,680),(564345925,19.28,'2023-07-09 00:00:00',1,984),(564345926,127.21,'2023-09-26 00:00:00',1,749),(564345927,130.24,'2023-04-03 00:00:00',1,508),(564345928,132.24,'2024-02-08 00:00:00',1,116),(564345929,121.40,'2023-09-05 00:00:00',1,758),(564345930,19.94,'2023-02-20 00:00:00',1,696),(564345931,127.45,'2023-10-29 00:00:00',1,643),(564345932,401.88,'2023-12-07 00:00:00',1,316),(564345933,161.91,'2023-04-08 00:00:00',1,731),(564345934,50.20,'2024-01-26 00:00:00',1,316),(564345935,116.51,'2023-04-14 00:00:00',1,593),(564345936,31.51,'2023-07-03 00:00:00',1,251),(564345937,46.84,'2023-11-04 00:00:00',1,370),(564345938,121.55,'2023-12-17 00:00:00',1,261),(564345939,112.96,'2023-04-14 00:00:00',1,959),(564345940,115.81,'2023-08-18 00:00:00',1,919),(564345941,118.01,'2023-06-22 00:00:00',1,605),(564345942,17.20,'2023-10-23 00:00:00',1,510),(564345943,10.13,'2023-11-21 00:00:00',1,998),(564345944,35.92,'2023-10-11 00:00:00',1,717),(564345945,100.28,'2023-08-16 00:00:00',1,69),(564345946,51.96,'2023-04-08 00:00:00',1,536),(564345947,190.57,'2024-02-03 00:00:00',1,590),(564345948,64.57,'2023-06-19 00:00:00',1,562),(564345949,10.56,'2023-03-15 00:00:00',1,873),(564345950,31.49,'2023-11-04 00:00:00',1,996),(564345951,291.27,'2023-12-25 00:00:00',1,163),(564345952,329.27,'2024-01-07 00:00:00',1,829),(564345953,82.65,'2023-12-08 00:00:00',1,801),(564345954,288.29,'2023-06-04 00:00:00',1,901),(564345955,316.44,'2023-08-13 00:00:00',1,740),(564345956,664.16,'2024-02-07 00:00:00',1,64),(564345957,105.60,'2023-09-15 00:00:00',1,319),(564345958,1.62,'2023-11-15 00:00:00',1,885),(564345959,60.55,'2023-07-21 00:00:00',1,419),(564345960,75.88,'2023-08-22 00:00:00',1,5),(564345961,213.92,'2023-11-26 00:00:00',1,530),(564345962,354.06,'2023-05-21 00:00:00',1,213),(564345963,133.29,'2023-07-01 00:00:00',1,41),(564345964,233.28,'2024-01-24 00:00:00',1,428),(564345965,49.88,'2023-09-14 00:00:00',1,580),(564345966,132.31,'2024-02-03 00:00:00',1,652),(564345967,122.90,'2023-06-30 00:00:00',1,680),(564345968,229.55,'2023-07-08 00:00:00',1,240),(564345969,549.54,'2023-10-22 00:00:00',1,739),(564345970,60.12,'2023-11-13 00:00:00',1,527),(564345971,199.26,'2023-11-02 00:00:00',1,604),(564345972,28.75,'2023-03-07 00:00:00',1,240),(564345973,17.71,'2023-03-20 00:00:00',1,379),(564345974,1254.14,'2023-06-12 00:00:00',1,973),(564345975,35.01,'2023-05-26 00:00:00',1,609),(564345976,189.76,'2023-07-15 00:00:00',1,622),(564345977,68.81,'2023-06-12 00:00:00',1,534),(564345978,459.69,'2023-02-12 00:00:00',1,797),(564345979,393.25,'2023-10-27 00:00:00',1,240),(564345980,322.40,'2023-11-03 00:00:00',1,862),(564345981,108.19,'2023-10-07 00:00:00',1,53),(564345982,1.84,'2023-05-06 00:00:00',1,567),(564345983,105.67,'2023-04-17 00:00:00',1,547),(564345984,112.78,'2023-05-10 00:00:00',1,710),(564345985,4.18,'2023-10-10 00:00:00',1,106),(564345986,15.61,'2023-03-27 00:00:00',1,453),(564345987,221.51,'2023-07-24 00:00:00',1,431),(564345988,46.75,'2023-02-24 00:00:00',1,140),(564345989,316.29,'2024-01-14 00:00:00',1,480),(564345990,8.43,'2023-07-27 00:00:00',1,756),(564345991,131.93,'2024-02-04 00:00:00',1,52),(564345992,51.85,'2023-02-15 00:00:00',1,314),(564345993,3.55,'2023-07-03 00:00:00',1,669),(564345994,134.99,'2023-06-04 00:00:00',1,350),(564345995,133.26,'2023-03-24 00:00:00',1,239),(564345996,71.16,'2023-12-19 00:00:00',1,396),(564345997,133.51,'2023-11-03 00:00:00',1,584),(564345998,60.60,'2024-02-09 00:00:00',1,782),(564345999,61.65,'2023-05-06 00:00:00',1,840),(564346000,38.42,'2023-12-09 00:00:00',1,762),(564346001,119.80,'2023-10-23 00:00:00',1,907),(564346002,1389.56,'2023-05-24 00:00:00',1,972),(564346003,34.49,'2023-07-23 00:00:00',1,989),(564346004,469.82,'2023-03-27 00:00:00',1,240),(564346005,45.22,'2023-04-27 00:00:00',1,610),(564346006,208.26,'2023-08-05 00:00:00',1,959),(564346007,8.85,'2023-07-17 00:00:00',1,22),(564346008,269.97,'2023-12-03 00:00:00',1,658),(564346009,91.81,'2023-10-28 00:00:00',1,367),(564346010,90.57,'2023-12-10 00:00:00',1,335),(564346011,44.32,'2023-02-19 00:00:00',1,776),(564346012,545.29,'2023-10-27 00:00:00',1,441),(564346013,281.36,'2023-08-31 00:00:00',1,619),(564346014,113.46,'2023-06-17 00:00:00',1,620),(564346015,81.47,'2023-12-29 00:00:00',1,176),(564346016,340.12,'2023-03-04 00:00:00',1,964),(564346017,54.12,'2023-12-06 00:00:00',1,654),(564346018,54.87,'2023-07-26 00:00:00',1,864),(564346019,357.21,'2023-10-24 00:00:00',1,354),(564346020,454.46,'2023-02-12 00:00:00',0,576),(564346021,180.68,'2023-03-06 00:00:00',1,484),(564346022,78.34,'2023-02-26 00:00:00',1,263),(564346023,106.69,'2023-03-23 00:00:00',1,132),(564346024,49.50,'2023-06-13 00:00:00',1,599),(564346025,37.46,'2023-06-24 00:00:00',1,54),(564346026,129.34,'2024-01-06 00:00:00',1,176),(564346027,357.28,'2023-08-31 00:00:00',1,801),(564346028,132.40,'2023-05-12 00:00:00',1,600),(564346029,75.99,'2023-12-01 00:00:00',1,138),(564346030,39.10,'2024-01-29 00:00:00',1,311),(564346031,113.16,'2023-12-20 00:00:00',1,50),(564346032,1008.28,'2024-01-13 00:00:00',1,735),(564346033,68.63,'2023-08-21 00:00:00',1,561),(564346034,306.50,'2023-11-20 00:00:00',1,13),(564346035,0.98,'2023-11-28 00:00:00',1,294),(564346036,2.26,'2023-08-05 00:00:00',1,427),(564346037,49.50,'2024-01-11 00:00:00',1,460),(564346038,106.77,'2023-02-18 00:00:00',1,207),(564346039,51.94,'2023-12-10 00:00:00',1,926),(564346040,26.55,'2023-09-26 00:00:00',1,285),(564346041,2.12,'2023-07-21 00:00:00',1,44),(564346042,381.50,'2023-08-24 00:00:00',1,385),(564346043,110.71,'2023-07-20 00:00:00',1,639),(564346044,90.74,'2023-11-04 00:00:00',1,975),(564346045,76.40,'2023-04-11 00:00:00',1,288),(564346046,172.24,'2023-09-01 00:00:00',1,636),(564346047,58.73,'2023-10-19 00:00:00',1,860),(564346048,146.38,'2023-09-21 00:00:00',1,210),(564346049,29.19,'2024-01-29 00:00:00',1,586),(564346050,77.01,'2023-05-20 00:00:00',1,180),(564346051,329.51,'2023-02-15 00:00:00',1,1),(564346052,115.18,'2023-08-18 00:00:00',1,70),(564346053,24.29,'2023-08-11 00:00:00',1,69),(564346054,28.87,'2023-05-04 00:00:00',1,319),(564346055,78.48,'2023-11-03 00:00:00',1,41),(564346056,248.18,'2023-04-27 00:00:00',1,637),(564346057,7.42,'2023-07-30 00:00:00',1,3),(564346058,14.61,'2023-06-25 00:00:00',1,741),(564346059,50.69,'2023-06-24 00:00:00',1,587),(564346060,41.81,'2024-01-17 00:00:00',1,553),(564346061,189.57,'2023-03-03 00:00:00',1,948),(564346062,129.80,'2023-12-29 00:00:00',1,938),(564346063,324.80,'2023-05-22 00:00:00',1,636),(564346064,126.58,'2023-02-14 00:00:00',1,829),(564346065,215.51,'2023-10-19 00:00:00',1,281),(564346066,265.55,'2023-12-21 00:00:00',1,561),(564346067,186.01,'2023-09-18 00:00:00',1,237),(564346068,129.54,'2024-02-07 00:00:00',1,32),(564346069,182.50,'2023-08-09 00:00:00',1,474),(564346070,323.89,'2024-01-02 00:00:00',1,771),(564346071,523.38,'2023-02-26 00:00:00',1,765),(564346072,187.39,'2023-10-15 00:00:00',1,558),(564346073,334.39,'2023-06-06 00:00:00',1,544),(564346074,90.02,'2023-09-23 00:00:00',1,972),(564346075,358.02,'2024-01-04 00:00:00',1,144),(564346076,79.26,'2023-02-28 00:00:00',1,145),(564346077,250.61,'2023-04-14 00:00:00',1,53),(564346078,397.22,'2023-03-18 00:00:00',1,118),(564346079,29.10,'2023-11-16 00:00:00',1,207),(564346080,159.36,'2023-08-02 00:00:00',1,230),(564346081,456.88,'2023-09-19 00:00:00',1,528),(564346082,112.26,'2023-03-13 00:00:00',1,269),(564346083,470.40,'2023-06-07 00:00:00',1,495),(564346084,8.70,'2023-02-11 00:00:00',1,364),(564346085,109.79,'2023-11-25 00:00:00',1,236),(564346086,18.07,'2023-08-07 00:00:00',1,201),(564346087,28.82,'2023-06-23 00:00:00',1,302),(564346088,579.77,'2024-01-02 00:00:00',1,222),(564346089,111.49,'2023-08-21 00:00:00',1,739),(564346090,102.27,'2023-04-06 00:00:00',1,600),(564346091,60.16,'2024-01-27 00:00:00',1,395),(564346092,23.16,'2023-05-29 00:00:00',1,980),(564346093,306.99,'2023-06-14 00:00:00',1,320),(564346094,108.64,'2023-03-24 00:00:00',1,457),(564346095,131.32,'2023-11-01 00:00:00',1,471),(564346096,106.55,'2024-01-18 00:00:00',1,363),(564346097,190.18,'2023-12-26 00:00:00',1,731),(564346098,269.25,'2023-12-18 00:00:00',1,543),(564346099,530.59,'2023-12-11 00:00:00',1,957),(564346100,6.57,'2023-07-17 00:00:00',1,868),(564346101,218.03,'2023-05-15 00:00:00',1,544),(564346102,61.18,'2023-05-21 00:00:00',1,317),(564346103,60.33,'2023-04-03 00:00:00',1,833),(564346104,104.72,'2023-12-14 00:00:00',1,327),(564346105,233.50,'2024-01-09 00:00:00',1,576),(564346106,74.18,'2023-04-21 00:00:00',1,752),(564346107,62.86,'2023-05-09 00:00:00',1,588),(564346108,84.52,'2023-08-25 00:00:00',1,571),(564346109,347.96,'2023-07-24 00:00:00',1,537),(564346110,346.68,'2023-07-05 00:00:00',1,49),(564346111,61.73,'2023-09-13 00:00:00',1,38),(564346112,43.53,'2023-04-12 00:00:00',1,197),(564346113,108.16,'2023-07-01 00:00:00',1,314),(564346114,128.24,'2023-12-31 00:00:00',1,496),(564346115,65.50,'2023-03-12 00:00:00',1,831),(564346116,87.36,'2023-11-03 00:00:00',1,89),(564346117,63.44,'2023-11-05 00:00:00',1,92),(564346118,83.04,'2023-10-01 00:00:00',1,735),(564346119,132.94,'2023-10-13 00:00:00',1,789),(564346120,19.06,'2023-11-25 00:00:00',1,125),(564346121,444.43,'2023-09-04 00:00:00',1,98),(564346122,130.71,'2023-04-29 00:00:00',1,486),(564346123,75.18,'2023-06-16 00:00:00',1,221),(564346124,197.56,'2023-04-20 00:00:00',1,552),(564346125,176.82,'2023-08-02 00:00:00',1,31),(564346126,31.35,'2023-11-21 00:00:00',1,467),(564346127,47.00,'2023-12-29 00:00:00',1,565),(564346128,104.11,'2024-01-14 00:00:00',1,714),(564346129,42.05,'2023-03-24 00:00:00',1,768),(564346130,40.23,'2023-06-11 00:00:00',1,667),(564346131,106.20,'2023-04-06 00:00:00',1,378),(564346132,363.33,'2023-03-17 00:00:00',1,676),(564346133,100.99,'2023-03-07 00:00:00',1,533),(564346134,9.89,'2023-03-11 00:00:00',1,380),(564346135,168.77,'2023-10-07 00:00:00',1,42),(564346136,19.91,'2023-11-05 00:00:00',1,999),(564346137,194.57,'2023-08-01 00:00:00',1,936),(564346138,280.67,'2024-01-26 00:00:00',1,205),(564346139,3.62,'2023-09-16 00:00:00',1,955),(564346140,383.61,'2023-05-26 00:00:00',1,830),(564346141,87.78,'2023-10-06 00:00:00',1,865),(564346142,478.74,'2023-11-30 00:00:00',1,243),(564346143,29.92,'2023-12-08 00:00:00',1,329),(564346144,438.98,'2023-03-10 00:00:00',1,354),(564346145,29.77,'2023-03-22 00:00:00',1,474),(564346146,469.68,'2023-07-16 00:00:00',1,501),(564346147,106.18,'2023-03-03 00:00:00',1,35),(564346148,75.21,'2023-08-03 00:00:00',1,581),(564346149,469.06,'2023-09-11 00:00:00',1,359),(564346150,127.75,'2023-11-06 00:00:00',1,743),(564346151,72.66,'2023-03-21 00:00:00',1,800),(564346152,74.84,'2023-03-14 00:00:00',1,40),(564346153,133.32,'2023-07-22 00:00:00',1,458),(564346154,96.48,'2023-08-23 00:00:00',1,86),(564346155,56.43,'2023-03-19 00:00:00',1,898),(564346156,64.53,'2023-04-15 00:00:00',1,250),(564346157,105.49,'2023-07-16 00:00:00',1,919),(564346158,118.15,'2023-05-16 00:00:00',1,406),(564346159,12.45,'2023-09-06 00:00:00',1,892),(564346160,363.48,'2023-06-11 00:00:00',1,510),(564346161,338.98,'2023-10-24 00:00:00',1,5),(564346162,53.09,'2023-10-28 00:00:00',1,86),(564346163,346.52,'2023-03-27 00:00:00',1,685),(564346164,134.51,'2023-06-03 00:00:00',1,859),(564346165,102.98,'2023-11-03 00:00:00',1,204),(564346166,89.95,'2023-04-04 00:00:00',1,409),(564346167,70.45,'2023-11-29 00:00:00',1,200),(564346168,391.78,'2023-10-12 00:00:00',1,907),(564346169,232.54,'2024-01-27 00:00:00',1,24),(564346170,13.85,'2023-08-24 00:00:00',1,229),(564346171,118.18,'2023-06-22 00:00:00',1,660),(564346172,133.09,'2023-11-15 00:00:00',1,833),(564346173,87.95,'2024-01-24 00:00:00',1,747),(564346174,332.76,'2023-10-19 00:00:00',1,922),(564346175,53.16,'2023-11-16 00:00:00',1,340),(564346176,160.65,'2023-06-23 00:00:00',1,457),(564346177,267.00,'2023-11-16 00:00:00',1,838),(564346178,276.12,'2023-10-16 00:00:00',1,990),(564346179,256.90,'2023-11-26 00:00:00',1,194),(564346180,404.93,'2023-09-02 00:00:00',1,565),(564346181,3.83,'2023-03-20 00:00:00',1,423),(564346182,47.49,'2023-04-15 00:00:00',1,184),(564346183,225.50,'2023-09-20 00:00:00',1,690),(564346184,98.08,'2023-09-15 00:00:00',1,844),(564346185,73.40,'2023-10-15 00:00:00',1,515),(564346186,412.99,'2023-05-13 00:00:00',1,636),(564346187,240.21,'2023-10-02 00:00:00',1,335),(564346188,330.80,'2023-03-20 00:00:00',1,610),(564346189,114.78,'2023-06-08 00:00:00',1,29),(564346190,522.75,'2023-08-19 00:00:00',1,221),(564346191,86.38,'2024-01-10 00:00:00',1,736),(564346192,65.11,'2023-11-29 00:00:00',1,616),(564346193,25.14,'2023-08-26 00:00:00',1,464),(564346194,481.66,'2023-12-03 00:00:00',1,747),(564346195,28.98,'2024-01-26 00:00:00',1,250),(564346196,428.62,'2023-03-24 00:00:00',1,620),(564346197,215.19,'2023-03-19 00:00:00',1,320),(564346198,104.86,'2023-03-24 00:00:00',1,646),(564346199,278.42,'2023-03-13 00:00:00',1,518),(564346200,275.06,'2023-07-30 00:00:00',1,719),(564346201,10.77,'2023-05-20 00:00:00',1,686),(564346202,192.21,'2023-12-26 00:00:00',1,290),(564346203,225.72,'2023-05-14 00:00:00',1,548),(564346204,177.70,'2023-09-15 00:00:00',1,820),(564346205,54.08,'2023-08-30 00:00:00',1,156),(564346206,253.04,'2023-10-07 00:00:00',1,698),(564346207,114.61,'2023-10-25 00:00:00',1,109),(564346208,98.36,'2023-05-25 00:00:00',1,74),(564346209,341.97,'2023-09-27 00:00:00',1,182),(564346210,81.12,'2023-03-15 00:00:00',1,523),(564346211,17.78,'2023-05-27 00:00:00',1,512),(564346212,81.26,'2023-09-27 00:00:00',1,22),(564346213,8.86,'2023-03-12 00:00:00',1,819),(564346214,12.45,'2023-06-03 00:00:00',1,895),(564346215,77.37,'2023-10-14 00:00:00',1,967),(564346216,9.22,'2023-10-03 00:00:00',1,446),(564346217,122.99,'2023-03-22 00:00:00',1,934),(564346218,54.25,'2023-03-22 00:00:00',1,973),(564346219,129.69,'2023-04-25 00:00:00',1,856),(564346220,302.22,'2024-01-03 00:00:00',1,20),(564346221,408.26,'2023-08-08 00:00:00',1,25),(564346222,9.45,'2023-06-11 00:00:00',1,441),(564346223,408.69,'2023-08-30 00:00:00',1,879),(564346224,187.33,'2023-09-27 00:00:00',1,391),(564346225,30.72,'2023-11-20 00:00:00',1,585),(564346226,119.06,'2023-06-11 00:00:00',1,808),(564346227,322.79,'2023-12-27 00:00:00',1,902),(564346228,70.90,'2024-01-10 00:00:00',1,720),(564346229,19.30,'2024-01-16 00:00:00',1,627),(564346230,110.56,'2023-05-21 00:00:00',1,132),(564346231,242.02,'2023-09-17 00:00:00',1,863),(564346232,111.66,'2023-11-27 00:00:00',1,767),(564346233,232.42,'2023-10-23 00:00:00',1,877),(564346234,326.35,'2023-11-21 00:00:00',1,486),(564346235,10.86,'2023-05-22 00:00:00',1,215),(564346236,222.77,'2023-09-21 00:00:00',1,650),(564346237,127.49,'2023-12-09 00:00:00',1,296),(564346238,116.85,'2024-01-06 00:00:00',1,173),(564346239,15.60,'2024-01-15 00:00:00',1,721),(564346240,17.68,'2023-10-28 00:00:00',1,648),(564346241,103.58,'2024-01-15 00:00:00',1,247),(564346242,8.58,'2023-12-15 00:00:00',1,826),(564346243,297.53,'2023-06-06 00:00:00',1,523),(564346244,111.34,'2023-10-12 00:00:00',1,50),(564346245,443.45,'2023-04-23 00:00:00',1,917),(564346246,84.43,'2023-09-24 00:00:00',1,135),(564346247,51.23,'2023-12-16 00:00:00',1,610),(564346248,35.00,'2023-02-25 00:00:00',1,44),(564346249,110.45,'2023-12-02 00:00:00',1,785),(564346250,75.95,'2023-12-24 00:00:00',1,934),(564346251,429.42,'2023-02-27 00:00:00',1,650),(564346252,337.44,'2023-04-17 00:00:00',1,306),(564346253,44.01,'2023-03-31 00:00:00',1,435),(564346254,353.65,'2023-02-24 00:00:00',1,2),(564346255,33.14,'2023-10-30 00:00:00',1,825),(564346256,520.15,'2023-06-26 00:00:00',1,643),(564346257,77.89,'2023-04-10 00:00:00',1,792),(564346258,247.37,'2023-02-17 00:00:00',1,890),(564346259,327.97,'2024-02-05 00:00:00',1,598),(564346260,125.89,'2023-02-28 00:00:00',1,960),(564346261,94.92,'2023-06-13 00:00:00',1,978),(564346262,7.75,'2023-06-23 00:00:00',1,823),(564346263,53.20,'2023-08-22 00:00:00',1,916),(564346264,47.53,'2023-09-22 00:00:00',1,859),(564346265,33.85,'2023-12-18 00:00:00',1,479),(564346266,78.92,'2024-02-08 00:00:00',1,106),(564346267,73.61,'2023-06-01 00:00:00',1,901),(564346268,73.15,'2023-08-26 00:00:00',1,998),(564346269,9.81,'2023-06-09 00:00:00',1,53),(564346270,113.65,'2023-10-16 00:00:00',1,806),(564346271,222.84,'2023-12-14 00:00:00',1,337),(564346272,125.21,'2023-05-13 00:00:00',1,212),(564346273,264.06,'2024-01-01 00:00:00',1,253),(564346274,243.14,'2024-01-19 00:00:00',1,177),(564346275,7.14,'2023-07-14 00:00:00',1,377),(564346276,354.28,'2023-07-11 00:00:00',1,743),(564346277,455.50,'2023-08-29 00:00:00',1,502),(564346278,31.07,'2023-05-06 00:00:00',1,142),(564346279,74.38,'2024-01-15 00:00:00',1,184),(564346280,384.90,'2023-12-05 00:00:00',1,633),(564346281,38.16,'2023-07-24 00:00:00',1,210),(564346282,415.87,'2023-04-13 00:00:00',1,272),(564346283,5.83,'2024-02-05 00:00:00',1,290),(564346284,105.36,'2023-06-25 00:00:00',1,432),(564346285,404.71,'2023-06-08 00:00:00',1,454),(564346286,29.00,'2023-04-13 00:00:00',1,866),(564346287,84.30,'2023-09-10 00:00:00',1,523),(564346288,333.74,'2023-08-12 00:00:00',1,918),(564346289,28.09,'2023-04-15 00:00:00',1,964),(564346290,81.93,'2023-04-14 00:00:00',1,56),(564346291,312.12,'2023-11-19 00:00:00',1,405),(564346292,66.41,'2023-09-23 00:00:00',1,913),(564346293,382.96,'2024-01-28 00:00:00',1,103),(564346294,100.09,'2023-06-09 00:00:00',1,357),(564346295,1.55,'2024-02-04 00:00:00',1,110),(564346296,307.36,'2023-02-22 00:00:00',1,670),(564346297,95.34,'2023-09-11 00:00:00',1,106),(564346298,110.74,'2023-05-01 00:00:00',1,684),(564346299,116.00,'2023-08-02 00:00:00',1,232),(564346300,450.53,'2023-06-14 00:00:00',1,858),(564346301,146.02,'2023-12-28 00:00:00',1,941),(564346302,60.14,'2023-05-01 00:00:00',1,993),(564346303,1032.22,'2023-09-26 00:00:00',1,785),(564346304,124.14,'2023-04-21 00:00:00',1,135),(564346305,248.60,'2023-05-13 00:00:00',1,801),(564346306,367.51,'2023-04-25 00:00:00',1,355),(564346307,291.65,'2023-07-02 00:00:00',1,610),(564346308,23.31,'2023-06-13 00:00:00',1,763),(564346309,115.96,'2023-12-24 00:00:00',1,162),(564346310,78.06,'2023-12-01 00:00:00',1,832),(564346311,52.23,'2023-07-20 00:00:00',1,521),(564346312,89.71,'2023-07-21 00:00:00',1,661),(564346313,80.44,'2023-09-22 00:00:00',1,596),(564346314,94.73,'2023-11-03 00:00:00',1,799),(564346315,106.19,'2023-06-23 00:00:00',1,828),(564346316,49.43,'2023-10-06 00:00:00',1,182),(564346317,11.50,'2023-12-06 00:00:00',1,524),(564346318,10.78,'2023-02-20 00:00:00',1,875),(564346319,85.32,'2023-10-02 00:00:00',1,922),(564346320,131.47,'2023-05-04 00:00:00',1,460),(564346321,3.50,'2023-07-10 00:00:00',1,247),(564346322,90.59,'2023-07-18 00:00:00',1,738),(564346323,121.47,'2023-04-28 00:00:00',1,614),(564346324,173.57,'2023-09-21 00:00:00',1,476),(564346325,120.26,'2023-09-24 00:00:00',1,624),(564346326,297.26,'2023-05-18 00:00:00',1,20),(564346327,125.72,'2023-07-22 00:00:00',1,356),(564346328,404.35,'2024-02-03 00:00:00',1,609),(564346329,42.75,'2023-08-08 00:00:00',1,376),(564346330,80.83,'2023-06-28 00:00:00',1,749),(564346331,92.72,'2023-06-08 00:00:00',1,890),(564346332,18.29,'2023-11-16 00:00:00',1,433),(564346333,104.80,'2023-09-05 00:00:00',1,581),(564346334,47.53,'2023-03-04 00:00:00',1,872),(564346335,49.04,'2023-02-13 00:00:00',1,138),(564346336,278.88,'2023-12-03 00:00:00',1,688),(564346337,128.10,'2023-11-05 00:00:00',1,190),(564346338,184.00,'2023-04-06 00:00:00',1,797),(564346339,14.28,'2023-07-02 00:00:00',1,630),(564346340,126.33,'2023-03-30 00:00:00',1,382),(564346341,109.20,'2023-11-15 00:00:00',1,610),(564346342,388.52,'2023-09-21 00:00:00',1,448),(564346343,65.06,'2023-12-06 00:00:00',1,153),(564346344,77.81,'2023-07-11 00:00:00',1,725),(564346345,29.40,'2023-05-28 00:00:00',1,974),(564346346,391.56,'2023-08-22 00:00:00',1,624),(564346347,121.33,'2023-07-29 00:00:00',1,4),(564346348,116.73,'2023-08-28 00:00:00',1,813),(564346349,332.42,'2023-10-24 00:00:00',1,434),(564346350,67.91,'2023-07-04 00:00:00',1,588),(564346351,45.55,'2024-01-30 00:00:00',1,503),(564346352,219.49,'2023-08-29 00:00:00',1,312),(564346353,11.52,'2024-01-05 00:00:00',1,380),(564346354,55.65,'2023-06-28 00:00:00',1,912),(564346355,334.30,'2023-12-12 00:00:00',1,498),(564346356,57.38,'2023-12-20 00:00:00',1,806),(564346357,43.95,'2023-08-19 00:00:00',1,185),(564346358,38.92,'2023-03-12 00:00:00',1,113),(564346359,634.74,'2023-11-16 00:00:00',0,101),(564346360,351.49,'2023-11-27 00:00:00',1,169),(564346361,28.08,'2023-11-16 00:00:00',1,20),(564346362,26.19,'2023-08-16 00:00:00',1,303),(564346363,116.38,'2023-02-26 00:00:00',1,808),(564346364,158.18,'2023-07-15 00:00:00',1,791),(564346365,382.72,'2023-09-14 00:00:00',1,640),(564346366,44.45,'2023-03-18 00:00:00',1,535),(564346367,140.22,'2023-03-04 00:00:00',1,964),(564346368,441.42,'2023-12-14 00:00:00',1,439),(564346369,77.27,'2023-06-10 00:00:00',1,974),(564346370,196.51,'2023-11-25 00:00:00',1,77),(564346371,271.22,'2023-05-25 00:00:00',1,336),(564346372,140.56,'2024-02-03 00:00:00',1,913),(564346373,247.46,'2023-05-31 00:00:00',1,233),(564346374,38.13,'2023-10-21 00:00:00',1,830),(564346375,134.33,'2024-01-31 00:00:00',1,57),(564346376,320.45,'2023-03-15 00:00:00',1,872),(564346377,72.16,'2023-11-24 00:00:00',1,191),(564346378,440.18,'2023-02-19 00:00:00',1,137),(564346379,27.84,'2023-03-26 00:00:00',1,939),(564346380,420.19,'2023-05-12 00:00:00',1,17),(564346381,7.54,'2023-07-22 00:00:00',1,919),(564346382,78.16,'2023-11-24 00:00:00',1,873),(564346383,75.95,'2023-11-04 00:00:00',1,530),(564346384,183.46,'2023-09-01 00:00:00',1,346),(564346385,112.55,'2023-03-23 00:00:00',1,804),(564346386,271.39,'2023-12-29 00:00:00',0,262),(564346387,20.06,'2023-04-08 00:00:00',1,666),(564346388,73.78,'2023-06-12 00:00:00',1,632),(564346389,421.90,'2023-08-14 00:00:00',1,869),(564346390,85.83,'2023-04-27 00:00:00',1,928),(564346391,114.48,'2023-07-19 00:00:00',1,429),(564346392,494.61,'2023-02-25 00:00:00',1,563),(564346393,279.36,'2023-05-09 00:00:00',1,492),(564346394,81.82,'2023-03-08 00:00:00',1,425),(564346395,119.05,'2023-07-20 00:00:00',1,179),(564346396,62.20,'2023-09-29 00:00:00',0,354),(564346397,1.77,'2023-11-25 00:00:00',1,106),(564346398,36.99,'2023-04-28 00:00:00',1,799),(564346399,105.06,'2023-02-26 00:00:00',1,368),(564346400,109.43,'2023-06-05 00:00:00',1,454),(564346401,80.09,'2023-09-15 00:00:00',1,118),(564346402,332.91,'2024-01-20 00:00:00',1,53),(564346403,150.69,'2023-10-30 00:00:00',1,337),(564346404,79.27,'2023-03-13 00:00:00',1,432),(564346405,176.07,'2023-08-14 00:00:00',1,353),(564346406,79.90,'2023-03-21 00:00:00',1,211),(564346407,51.99,'2024-02-01 00:00:00',1,210),(564346408,138.32,'2023-08-23 00:00:00',1,504),(564346409,148.83,'2023-05-06 00:00:00',1,897),(564346410,67.75,'2024-01-05 00:00:00',1,167),(564346411,150.69,'2023-11-30 00:00:00',1,557),(564346412,128.80,'2023-11-04 00:00:00',1,295),(564346413,443.65,'2023-06-22 00:00:00',1,769),(564346414,90.54,'2023-09-01 00:00:00',1,774),(564346415,263.84,'2023-11-05 00:00:00',1,668),(564346416,61.85,'2023-06-30 00:00:00',0,990),(564346417,93.41,'2023-10-13 00:00:00',1,739),(564346418,15.36,'2023-08-08 00:00:00',1,1000),(564346419,6.02,'2023-10-23 00:00:00',1,299),(564346420,115.74,'2023-02-13 00:00:00',1,762),(564346421,36.59,'2023-07-14 00:00:00',1,158),(564346422,325.82,'2023-06-25 00:00:00',0,787),(564346423,94.38,'2024-01-06 00:00:00',1,264),(564346424,69.33,'2023-08-02 00:00:00',1,323),(564346425,94.79,'2023-03-26 00:00:00',1,92),(564346426,11.14,'2023-10-08 00:00:00',1,717),(564346427,397.99,'2023-09-05 00:00:00',1,601),(564346428,90.40,'2023-08-31 00:00:00',1,476),(564346429,252.95,'2023-12-23 00:00:00',1,886),(564346430,43.08,'2023-09-27 00:00:00',1,692),(564346431,60.42,'2023-09-21 00:00:00',1,203),(564346432,123.42,'2023-07-17 00:00:00',1,114),(564346433,53.66,'2023-09-30 00:00:00',1,360),(564346434,51.43,'2023-08-16 00:00:00',1,943),(564346435,8.99,'2023-08-02 00:00:00',1,538),(564346436,193.64,'2023-06-28 00:00:00',1,587),(564346437,124.56,'2023-08-06 00:00:00',1,676),(564346438,58.57,'2023-10-02 00:00:00',1,841),(564346439,15.84,'2024-01-19 00:00:00',1,678),(564346440,348.28,'2023-08-10 00:00:00',1,786),(564346441,4.15,'2024-01-14 00:00:00',1,372),(564346442,17.10,'2023-10-11 00:00:00',1,911),(564346443,63.54,'2023-06-11 00:00:00',1,766),(564346444,125.41,'2023-02-26 00:00:00',1,293),(564346445,85.98,'2023-07-19 00:00:00',1,333),(564346446,27.60,'2023-09-06 00:00:00',1,911),(564346447,100.80,'2023-07-01 00:00:00',1,837),(564346448,13.44,'2023-03-17 00:00:00',1,634),(564346449,63.72,'2024-01-16 00:00:00',1,992),(564346450,333.80,'2023-11-07 00:00:00',1,969),(564346451,100.18,'2023-08-30 00:00:00',1,965),(564346452,69.42,'2024-02-09 00:00:00',1,805),(564346453,41.16,'2023-09-04 00:00:00',1,682),(564346454,310.27,'2023-07-31 00:00:00',1,624),(564346455,12.68,'2023-06-05 00:00:00',1,196),(564346456,96.91,'2023-10-02 00:00:00',1,378),(564346457,25.08,'2023-12-18 00:00:00',1,635),(564346458,96.74,'2023-04-25 00:00:00',1,825),(564346459,84.30,'2023-11-17 00:00:00',1,732),(564346460,73.78,'2023-05-05 00:00:00',1,521),(564346461,78.91,'2023-11-06 00:00:00',1,818),(564346462,54.90,'2023-03-05 00:00:00',1,840),(564346463,152.76,'2023-09-17 00:00:00',1,91),(564346464,100.43,'2023-10-18 00:00:00',1,837),(564346465,188.50,'2023-09-30 00:00:00',1,614),(564346466,38.60,'2023-10-06 00:00:00',1,514),(564346467,16.67,'2023-09-02 00:00:00',1,221),(564346468,134.06,'2023-11-08 00:00:00',1,38),(564346469,25.56,'2023-10-26 00:00:00',1,821),(564346470,121.92,'2023-03-05 00:00:00',1,8),(564346471,82.98,'2023-05-17 00:00:00',1,556),(564346472,252.02,'2023-02-12 00:00:00',1,999),(564346473,52.80,'2023-08-31 00:00:00',1,576),(564346474,103.05,'2023-07-08 00:00:00',1,519),(564346475,11.89,'2023-08-26 00:00:00',1,85),(564346476,352.08,'2023-04-29 00:00:00',1,590),(564346477,74.90,'2023-03-29 00:00:00',1,72),(564346478,158.27,'2023-09-23 00:00:00',1,319),(564346479,199.32,'2023-11-03 00:00:00',1,763),(564346480,83.13,'2024-02-08 00:00:00',1,78),(564346481,525.63,'2023-12-27 00:00:00',1,502),(564346482,11.44,'2023-11-17 00:00:00',1,700),(564346483,100.27,'2023-05-29 00:00:00',1,301),(564346484,39.13,'2024-01-26 00:00:00',1,408),(564346485,30.85,'2023-02-18 00:00:00',1,955),(564346486,50.07,'2023-08-18 00:00:00',1,796),(564346487,337.45,'2023-03-18 00:00:00',1,260),(564346488,8.84,'2023-07-20 00:00:00',1,864),(564346489,125.94,'2023-08-15 00:00:00',1,677),(564346490,126.30,'2023-03-06 00:00:00',1,561),(564346491,127.28,'2023-06-04 00:00:00',1,279),(564346492,80.91,'2023-05-30 00:00:00',1,231),(564346493,128.68,'2023-10-12 00:00:00',1,451),(564346494,393.72,'2023-11-22 00:00:00',1,867),(564346495,236.63,'2023-10-03 00:00:00',1,752),(564346496,311.12,'2023-06-06 00:00:00',1,141),(564346497,12.86,'2024-02-08 00:00:00',1,481),(564346498,65.08,'2023-03-07 00:00:00',1,870),(564346499,188.96,'2023-11-08 00:00:00',1,401),(564346500,103.33,'2024-01-21 00:00:00',1,593),(564346501,18.54,'2023-03-11 00:00:00',1,590),(564346502,480.41,'2023-05-18 00:00:00',1,560),(564346503,90.30,'2023-03-26 00:00:00',1,425),(564346504,50.36,'2023-12-07 00:00:00',1,191),(564346505,77.95,'2023-08-12 00:00:00',1,297),(564346506,4.20,'2023-08-14 00:00:00',1,993),(564346507,18.91,'2023-08-10 00:00:00',1,216),(564346508,484.16,'2023-06-01 00:00:00',1,177),(564346509,39.31,'2023-12-18 00:00:00',1,212),(564346510,40.22,'2023-10-08 00:00:00',1,642),(564346511,80.60,'2023-11-24 00:00:00',1,518),(564346512,19.35,'2023-03-17 00:00:00',1,828),(564346513,37.24,'2023-08-04 00:00:00',1,436),(564346514,321.34,'2023-06-20 00:00:00',1,389),(564346515,100.47,'2023-10-26 00:00:00',1,224),(564346516,343.77,'2023-06-13 00:00:00',1,937),(564346517,1.36,'2023-10-17 00:00:00',1,551),(564346518,152.28,'2023-09-01 00:00:00',1,573),(564346519,191.02,'2023-11-21 00:00:00',1,753),(564346520,70.26,'2023-05-12 00:00:00',1,645),(564346521,96.82,'2023-05-14 00:00:00',1,405),(564346522,428.18,'2023-10-16 00:00:00',1,841),(564346523,85.25,'2023-05-21 00:00:00',1,511),(564346524,117.17,'2023-03-30 00:00:00',1,655),(564346525,28.74,'2023-08-18 00:00:00',1,867),(564346526,424.72,'2023-03-13 00:00:00',1,194),(564346527,121.54,'2023-05-14 00:00:00',1,880),(564346528,320.63,'2023-09-03 00:00:00',1,372),(564346529,46.61,'2023-11-05 00:00:00',1,192),(564346530,103.84,'2023-06-29 00:00:00',1,481),(564346531,103.15,'2023-06-26 00:00:00',1,43),(564346532,85.66,'2023-12-21 00:00:00',1,130),(564346533,67.34,'2023-08-28 00:00:00',1,743),(564346534,287.50,'2023-04-11 00:00:00',1,399),(564346535,545.71,'2023-12-03 00:00:00',1,851),(564346536,333.23,'2023-09-16 00:00:00',1,598),(564346537,58.20,'2023-07-09 00:00:00',1,7),(564346538,123.63,'2023-09-10 00:00:00',1,560),(564346539,696.70,'2023-02-25 00:00:00',1,82),(564346540,185.88,'2023-11-17 00:00:00',1,559),(564346541,112.70,'2023-11-02 00:00:00',1,667),(564346542,30.93,'2023-03-08 00:00:00',1,842),(564346543,232.31,'2023-03-29 00:00:00',1,331),(564346544,103.49,'2023-03-20 00:00:00',1,269),(564346545,88.98,'2023-09-09 00:00:00',1,544),(564346546,436.82,'2023-07-27 00:00:00',1,897),(564346547,279.07,'2023-05-05 00:00:00',1,719),(564346548,20.30,'2023-10-29 00:00:00',1,882),(564346549,53.08,'2023-12-18 00:00:00',1,311),(564346550,59.51,'2023-08-17 00:00:00',1,204),(564346551,9.23,'2023-03-25 00:00:00',1,309),(564346552,71.05,'2023-11-09 00:00:00',1,168),(564346553,101.65,'2023-02-11 00:00:00',1,815),(564346554,55.43,'2023-07-01 00:00:00',1,981),(564346555,361.63,'2023-04-07 00:00:00',1,948),(564346556,349.80,'2024-01-01 00:00:00',1,18),(564346557,350.22,'2023-10-12 00:00:00',1,972),(564346558,115.51,'2023-06-14 00:00:00',1,530),(564346559,98.43,'2023-11-27 00:00:00',1,560),(564346560,140.56,'2023-02-21 00:00:00',1,11),(564346561,73.40,'2023-09-30 00:00:00',1,666),(564346562,331.13,'2023-09-14 00:00:00',1,653),(564346563,172.95,'2023-06-13 00:00:00',1,387),(564346564,120.30,'2023-03-18 00:00:00',1,636),(564346565,7.70,'2023-12-10 00:00:00',1,967),(564346566,431.30,'2023-07-29 00:00:00',1,711),(564346567,129.19,'2023-07-26 00:00:00',1,756),(564346568,60.19,'2023-03-10 00:00:00',0,190),(564346569,508.70,'2023-12-13 00:00:00',1,349),(564346570,370.55,'2023-11-09 00:00:00',1,591),(564346571,470.84,'2023-02-27 00:00:00',1,797),(564346572,69.00,'2023-07-09 00:00:00',1,503),(564346573,359.18,'2023-10-03 00:00:00',1,2),(564346574,44.66,'2024-01-25 00:00:00',1,240),(564346575,394.01,'2023-02-17 00:00:00',1,37),(564346576,19.84,'2024-01-18 00:00:00',1,789),(564346577,5.99,'2023-12-15 00:00:00',1,348),(564346578,81.34,'2023-08-08 00:00:00',1,811),(564346579,123.12,'2024-01-01 00:00:00',1,168),(564346580,78.20,'2023-04-03 00:00:00',1,298),(564346581,12.52,'2023-03-04 00:00:00',1,97),(564346582,78.64,'2023-10-01 00:00:00',1,695),(564346583,387.50,'2023-07-10 00:00:00',1,938),(564346584,500.29,'2024-01-27 00:00:00',1,794),(564346585,128.90,'2023-08-07 00:00:00',1,741),(564346586,77.89,'2023-04-06 00:00:00',1,910),(564346587,19.20,'2023-10-23 00:00:00',1,178),(564346588,424.54,'2023-04-08 00:00:00',1,213),(564346589,71.03,'2023-09-24 00:00:00',1,83),(564346590,150.42,'2023-07-15 00:00:00',1,465),(564346591,438.16,'2023-06-24 00:00:00',1,947),(564346592,45.72,'2023-10-26 00:00:00',1,733),(564346593,182.07,'2023-07-06 00:00:00',1,575),(564346594,327.25,'2023-05-13 00:00:00',1,318),(564346595,146.00,'2023-04-18 00:00:00',1,107),(564346596,433.01,'2023-04-19 00:00:00',1,177),(564346597,140.45,'2023-06-15 00:00:00',1,373),(564346598,83.27,'2024-02-08 00:00:00',1,34),(564346599,66.85,'2023-08-30 00:00:00',1,970),(564346600,99.85,'2023-03-18 00:00:00',1,612),(564346601,34.45,'2023-07-08 00:00:00',1,35),(564346602,27.39,'2023-02-21 00:00:00',1,501),(564346603,18.32,'2023-08-12 00:00:00',1,910),(564346604,120.91,'2023-08-20 00:00:00',1,628),(564346605,101.18,'2023-04-03 00:00:00',1,447),(564346606,165.81,'2023-04-02 00:00:00',1,946),(564346607,184.63,'2023-07-21 00:00:00',1,416),(564346608,334.08,'2023-10-11 00:00:00',1,774),(564346609,284.13,'2023-03-18 00:00:00',1,570),(564346610,397.54,'2024-02-05 00:00:00',1,108),(564346611,183.50,'2024-01-01 00:00:00',1,536),(564346612,225.13,'2023-03-15 00:00:00',1,406),(564346613,346.94,'2023-04-10 00:00:00',1,701),(564346614,7.23,'2023-05-08 00:00:00',1,36),(564346615,47.38,'2023-05-20 00:00:00',1,757),(564346616,17.66,'2024-01-08 00:00:00',1,208),(564346617,209.92,'2023-06-29 00:00:00',1,613),(564346618,134.75,'2023-02-16 00:00:00',1,733),(564346619,438.14,'2023-12-18 00:00:00',1,523),(564346620,53.26,'2023-09-07 00:00:00',1,455),(564346621,45.93,'2023-12-15 00:00:00',1,521),(564346622,38.82,'2023-04-24 00:00:00',1,14),(564346623,96.73,'2023-08-22 00:00:00',1,284),(564346624,212.60,'2023-08-05 00:00:00',1,241),(564346625,43.20,'2023-03-19 00:00:00',1,488),(564346626,121.07,'2023-05-27 00:00:00',1,963),(564346627,56.13,'2023-04-25 00:00:00',1,382),(564346628,70.78,'2023-05-30 00:00:00',1,92),(564346629,322.79,'2023-12-31 00:00:00',1,435),(564346630,439.53,'2023-06-03 00:00:00',1,139),(564346631,284.04,'2023-08-16 00:00:00',1,909),(564346632,125.39,'2023-08-16 00:00:00',1,212),(564346633,4.43,'2023-07-13 00:00:00',1,201),(564346634,140.56,'2023-02-26 00:00:00',1,241),(564346635,50.93,'2023-03-06 00:00:00',1,987),(564346636,1077.41,'2023-10-30 00:00:00',1,897),(564346637,97.11,'2023-12-22 00:00:00',1,802),(564346638,30.86,'2023-07-06 00:00:00',1,7),(564346639,110.07,'2023-09-11 00:00:00',1,152),(564346640,87.44,'2023-11-05 00:00:00',1,631),(564346641,336.42,'2023-02-19 00:00:00',1,557),(564346642,386.88,'2023-10-02 00:00:00',1,74),(564346643,17.39,'2023-11-28 00:00:00',1,895),(564346644,127.79,'2023-03-16 00:00:00',1,372),(564346645,83.74,'2023-03-12 00:00:00',1,315),(564346646,423.42,'2023-06-11 00:00:00',1,433),(564346647,40.95,'2023-05-08 00:00:00',1,661),(564346648,78.20,'2023-09-10 00:00:00',1,582),(564346649,268.08,'2024-01-23 00:00:00',1,579),(564346650,95.98,'2023-05-16 00:00:00',1,45),(564346651,408.49,'2024-01-28 00:00:00',1,29),(564346652,84.27,'2023-03-31 00:00:00',1,506),(564346653,193.25,'2023-07-26 00:00:00',1,138);
/*!40000 ALTER TABLE `Payment` ENABLE KEYS */;
UNLOCK TABLES;

--
-- Table structure for table `PaymentProfiles`
--

DROP TABLE IF EXISTS `PaymentProfiles`;
/*!40101 SET @saved_cs_client     = @@character_set_client */;
/*!50503 SET character_set_client = utf8mb4 */;
CREATE TABLE `PaymentProfiles` (
  `PaymentProfileID` int NOT NULL,
  `PaymentType` varchar(10) NOT NULL,
  `Card` varchar(20) DEFAULT NULL,
  `BankAccount` varchar(20) DEFAULT NULL,
  `RoutingNumber` varchar(12) DEFAULT NULL,
  `CardBankIssuer` varchar(15) NOT NULL,
  `TokenNum` varchar(42) NOT NULL,
  `CustomerID` int NOT NULL,
  PRIMARY KEY (`PaymentProfileID`),
  KEY `fk_PaymentProfiles_Customers1_idx` (`CustomerID`),
  CONSTRAINT `fk_PaymentProfiles_Customers1` FOREIGN KEY (`CustomerID`) REFERENCES `Customers` (`CustomerID`)
) ENGINE=InnoDB DEFAULT CHARSET=utf8mb4 COLLATE=utf8mb4_0900_ai_ci;
/*!40101 SET character_set_client = @saved_cs_client */;

--
-- Dumping data for table `PaymentProfiles`
--

LOCK TABLES `PaymentProfiles` WRITE;
/*!40000 ALTER TABLE `PaymentProfiles` DISABLE KEYS */;
INSERT INTO `PaymentProfiles` VALUES (1,'Card','XXXXXX5634',NULL,NULL,'Discover','f8bcd4a1-4f1d-4bfb-9c1f-0a10fee81e6d',190),(2,'Card','XXXXXX5637',NULL,NULL,'Discover','17179df7-eb35-4b1a-9b5c-261be4695fb4',178),(3,'Bank',NULL,'XXXXXX3530','XXXXX095','Visa','9ba4c1c7-5ffb-49a3-8440-2eb0a499a6e4',660),(4,'Bank',NULL,'XXXXXX3532','XXXXX097','Visa','1e0059ed-e5e9-4fe2-8600-f7e906f9790e',276),(5,'Card','XXXXXX5646',NULL,NULL,'Discover','060eb2e8-4f0c-420d-be90-ce362a8243d3',302),(6,'Bank',NULL,'XXXXXX3536','XXXXX101','Discover','9d82791f-1882-4686-8bfb-4bee21db6cbe',17),(7,'Card','XXXXXX5652',NULL,NULL,'Mastercard','0734c473-a919-4ed5-9408-dd1dbdaeead7',399),(8,'Bank',NULL,'XXXXXX3540','XXXXX105','Visa','bef4328d-981f-42d5-80b6-3cb4d97b37fe',886),(9,'Bank',NULL,'XXXXXX3542','XXXXX107','Visa','85767736-96a3-45c8-9232-f71867849fea',398),(10,'Bank',NULL,'XXXXXX3544','XXXXX109','Mastercard','e05dccc8-27ed-4581-a5ca-63167ed9da4e',698),(11,'Bank',NULL,'XXXXXX3546','XXXXX111','Mastercard','1c831c85-7982-4acb-9ec6-232e87af6291',984),(12,'Card','XXXXXX5667',NULL,NULL,'Discover','fbf5bcc1-7453-48bc-ae8f-c6643f741490',943),(13,'Card','XXXXXX5670',NULL,NULL,'Visa','496445ff-38f6-43e7-8439-4c2f3ab7ecfb',874),(14,'Bank',NULL,'XXXXXX3552','XXXXX117','Mastercard','58e9dee1-c2d4-404b-93f9-4eb6f023e2cb',698),(15,'Card','XXXXXX5676',NULL,NULL,'Discover','9ae9a82a-8b7c-44d3-b8c0-be46f678ea27',261),(16,'Bank',NULL,'XXXXXX3556','XXXXX121','Discover','f279ea1d-b876-4687-a627-a5a3dd3a488c',139),(17,'Bank',NULL,'XXXXXX3558','XXXXX123','Visa','e2d13a5b-ce7a-4bb4-8058-374577aee4e6',806),(18,'Card','XXXXXX5685',NULL,NULL,'Mastercard','2324e8ea-5617-4038-963f-d834988ed877',77),(19,'Card','XXXXXX5688',NULL,NULL,'Mastercard','f72e7ce3-fbec-479d-a605-8e8a260291e8',70),(20,'Card','XXXXXX5691',NULL,NULL,'Discover','7f3e2990-5964-438d-baf8-9418d9302c40',423),(21,'Bank',NULL,'XXXXXX3566','XXXXX131','Discover','ecf92403-f45e-4835-a4dc-d4cc4fc0676f',134),(22,'Bank',NULL,'XXXXXX3568','XXXXX133','Mastercard','13456e89-5269-47a0-809b-c7c89aeefd40',698),(23,'Card','XXXXXX5700',NULL,NULL,'Discover','b8d01817-ac61-47b7-b710-e4495b1af95f',16),(24,'Bank',NULL,'XXXXXX3572','XXXXX137','Visa','496fc57f-13df-4065-87d8-b20fba9e058e',6),(25,'Bank',NULL,'XXXXXX3574','XXXXX139','Discover','582eefbb-5eac-4271-b69d-833385f66b25',235),(26,'Card','XXXXXX5709',NULL,NULL,'Discover','2b7ba709-9f89-485c-981d-3434a947f443',794),(27,'Card','XXXXXX5712',NULL,NULL,'Visa','01591c8d-e2a6-4f3b-bb65-4e2c013fa7bb',672),(28,'Bank',NULL,'XXXXXX3580','XXXXX145','Mastercard','ef2d9d1e-c781-410c-8030-2a79384797f0',709),(29,'Card','XXXXXX5718',NULL,NULL,'Discover','208cc437-4aad-40ec-8e89-62a82c4bc2b5',61),(30,'Card','XXXXXX5721',NULL,NULL,'Mastercard','a717a357-d3af-484f-8da1-f092b480f537',727),(31,'Card','XXXXXX5724',NULL,NULL,'Discover','6c074630-0527-4a42-9e7a-0e9bbfda2f34',396),(32,'Bank',NULL,'XXXXXX3588','XXXXX153','Visa','0aafc6fa-77f1-4fcf-b48c-5764dfb7c17d',968),(33,'Card','XXXXXX5730',NULL,NULL,'Visa','dd842564-88f4-4a5e-b6a4-b8d5b4b5df33',190),(34,'Card','XXXXXX5733',NULL,NULL,'Discover','60a80286-bdb4-487b-9d62-b10a03accf71',597),(35,'Card','XXXXXX5736',NULL,NULL,'Visa','e698eee9-ca50-443e-a60a-e0e393efe10e',569),(36,'Card','XXXXXX5739',NULL,NULL,'Mastercard','fac0e550-2a7d-43c7-9867-eb1253434fb2',671),(37,'Card','XXXXXX5742',NULL,NULL,'Mastercard','f3bd2bbd-54f6-4bd7-a599-51573fcbe1d1',415),(38,'Bank',NULL,'XXXXXX3600','XXXXX165','Visa','0517fc64-e615-4c3b-bef7-a6f738f8683c',185),(39,'Bank',NULL,'XXXXXX3602','XXXXX167','Mastercard','5b83affc-3419-48a7-af1f-ec2606f37a74',451),(40,'Card','XXXXXX5751',NULL,NULL,'Visa','2e262b7b-2cb2-4ced-9ea2-ceffa8b79b7d',274),(41,'Bank',NULL,'XXXXXX3606','XXXXX171','Mastercard','a6511ff1-d42c-4f87-93d5-220e96b645fd',49),(42,'Bank',NULL,'XXXXXX3608','XXXXX173','Visa','ad55d312-92db-405f-b3bd-deebc5cee572',674),(43,'Card','XXXXXX5760',NULL,NULL,'Discover','edf5bc12-697c-4a18-8d93-5af68345c26f',172),(44,'Card','XXXXXX5763',NULL,NULL,'Visa','2958450c-0cb9-4c06-b83a-8dfb14315959',885),(45,'Bank',NULL,'XXXXXX3614','XXXXX179','Visa','e9aae3ce-3f3e-4529-8c5a-21aecbd25cb6',656),(46,'Bank',NULL,'XXXXXX3616','XXXXX181','Mastercard','74db5b59-b434-4512-acf0-c87ac6199264',617),(47,'Bank',NULL,'XXXXXX3618','XXXXX183','Visa','8e02b384-62a6-4ffe-9c09-147f0881c85c',512),(48,'Card','XXXXXX5775',NULL,NULL,'Visa','b29e13d7-7295-44c6-bb1a-43917a57cf55',173),(49,'Bank',NULL,'XXXXXX3622','XXXXX187','Visa','edd786c5-b412-44c0-9d46-43ebb7041a12',751),(50,'Card','XXXXXX5781',NULL,NULL,'Discover','5cb1d2bb-e451-435e-a799-224774ffceac',611),(51,'Bank',NULL,'XXXXXX3626','XXXXX191','Discover','1429ba82-83ef-400c-b68e-834048e66c03',724),(52,'Bank',NULL,'XXXXXX3628','XXXXX193','Mastercard','0d8aa83f-9883-44de-b480-5e9fcc1d435d',487),(53,'Bank',NULL,'XXXXXX3630','XXXXX195','Visa','fa211d54-1268-4b3c-8803-eb8b195586e7',889),(54,'Bank',NULL,'XXXXXX3632','XXXXX197','Visa','7cead4de-7a71-4124-8c12-4d434d4570fc',844),(55,'Card','XXXXXX5796',NULL,NULL,'Visa','f54065ec-b2ad-4db6-92c4-5781984e42d6',718),(56,'Bank',NULL,'XXXXXX3636','XXXXX201','Discover','31ba8a78-17af-47d3-89a9-b894296ee4ea',328),(57,'Bank',NULL,'XXXXXX3638','XXXXX203','Mastercard','9b45370e-120e-4cb5-866c-ab7c30a17fd5',550),(58,'Bank',NULL,'XXXXXX3640','XXXXX205','Visa','9b6b9590-07bd-42c5-b79a-602d4338d858',37),(59,'Bank',NULL,'XXXXXX3642','XXXXX207','Discover','bca6d5d6-aa45-4f13-982d-38ae6467f6b0',995),(60,'Bank',NULL,'XXXXXX3644','XXXXX209','Visa','b37fe33b-92bd-43c5-b8d1-4e5c7a9e73cd',591),(61,'Card','XXXXXX5814',NULL,NULL,'Discover','80be78d7-f1f3-46c6-9e0a-931d50d6a35c',78),(62,'Bank',NULL,'XXXXXX3648','XXXXX213','Discover','171b3e2a-742a-434a-addb-84c208502ed1',178),(63,'Card','XXXXXX5820',NULL,NULL,'Visa','472bcd21-2385-4b9f-93d4-1b059c00acc4',905),(64,'Bank',NULL,'XXXXXX3652','XXXXX217','Discover','b8a0cd01-99e2-4f59-909a-7f67d997bec3',598),(65,'Card','XXXXXX5826',NULL,NULL,'Visa','0a2281aa-de94-46cc-8005-10fc940d0259',966),(66,'Bank',NULL,'XXXXXX3656','XXXXX221','Discover','fffa9e17-c7f0-432a-a9d5-8f1af08236f1',68),(67,'Card','XXXXXX5832',NULL,NULL,'Visa','6b0efeea-266a-491e-bc60-f9728b59149b',846),(68,'Bank',NULL,'XXXXXX3660','XXXXX225','Mastercard','2cd23e8b-994e-4f02-804b-bfb345f91800',107),(69,'Card','XXXXXX5838',NULL,NULL,'Discover','b5c1ca3a-6a0a-47d4-bb36-b692decc1ded',583),(70,'Card','XXXXXX5841',NULL,NULL,'Mastercard','9cb81b84-1468-40d8-acb0-567310b162f1',884),(71,'Card','XXXXXX5844',NULL,NULL,'Mastercard','f603f166-2c6a-4ec0-8940-d82b58a78810',261),(72,'Card','XXXXXX5847',NULL,NULL,'Mastercard','fcc29c4c-d24a-412c-a6d4-0602881b0512',75),(73,'Card','XXXXXX5850',NULL,NULL,'Mastercard','17d6e39d-6ee8-4209-be6e-ee9e48c2aaa8',710),(74,'Bank',NULL,'XXXXXX3672','XXXXX237','Visa','a5d5da66-1ccb-4b2f-b82d-340110c94c82',846),(75,'Card','XXXXXX5856',NULL,NULL,'Mastercard','80be0620-7a9f-4906-95a9-8b10981a04cf',526),(76,'Bank',NULL,'XXXXXX3676','XXXXX241','Mastercard','7f23f632-545b-4086-a07e-23629dbada66',446),(77,'Card','XXXXXX5862',NULL,NULL,'Discover','4bd32e4f-f66d-4737-a77a-57d4252813db',622),(78,'Card','XXXXXX5865',NULL,NULL,'Visa','b0989311-4527-426b-931e-6bee1caf7b32',822),(79,'Bank',NULL,'XXXXXX3682','XXXXX247','Discover','af061cd4-6220-4395-b5ff-d5aae87dd181',442),(80,'Bank',NULL,'XXXXXX3684','XXXXX249','Discover','2aeb9f06-06b1-4637-af3d-4c353a88828f',11),(81,'Bank',NULL,'XXXXXX3686','XXXXX251','Discover','ebac862d-478b-4dee-916b-90d420fd24a4',373),(82,'Card','XXXXXX5877',NULL,NULL,'Mastercard','08b2520d-89ec-4b82-b403-ef8a9d3fb040',321),(83,'Card','XXXXXX5880',NULL,NULL,'Discover','337a755c-d824-469d-9b65-fdd49d9435d5',529),(84,'Bank',NULL,'XXXXXX3692','XXXXX257','Visa','29811da6-7cdc-4338-8559-97b51ff06c16',853),(85,'Card','XXXXXX5886',NULL,NULL,'Discover','75db842b-9c4d-4f47-93b6-ee1011996050',767),(86,'Card','XXXXXX5889',NULL,NULL,'Mastercard','3baeaaf2-7c42-4a38-8426-7ecdd5454f4a',759),(87,'Bank',NULL,'XXXXXX3698','XXXXX263','Visa','57a35100-42c7-4bcf-a8c0-c5b6bfdc1dd9',4),(88,'Bank',NULL,'XXXXXX3700','XXXXX265','Visa','4b70c070-4540-4e17-85f8-46a75df2c4be',442),(89,'Bank',NULL,'XXXXXX3702','XXXXX267','Visa','2550b984-c1ba-4d69-93ed-169cf865eb49',825),(90,'Card','XXXXXX5901',NULL,NULL,'Visa','5e3a055f-f3ce-44a3-b6b5-e44b59206c4b',219),(91,'Card','XXXXXX5904',NULL,NULL,'Mastercard','b12b3c64-6f0f-4208-a5f4-37807fec9982',76),(92,'Card','XXXXXX5907',NULL,NULL,'Discover','79a96a6c-8381-4d34-9b27-0916f86733ca',513),(93,'Bank',NULL,'XXXXXX3710','XXXXX275','Visa','f2599271-dbac-4a9e-82e8-be50ec1bcedc',488),(94,'Card','XXXXXX5913',NULL,NULL,'Visa','99cb1da3-a403-4e07-9967-9d5d07917c51',495),(95,'Bank',NULL,'XXXXXX3714','XXXXX279','Discover','d2ad7f2b-c50f-44be-bc28-196477a14c10',780),(96,'Bank',NULL,'XXXXXX3716','XXXXX281','Visa','98d4fd40-c9f8-4dc7-905d-896f66cadb68',995),(97,'Bank',NULL,'XXXXXX3718','XXXXX283','Visa','40f60487-d2c3-4cc9-8986-077f0c182c0e',15),(98,'Card','XXXXXX5925',NULL,NULL,'Discover','eebfa72d-2c48-4031-ac74-20c166cdf5bf',766),(99,'Bank',NULL,'XXXXXX3722','XXXXX287','Mastercard','beecd4d8-7be6-493f-bcce-f2fa2cd67082',432),(100,'Card','XXXXXX5931',NULL,NULL,'Visa','29e93fb0-cf8c-4b69-88ca-212c4979c4f0',226),(101,'Card','XXXXXX5934',NULL,NULL,'Mastercard','310a8fc4-d2f4-4aa0-8117-b5b1456df8ca',689),(102,'Bank',NULL,'XXXXXX3728','XXXXX293','Mastercard','8c19a790-821c-4251-8135-63faf542cd74',360),(103,'Card','XXXXXX5940',NULL,NULL,'Visa','e4bd9cfe-4e63-4ca9-bde9-52d1b10ea2cc',549),(104,'Card','XXXXXX5943',NULL,NULL,'Visa','7a7cb5d6-6185-4b74-b8e9-3b557f6c8b24',189),(105,'Card','XXXXXX5946',NULL,NULL,'Discover','dc70055a-b5af-44db-bb68-72e8d4c90d36',402),(106,'Card','XXXXXX5949',NULL,NULL,'Visa','146614e9-e701-4303-aef7-e8e8af459153',290),(107,'Card','XXXXXX5952',NULL,NULL,'Discover','56f53ae7-fdcb-4479-8c85-4de0ef00d1cd',979),(108,'Card','XXXXXX5955',NULL,NULL,'Mastercard','2f2eb035-0b1f-4a3f-9206-e4058b356525',195),(109,'Bank',NULL,'XXXXXX3742','XXXXX307','Discover','04ceb238-5f74-4c1e-bc58-3dbe5e4fcd85',458),(110,'Card','XXXXXX5961',NULL,NULL,'Visa','df073b89-9875-47eb-9e73-829674f5d9ce',269),(111,'Card','XXXXXX5964',NULL,NULL,'Discover','99374f2e-c70f-4961-bb74-11bb41f2bc3c',824),(112,'Card','XXXXXX5967',NULL,NULL,'Visa','a8d13097-cd98-4989-886b-57f0710c09ac',291),(113,'Card','XXXXXX5970',NULL,NULL,'Discover','fc380e53-b4e6-4dd9-8988-ab159983556e',512),(114,'Card','XXXXXX5973',NULL,NULL,'Visa','c6facfac-a65d-4381-8e95-a2ea2a74f05b',950),(115,'Card','XXXXXX5976',NULL,NULL,'Visa','7373c391-2050-4d34-b503-3d3c45e77fd6',322),(116,'Bank',NULL,'XXXXXX3756','XXXXX321','Mastercard','bc3b3d8d-2818-4e49-a989-b9b176a5dc1d',408),(117,'Card','XXXXXX5982',NULL,NULL,'Discover','c58046a5-f599-4559-806d-4d86df97bffd',462),(118,'Card','XXXXXX5985',NULL,NULL,'Visa','e6a889b4-cd87-447c-929f-04aea95e52ca',951),(119,'Card','XXXXXX5988',NULL,NULL,'Discover','e97edbe6-e025-46f5-b00a-428bf541d1cc',897),(120,'Bank',NULL,'XXXXXX3764','XXXXX329','Discover','285b8b43-4849-460b-922d-9f219c6d1a98',88),(121,'Card','XXXXXX5994',NULL,NULL,'Discover','5a842137-2f8e-4dcf-a9fd-9ab2ba29c925',231),(122,'Card','XXXXXX5997',NULL,NULL,'Discover','eac87740-d8a2-4fb1-b060-10b574fa8e5b',449),(123,'Card','XXXXXX6000',NULL,NULL,'Visa','c1571a67-fb8f-4fc9-8658-488801890e1b',949),(124,'Bank',NULL,'XXXXXX3772','XXXXX337','Discover','80349530-7ea8-46e4-9c58-06901c4708b9',28),(125,'Bank',NULL,'XXXXXX3774','XXXXX339','Visa','6c32c75a-bf50-4d11-9c61-356cc2f6eb94',553),(126,'Bank',NULL,'XXXXXX3776','XXXXX341','Discover','63a4f89e-0e72-459b-98c6-f942944d3368',970),(127,'Bank',NULL,'XXXXXX3778','XXXXX343','Discover','a497478f-2420-4ac1-9c8c-bf673a07024b',778),(128,'Card','XXXXXX6015',NULL,NULL,'Discover','2bfc714e-db13-44f6-b29b-1596fbdcc854',774),(129,'Card','XXXXXX6018',NULL,NULL,'Mastercard','a7d62ea9-c784-4396-9aae-b86280cf2c61',741),(130,'Card','XXXXXX6021',NULL,NULL,'Mastercard','fda5a05a-8ffc-4be5-b16c-c64e2913443c',151),(131,'Card','XXXXXX6024',NULL,NULL,'Mastercard','395edc4a-7486-4784-9639-0ac2e5051720',289),(132,'Bank',NULL,'XXXXXX3788','XXXXX353','Discover','a82aac6d-1dda-442a-ae19-7bb6b0ff538c',268),(133,'Card','XXXXXX6030',NULL,NULL,'Visa','3667a549-0951-4e52-8ee3-b767e9c9956a',878),(134,'Card','XXXXXX6033',NULL,NULL,'Visa','979d5bcd-0464-411b-bcb3-403d68559736',602),(135,'Bank',NULL,'XXXXXX3794','XXXXX359','Mastercard','8b541a70-d161-4d38-8df8-7db8a9e5d74f',614),(136,'Card','XXXXXX6039',NULL,NULL,'Visa','16e7a5ce-49b2-43e4-a3ee-67fc7289a59d',303),(137,'Bank',NULL,'XXXXXX3798','XXXXX363','Mastercard','dd743b70-c902-4dac-9ffd-31b3bcb4f49d',675),(138,'Bank',NULL,'XXXXXX3800','XXXXX365','Discover','95d2e9c5-c7fd-4925-b5da-7545e247e98b',317),(139,'Bank',NULL,'XXXXXX3802','XXXXX367','Discover','f297d07c-3c0a-4f20-bc2d-d576c8c559c5',410),(140,'Bank',NULL,'XXXXXX3804','XXXXX369','Visa','b663f979-00fc-47c9-bacc-c42554811c73',10),(141,'Card','XXXXXX6054',NULL,NULL,'Mastercard','93d6f86d-63ba-4956-a353-94c60bb0914b',114),(142,'Card','XXXXXX6057',NULL,NULL,'Discover','f13500bd-66ba-4a33-b16d-495d1ac654b3',558),(143,'Card','XXXXXX6060',NULL,NULL,'Visa','d7dd8247-7989-4c39-a9ca-ed4e64e90c1f',981),(144,'Bank',NULL,'XXXXXX3812','XXXXX377','Discover','62e872be-287a-470f-8c27-3c45f3f7a103',676),(145,'Bank',NULL,'XXXXXX3814','XXXXX379','Discover','2d08ba08-3920-4920-8eff-f55b3cdf3e10',993),(146,'Card','XXXXXX6069',NULL,NULL,'Mastercard','c02ea21f-c018-41de-837e-8f725cafc396',920),(147,'Card','XXXXXX6072',NULL,NULL,'Discover','4b886076-8220-4afb-b617-7dea517b4d5c',631),(148,'Bank',NULL,'XXXXXX3820','XXXXX385','Discover','418b8e0c-33e5-4af3-9aed-71704976ad15',852),(149,'Bank',NULL,'XXXXXX3822','XXXXX387','Discover','b3e5c411-8ff8-47cd-a6f2-e9cd124a0caf',472),(150,'Card','XXXXXX6081',NULL,NULL,'Visa','c7c24bab-f93c-47e7-971a-a19924cd6d76',226),(151,'Card','XXXXXX6084',NULL,NULL,'Visa','226e3bd1-f751-4225-92e4-7b5d5b82a73f',229),(152,'Bank',NULL,'XXXXXX3828','XXXXX393','Mastercard','a22a3151-fa82-44f8-8e54-4e9609a3bd93',417),(153,'Card','XXXXXX6090',NULL,NULL,'Mastercard','e8bb7bfb-efbd-4ea5-b696-f5a48b697179',532),(154,'Bank',NULL,'XXXXXX3832','XXXXX397','Discover','a7b54783-6c2e-44cf-badb-6d772204dd0b',74),(155,'Bank',NULL,'XXXXXX3834','XXXXX399','Visa','512da783-9c1a-4a73-b6ab-e0250f5d8d91',852),(156,'Card','XXXXXX6099',NULL,NULL,'Mastercard','53659769-2b29-4939-afaa-5364738bbd86',489),(157,'Card','XXXXXX6102',NULL,NULL,'Discover','1e4a54d0-2209-4255-9880-29792837ed1a',694),(158,'Bank',NULL,'XXXXXX3840','XXXXX405','Mastercard','509a60ad-f3a9-4ee2-b00f-6b9c12e571f9',958),(159,'Bank',NULL,'XXXXXX3842','XXXXX407','Mastercard','82e0098f-2dc6-46be-97cd-da5b5154492d',931),(160,'Card','XXXXXX6111',NULL,NULL,'Mastercard','0537f033-75f4-4a62-a528-ed6f6c87e808',85),(161,'Bank',NULL,'XXXXXX3846','XXXXX411','Visa','c2074a1c-8747-49c3-9db8-0c8b3867fbab',293),(162,'Bank',NULL,'XXXXXX3848','XXXXX413','Discover','91d1694b-ec11-4490-a823-6be737f1d2d1',287),(163,'Card','XXXXXX6120',NULL,NULL,'Visa','d6fcd0dd-4555-40ee-bf71-28ffbfdbbe73',710),(164,'Bank',NULL,'XXXXXX3852','XXXXX417','Mastercard','4c275ed9-ca12-4836-a839-4e9ae34e5f8d',768),(165,'Card','XXXXXX6126',NULL,NULL,'Visa','85896598-0afc-46b2-9cb8-f29b020b1f39',596),(166,'Card','XXXXXX6129',NULL,NULL,'Mastercard','4408124e-6c90-4c60-b769-5cedd5be2198',135),(167,'Card','XXXXXX6132',NULL,NULL,'Visa','e6b7c4f9-9cad-40ff-aa18-98f2fd27134c',604),(168,'Card','XXXXXX6135',NULL,NULL,'Discover','75d0080f-4221-418d-b68a-6cf31d33ffb2',520),(169,'Bank',NULL,'XXXXXX3862','XXXXX427','Discover','744dbaa3-2880-4563-8377-fa5af5792580',170),(170,'Card','XXXXXX6141',NULL,NULL,'Visa','ac4c8415-f9bb-45c1-9cec-2f5e1169cd08',384),(171,'Card','XXXXXX6144',NULL,NULL,'Discover','a15ba5c3-73b9-4c62-b39d-593f3facc716',647),(172,'Card','XXXXXX6147',NULL,NULL,'Visa','40026fde-7076-44e5-a334-287ccad5a53d',733),(173,'Card','XXXXXX6150',NULL,NULL,'Visa','1a87e42f-f069-43f4-91fe-790c8322cbf0',711),(174,'Bank',NULL,'XXXXXX3872','XXXXX437','Discover','9efcd587-029b-4844-b80e-bafef40727dd',130),(175,'Card','XXXXXX6156',NULL,NULL,'Visa','313c420f-d93c-4f85-8fe2-c5e2dc1d2fa3',537),(176,'Card','XXXXXX6159',NULL,NULL,'Discover','676903bd-7955-4c1e-a036-bf5f2dcd9c47',112),(177,'Bank',NULL,'XXXXXX3878','XXXXX443','Visa','46e84589-20e2-41dd-90c4-77f089be8904',699),(178,'Bank',NULL,'XXXXXX3880','XXXXX445','Mastercard','d0d0805a-6336-4e13-bbd7-ba7f16afbf36',964),(179,'Bank',NULL,'XXXXXX3882','XXXXX447','Visa','f4368324-6ed4-4de5-b22b-e99598311d4b',603),(180,'Card','XXXXXX6171',NULL,NULL,'Visa','f74008a4-5fc5-4f12-a122-d000480ac91d',795),(181,'Bank',NULL,'XXXXXX3886','XXXXX451','Discover','cf42e1db-cc58-4d69-9ac9-5a59e225977c',728),(182,'Card','XXXXXX6177',NULL,NULL,'Discover','b4e47a1f-f922-4aef-9410-719fa0fbb634',72),(183,'Bank',NULL,'XXXXXX3890','XXXXX455','Visa','13f901d4-d0d3-4304-bacd-f3ea374ecd5a',487),(184,'Bank',NULL,'XXXXXX3892','XXXXX457','Discover','30f4cf05-2278-4525-ac6c-a6c2ebfc1cb8',428),(185,'Bank',NULL,'XXXXXX3894','XXXXX459','Mastercard','d9ec6894-3839-4b9e-bbc5-8acdec97351d',996),(186,'Card','XXXXXX6189',NULL,NULL,'Discover','1000add2-f4a0-47c7-b178-05b606fea215',747),(187,'Bank',NULL,'XXXXXX3898','XXXXX463','Discover','6c449188-5ca2-4825-8f1f-e0979c66d4d5',313),(188,'Bank',NULL,'XXXXXX3900','XXXXX465','Discover','56b7b864-4acd-4b8d-abe5-6fcba920a79b',180),(189,'Bank',NULL,'XXXXXX3902','XXXXX467','Discover','61a07cde-d222-4120-ae3c-a3ef20b13653',974),(190,'Card','XXXXXX6201',NULL,NULL,'Visa','8cb7a1ee-988a-4fd9-9d10-f4eadb27d084',579),(191,'Card','XXXXXX6204',NULL,NULL,'Mastercard','a2723931-9e47-4ec5-bbe2-4ecbc706a726',13),(192,'Bank',NULL,'XXXXXX3908','XXXXX473','Visa','7ab7eb79-797d-4f70-a29a-6dc4d4f54006',914),(193,'Card','XXXXXX6210',NULL,NULL,'Discover','e3ff7728-7429-449a-8048-d6810af9a0e6',584),(194,'Card','XXXXXX6213',NULL,NULL,'Discover','db438674-22d4-40d6-ba9a-08f4c048a0d5',41),(195,'Bank',NULL,'XXXXXX3914','XXXXX479','Visa','3dcb4f87-7bcd-40fb-a892-2d7e052bca22',246),(196,'Card','XXXXXX6219',NULL,NULL,'Mastercard','d7aa1216-8b59-41f5-9535-cc86501d8454',932),(197,'Card','XXXXXX6222',NULL,NULL,'Visa','f68f2c86-d1d5-4604-9fed-207c9c548ecc',310),(198,'Card','XXXXXX6225',NULL,NULL,'Visa','413ccdf4-5e1a-4266-abb0-62a9a3206504',256),(199,'Card','XXXXXX6228',NULL,NULL,'Discover','0e248d3d-adc8-49a6-ae93-ffad97c01364',797),(200,'Card','XXXXXX6231',NULL,NULL,'Mastercard','a4ed672f-0d55-4edf-b701-0013f29b53e8',89),(201,'Bank',NULL,'XXXXXX3926','XXXXX491','Visa','1af26c1a-ed3b-4dbe-ac9e-69ccbc3460dc',945),(202,'Card','XXXXXX6237',NULL,NULL,'Mastercard','64ec110f-336c-450d-a151-f158ac402d94',611),(203,'Bank',NULL,'XXXXXX3930','XXXXX495','Visa','e0e8414f-c615-4a11-9c1a-92ff2de466e7',255),(204,'Bank',NULL,'XXXXXX3932','XXXXX497','Visa','ee9f843c-8de0-4982-a619-f93afd04118b',128),(205,'Card','XXXXXX6246',NULL,NULL,'Mastercard','4cfb9efa-dbb8-44fb-8a29-6b220cf35482',61),(206,'Bank',NULL,'XXXXXX3936','XXXXX501','Visa','500f7e47-4264-43c3-bcff-934343f9ee7a',70),(207,'Bank',NULL,'XXXXXX3938','XXXXX503','Discover','f843c564-460a-4490-b433-496ca91565ce',199),(208,'Bank',NULL,'XXXXXX3940','XXXXX505','Discover','5bc02b30-bfdb-428b-8525-abb0702345ee',150),(209,'Bank',NULL,'XXXXXX3942','XXXXX507','Visa','0af05a62-99b9-4c1f-84f5-d8d3b1b53cc3',66),(210,'Bank',NULL,'XXXXXX3944','XXXXX509','Discover','0394d7fe-0530-4a98-acc6-451a622ea025',365),(211,'Card','XXXXXX6264',NULL,NULL,'Discover','a2e50911-e1bc-4e19-9ba5-eda2bad006e6',439),(212,'Card','XXXXXX6267',NULL,NULL,'Discover','c39d4bbc-e48c-4b02-ba27-bcff122487c6',828),(213,'Card','XXXXXX6270',NULL,NULL,'Mastercard','46279bc5-4d56-4a32-91e4-22d44523e381',935),(214,'Card','XXXXXX6273',NULL,NULL,'Visa','02bc9f50-c4c4-4bec-a7a6-1ffc05fda3b5',676),(215,'Bank',NULL,'XXXXXX3954','XXXXX519','Visa','bbb11381-29aa-4fb6-bc8b-544324044b0d',851),(216,'Bank',NULL,'XXXXXX3956','XXXXX521','Mastercard','0b1620a9-d021-4d88-a66d-6b1f8a6df147',402),(217,'Bank',NULL,'XXXXXX3958','XXXXX523','Visa','870e9c0a-5c76-4e9c-97e2-013ff1f457b9',639),(218,'Card','XXXXXX6285',NULL,NULL,'Mastercard','eb7a8e9a-a2f6-4283-afb9-f4975d1d75ad',984),(219,'Card','XXXXXX6288',NULL,NULL,'Discover','b5af94ba-b2f0-478b-9d55-6e3d43efd8f8',559),(220,'Bank',NULL,'XXXXXX3964','XXXXX529','Discover','86beac67-ca3b-4171-babe-d4e6fdd730bc',12),(221,'Card','XXXXXX6294',NULL,NULL,'Visa','33678984-03cf-4106-af0e-8e9610768f5d',717),(222,'Card','XXXXXX6297',NULL,NULL,'Discover','6fa9230e-4eae-412a-910b-66c94769016b',594),(223,'Bank',NULL,'XXXXXX3970','XXXXX535','Visa','2ca4e05c-6de8-4660-95ed-7e4513b5d9a3',620),(224,'Card','XXXXXX6303',NULL,NULL,'Mastercard','aedf2c4e-6966-46d9-a35e-db325969dc6b',820),(225,'Card','XXXXXX6306',NULL,NULL,'Visa','52312ce6-25e2-4231-bf59-70d3c4904bfb',860),(226,'Card','XXXXXX6309',NULL,NULL,'Discover','9ceddcbf-f0a5-404e-aabc-1a79308af76d',347),(227,'Bank',NULL,'XXXXXX3978','XXXXX543','Discover','5e07cbb1-5eed-4d15-b859-d96820c1ea87',329),(228,'Card','XXXXXX6315',NULL,NULL,'Visa','ce136f9e-ae0f-4648-80cb-c0823987d71f',346),(229,'Card','XXXXXX6318',NULL,NULL,'Discover','a5ca566a-59f3-47f2-8965-81b95a158d24',305),(230,'Card','XXXXXX6321',NULL,NULL,'Visa','3f8e5f21-3bd0-4c18-80ff-ddf5f9ec99bb',820),(231,'Bank',NULL,'XXXXXX3986','XXXXX551','Mastercard','126fbfb3-37f3-460c-bd07-a49b75002339',619),(232,'Bank',NULL,'XXXXXX3988','XXXXX553','Discover','dceb1863-e7bd-41f5-8a21-f54c4179ebbf',581),(233,'Card','XXXXXX6330',NULL,NULL,'Visa','da484f3d-2d1f-4f4f-9549-90ae9943d7ee',265),(234,'Card','XXXXXX6333',NULL,NULL,'Discover','18fdb6de-600a-4b29-b7dc-808686cf7d92',374),(235,'Bank',NULL,'XXXXXX3994','XXXXX559','Mastercard','2af6527a-4842-4ef3-bf1a-53d81ad4b2f4',829),(236,'Bank',NULL,'XXXXXX3996','XXXXX561','Discover','e72c6e86-f7da-405b-8f3f-d8ce9a7e16ca',807),(237,'Card','XXXXXX6342',NULL,NULL,'Mastercard','b484083f-319a-41fb-8efd-5c201316738a',923),(238,'Card','XXXXXX6345',NULL,NULL,'Mastercard','6601a6dc-1c3a-4291-b936-f31ceb944913',899),(239,'Card','XXXXXX6348',NULL,NULL,'Mastercard','7fdc8bc5-c84a-4d96-9ccc-0fd46e6b6dae',298),(240,'Card','XXXXXX6351',NULL,NULL,'Discover','a884ff32-e1f1-4633-afe8-4398fc798c9b',548),(241,'Card','XXXXXX6354',NULL,NULL,'Visa','72021c3b-e506-4fc6-a928-03af59db5b5a',972),(242,'Bank',NULL,'XXXXXX4008','XXXXX573','Visa','bdbb4fa3-2fea-45a1-b96f-bd45ea3464e6',155),(243,'Card','XXXXXX6360',NULL,NULL,'Discover','1aaf9238-4cdd-4cd9-8be0-a0e3e43f2bbf',870),(244,'Bank',NULL,'XXXXXX4012','XXXXX577','Visa','432dd25f-12a8-4dd4-882f-d90b0b49fe63',624),(245,'Card','XXXXXX6366',NULL,NULL,'Visa','a70eec0f-94eb-48b4-afcd-29e63cd3b166',103),(246,'Bank',NULL,'XXXXXX4016','XXXXX581','Discover','687a9f4a-d8ef-46bc-b74e-40e2f585b2e7',250),(247,'Bank',NULL,'XXXXXX4018','XXXXX583','Discover','d6f3c7a0-10b9-4aba-960b-751e966eb6ac',565),(248,'Card','XXXXXX6375',NULL,NULL,'Mastercard','920f9b54-7780-45f8-887e-a21a2ce1d156',78),(249,'Card','XXXXXX6378',NULL,NULL,'Visa','884b2c4c-eeea-4f2f-97fa-b37199f97dbc',299),(250,'Bank',NULL,'XXXXXX4024','XXXXX589','Discover','8946c769-9906-461e-aace-ba3a50d0b41d',573),(251,'Bank',NULL,'XXXXXX4026','XXXXX591','Visa','772f25b8-b501-48ea-ad3c-54b9e36a2d1e',14),(252,'Card','XXXXXX6387',NULL,NULL,'Visa','fb7cabed-fa77-4ea0-b333-b5bb0de279b3',857),(253,'Bank',NULL,'XXXXXX4030','XXXXX595','Visa','8fad0652-8995-402b-ad39-49cab78634bc',597),(254,'Bank',NULL,'XXXXXX4032','XXXXX597','Mastercard','ddb82521-ce9c-444e-99f7-02c3a733a738',290),(255,'Card','XXXXXX6396',NULL,NULL,'Discover','9ccb8e93-883e-43fc-91d3-c26ab3205969',554),(256,'Bank',NULL,'XXXXXX4036','XXXXX601','Discover','f6175226-315c-41f1-9dea-23443d62f453',580),(257,'Card','XXXXXX6402',NULL,NULL,'Discover','cb1e8a90-2829-44a0-b627-428625c41c8e',425),(258,'Card','XXXXXX6405',NULL,NULL,'Visa','1bdf9143-63e3-46dc-90c1-3ca690c6cb5d',578),(259,'Bank',NULL,'XXXXXX4042','XXXXX607','Visa','c103019b-67f5-44a0-b345-e6f899140fd8',427),(260,'Bank',NULL,'XXXXXX4044','XXXXX609','Mastercard','4665f52d-6f74-44e8-8e44-ab33a850aa1d',906),(261,'Card','XXXXXX6414',NULL,NULL,'Mastercard','c853b8ff-2c7e-42b1-81d5-b3452572b362',807),(262,'Card','XXXXXX6417',NULL,NULL,'Discover','dc2138b1-ed8c-4a53-bb39-5ca6a94cb5ac',483),(263,'Bank',NULL,'XXXXXX4050','XXXXX615','Mastercard','f8b1df04-c57d-424a-969a-450a383aec78',623),(264,'Card','XXXXXX6423',NULL,NULL,'Discover','426bc97b-6dc8-49eb-bf99-f00d6855b59d',810),(265,'Card','XXXXXX6426',NULL,NULL,'Visa','e2422c0b-b4a8-454e-b263-214f1caab466',922),(266,'Card','XXXXXX6429',NULL,NULL,'Mastercard','569fd943-8dd2-4ca8-8b81-bd91270cabdc',438),(267,'Bank',NULL,'XXXXXX4058','XXXXX623','Mastercard','fb784216-9d1a-41d8-8551-d25ba8f06c28',98),(268,'Card','XXXXXX6435',NULL,NULL,'Discover','c8f4946f-bc8a-4e72-a036-068154bdce1e',708),(269,'Card','XXXXXX6438',NULL,NULL,'Mastercard','76fcaa7b-24f4-4f36-8bcd-7854f9f4985a',148),(270,'Card','XXXXXX6441',NULL,NULL,'Discover','a4ee3f37-bc89-4455-8d97-c6db6b6833d8',820),(271,'Bank',NULL,'XXXXXX4066','XXXXX631','Visa','4d684af1-3b78-4f5a-9c7a-52fd9c4cbee5',608),(272,'Bank',NULL,'XXXXXX4068','XXXXX633','Visa','3376769a-82f7-46a4-9e95-180c4db75ee7',696),(273,'Bank',NULL,'XXXXXX4070','XXXXX635','Discover','ba4f0547-991b-49ea-85a7-53aed004ce1b',552),(274,'Bank',NULL,'XXXXXX4072','XXXXX637','Mastercard','3615ce2f-d28c-4509-bbb5-c4f98640fb76',773),(275,'Card','XXXXXX6456',NULL,NULL,'Mastercard','3b252682-1cc1-4659-87ca-9a38d288b94e',727),(276,'Bank',NULL,'XXXXXX4076','XXXXX641','Discover','79248c1b-3d59-48e2-bd22-d4d2c4f76e55',460),(277,'Card','XXXXXX6462',NULL,NULL,'Discover','dd135078-bc30-4355-b772-de315e69affc',275),(278,'Card','XXXXXX6465',NULL,NULL,'Mastercard','6bdc7425-966e-4ecf-82fc-6a1b1f35bb1e',150),(279,'Card','XXXXXX6468',NULL,NULL,'Visa','ebf001ae-448f-4004-bb06-4cc150793993',818),(280,'Bank',NULL,'XXXXXX4084','XXXXX649','Discover','35d96f0d-85fc-4bc6-adc4-1a85ec69e433',834),(281,'Card','XXXXXX6474',NULL,NULL,'Visa','9d030862-44b9-43eb-a173-5cf598d3d6be',116),(282,'Bank',NULL,'XXXXXX4088','XXXXX653','Mastercard','c202ea79-6cbc-47e9-bb97-c6bb7c6d63e0',561),(283,'Card','XXXXXX6480',NULL,NULL,'Mastercard','54ede498-e70c-4037-ad6f-119adc1928eb',248),(284,'Bank',NULL,'XXXXXX4092','XXXXX657','Visa','c471c8fd-70ac-4ad7-a036-f0b21b01ed01',756),(285,'Card','XXXXXX6486',NULL,NULL,'Discover','e6cb0f64-5a4f-4813-a0dc-668ab72616db',642),(286,'Card','XXXXXX6489',NULL,NULL,'Discover','1362e9ee-6c73-4dda-8d85-bf1c42795c51',968),(287,'Card','XXXXXX6492',NULL,NULL,'Mastercard','5a1c786d-1247-44a3-b935-92caed49f104',382),(288,'Card','XXXXXX6495',NULL,NULL,'Discover','63ac9baf-68a4-4f25-ba2d-b7b482917bba',772),(289,'Bank',NULL,'XXXXXX4102','XXXXX667','Discover','8f12cf96-6784-433e-8b41-448b1a1399ec',400),(290,'Bank',NULL,'XXXXXX4104','XXXXX669','Visa','4fcfb6b5-538d-4480-a55c-0e0d00710fac',68),(291,'Card','XXXXXX6504',NULL,NULL,'Discover','46b0e84a-5679-4d8d-a344-0480ff08b415',36),(292,'Bank',NULL,'XXXXXX4108','XXXXX673','Discover','e6b76876-aa60-4b71-bdfa-73714b8d2c9a',85),(293,'Card','XXXXXX6510',NULL,NULL,'Visa','ab5c4706-1773-4310-a172-2c5b8ad908a6',626),(294,'Bank',NULL,'XXXXXX4112','XXXXX677','Visa','db7d461e-567d-4ccd-b77a-99191820b98b',870),(295,'Bank',NULL,'XXXXXX4114','XXXXX679','Discover','16fc58db-4804-4611-b394-75c527ccaa7e',484),(296,'Card','XXXXXX6519',NULL,NULL,'Mastercard','ebe70a7a-bb79-4d32-b694-a299689323e0',699),(297,'Card','XXXXXX6522',NULL,NULL,'Visa','0a8fe341-58c7-4924-8042-af867f1e5016',622),(298,'Bank',NULL,'XXXXXX4120','XXXXX685','Discover','e7093bd0-87ef-4122-9c40-b55f4740024a',338),(299,'Card','XXXXXX6528',NULL,NULL,'Mastercard','b37f2ea4-9194-4477-8651-34fb4cb9a4bc',483),(300,'Bank',NULL,'XXXXXX4124','XXXXX689','Mastercard','6b159db6-5f41-496c-99ca-527f4528451f',387),(301,'Bank',NULL,'XXXXXX4126','XXXXX691','Visa','4d13fca5-342f-4d5c-b2c1-9138cb812d32',744),(302,'Card','XXXXXX6537',NULL,NULL,'Mastercard','49baa98f-8716-4ca4-bed9-e915547758e9',494),(303,'Bank',NULL,'XXXXXX4130','XXXXX695','Mastercard','79db2fc7-0532-44e6-9f6d-ee357856d986',493),(304,'Bank',NULL,'XXXXXX4132','XXXXX697','Visa','5e03cf2c-f5ba-4c8b-91c3-25715208a521',969),(305,'Bank',NULL,'XXXXXX4134','XXXXX699','Discover','ea505234-ccde-4512-b94f-8392dddf61c5',461),(306,'Card','XXXXXX6549',NULL,NULL,'Discover','37c09502-eb49-4bc1-b83b-bc2d80fc1e63',110),(307,'Card','XXXXXX6552',NULL,NULL,'Discover','bb2d50c1-ba64-444c-ad95-8ec021ea0cbb',42),(308,'Card','XXXXXX6555',NULL,NULL,'Discover','b52ae24d-632c-4f90-915d-1a656f302f25',142),(309,'Card','XXXXXX6558',NULL,NULL,'Mastercard','b45ad459-30ee-4f1b-bc5c-b6da6715a2b8',248),(310,'Bank',NULL,'XXXXXX4144','XXXXX709','Mastercard','95c46102-1209-444e-9e18-a774d473fe60',685),(311,'Card','XXXXXX6564',NULL,NULL,'Visa','9e1f60bf-8545-494e-8e0d-65297d48c154',532),(312,'Card','XXXXXX6567',NULL,NULL,'Mastercard','5b0c6264-6692-4d8d-a428-86b6034f5390',32),(313,'Card','XXXXXX6570',NULL,NULL,'Visa','4177a183-5ffb-4d95-8f72-f383fa0f8b48',658),(314,'Card','XXXXXX6573',NULL,NULL,'Discover','93f8e39c-9f59-45c9-84bc-15ddfa916b5d',194),(315,'Bank',NULL,'XXXXXX4154','XXXXX719','Mastercard','cf3de7ea-ec77-4051-9839-61ded6717c6c',604),(316,'Bank',NULL,'XXXXXX4156','XXXXX721','Mastercard','51e4e5be-23a9-402e-856e-60385a3b699a',901),(317,'Bank',NULL,'XXXXXX4158','XXXXX723','Visa','11f09cda-0890-4525-bf9c-7438fe27d02c',721),(318,'Bank',NULL,'XXXXXX4160','XXXXX725','Mastercard','088cece7-853f-48cb-b687-713f0d6f04e0',678),(319,'Card','XXXXXX6588',NULL,NULL,'Discover','c2d43707-6dfc-49c1-919e-e458163fb825',619),(320,'Card','XXXXXX6591',NULL,NULL,'Visa','ebfc3014-ccb2-4add-98b4-f2aed66d8173',356),(321,'Card','XXXXXX6594',NULL,NULL,'Visa','0ecae6a1-405f-47c7-a2a9-a8fcf0ceb565',496),(322,'Bank',NULL,'XXXXXX4168','XXXXX733','Visa','d875956a-9e26-4f3d-a958-a2805d6a77f9',666),(323,'Bank',NULL,'XXXXXX4170','XXXXX735','Mastercard','42eab935-d9b5-43a6-b90c-584e22e93d45',879),(324,'Bank',NULL,'XXXXXX4172','XXXXX737','Mastercard','8a14e5b8-c3fd-487c-a9e3-c64149780f1e',176),(325,'Card','XXXXXX6606',NULL,NULL,'Discover','3b8e6c26-b7ae-4194-beda-8db86a098450',723),(326,'Card','XXXXXX6609',NULL,NULL,'Mastercard','923484ef-00eb-494e-942b-c75dfbec2218',782),(327,'Card','XXXXXX6612',NULL,NULL,'Mastercard','5459e0d5-278b-4323-9b3d-a9f853517da8',742),(328,'Card','XXXXXX6615',NULL,NULL,'Discover','246b08e3-145c-4792-adb5-1ea145b4d1d8',536),(329,'Bank',NULL,'XXXXXX4182','XXXXX747','Discover','7562dbc0-c322-4af8-af08-380398a1d1cd',655),(330,'Bank',NULL,'XXXXXX4184','XXXXX749','Discover','ba1a5638-87c8-4a52-9668-09bb7e12b427',443),(331,'Bank',NULL,'XXXXXX4186','XXXXX751','Visa','0808b472-0e1c-4ed8-98b0-108ecda5cf47',938),(332,'Bank',NULL,'XXXXXX4188','XXXXX753','Mastercard','5211208f-daaa-4d03-944b-ea285c7b7f97',255),(333,'Card','XXXXXX6630',NULL,NULL,'Visa','21360b33-c8f5-4b02-8d9d-0b4b571643b0',791),(334,'Bank',NULL,'XXXXXX4192','XXXXX757','Visa','58c69a4d-7cb0-466d-a4f9-f0ff93275e95',685),(335,'Card','XXXXXX6636',NULL,NULL,'Visa','d94d3314-23cb-42b1-86e1-e95e59c39b6b',276),(336,'Card','XXXXXX6639',NULL,NULL,'Visa','56460152-7658-4e3c-86fd-391c54218674',763),(337,'Card','XXXXXX6642',NULL,NULL,'Visa','7a8e700b-e4f1-461c-8e32-92d1bed93c63',15),(338,'Bank',NULL,'XXXXXX4200','XXXXX765','Discover','cdcbb50d-e9df-4001-88c6-f1514f642910',538),(339,'Bank',NULL,'XXXXXX4202','XXXXX767','Mastercard','7f3dc6d8-5cd2-474f-ba1c-bf06f66a1ade',811),(340,'Card','XXXXXX6651',NULL,NULL,'Visa','63920782-08ce-4a23-a313-c645d24476aa',829),(341,'Card','XXXXXX6654',NULL,NULL,'Visa','0496bb0e-824f-4f5b-8d27-4a44d391774d',312),(342,'Card','XXXXXX6657',NULL,NULL,'Mastercard','f5353426-460a-446d-b78b-801546296457',731),(343,'Bank',NULL,'XXXXXX4210','XXXXX775','Mastercard','f4b64eb3-098c-412c-86db-3cbc021bb559',646),(344,'Bank',NULL,'XXXXXX4212','XXXXX777','Visa','da1e08e3-4e99-4b34-890d-1b020f6d2cef',379),(345,'Bank',NULL,'XXXXXX4214','XXXXX779','Mastercard','26ccb19e-5e26-4e81-81b5-bea8ff4694b1',863),(346,'Bank',NULL,'XXXXXX4216','XXXXX781','Visa','a46a2450-9e23-4228-b5c9-c9adb410cadb',438),(347,'Bank',NULL,'XXXXXX4218','XXXXX783','Mastercard','42845de1-e6e2-47dc-a704-707ba6e9ab66',515),(348,'Card','XXXXXX6675',NULL,NULL,'Visa','e787fea9-b9aa-4334-b233-5870f8e49bc3',788),(349,'Bank',NULL,'XXXXXX4222','XXXXX787','Mastercard','b8092e42-1e80-4bb0-9939-a0c2baadcbb7',389),(350,'Bank',NULL,'XXXXXX4224','XXXXX789','Mastercard','9e112065-9be1-4c3b-8769-27cbc3f08044',211),(351,'Bank',NULL,'XXXXXX4226','XXXXX791','Discover','8d9816f2-6ca7-4d2e-8791-439d00575092',880),(352,'Bank',NULL,'XXXXXX4228','XXXXX793','Mastercard','a33b92b6-eec8-4d55-b8c0-cecca6c25564',115),(353,'Card','XXXXXX6690',NULL,NULL,'Mastercard','fe1abe06-56aa-4c99-88ce-3a8a35a7bf08',836),(354,'Bank',NULL,'XXXXXX4232','XXXXX797','Visa','39429d9c-c418-4082-9ac8-688c6b1e1533',719),(355,'Bank',NULL,'XXXXXX4234','XXXXX799','Visa','9e0c52ac-ba73-4d4c-af9d-af442497e101',613),(356,'Card','XXXXXX6699',NULL,NULL,'Mastercard','4e35eefe-4998-4b16-8938-881460b9a9e1',781),(357,'Bank',NULL,'XXXXXX4238','XXXXX803','Discover','301dde55-53d2-4c72-b762-0c6e4ad2ad18',576),(358,'Bank',NULL,'XXXXXX4240','XXXXX805','Mastercard','dbaf1786-3859-42e8-b73e-bf20189dd98a',789),(359,'Bank',NULL,'XXXXXX4242','XXXXX807','Discover','284abc93-d0f8-4256-b467-8e487f9a153e',674),(360,'Bank',NULL,'XXXXXX4244','XXXXX809','Visa','3baf059b-754d-4e4f-95fa-d5d398336151',428),(361,'Card','XXXXXX6714',NULL,NULL,'Discover','a5cc00c8-b9c7-449a-a4e2-1bc614b53ab0',17),(362,'Card','XXXXXX6717',NULL,NULL,'Discover','fc483186-a22e-4e8d-9a17-d14a3954f27f',242),(363,'Bank',NULL,'XXXXXX4250','XXXXX815','Mastercard','be9b4df2-dc10-40fd-9d85-6c2093ba1e94',697),(364,'Bank',NULL,'XXXXXX4252','XXXXX817','Discover','84bfc5c9-950a-4a0b-8ee0-3c13307882f5',335),(365,'Bank',NULL,'XXXXXX4254','XXXXX819','Visa','c62f99bf-763c-425c-9f54-bba552c9ff26',771),(366,'Card','XXXXXX6729',NULL,NULL,'Mastercard','5ba9d1bd-2a90-4b1e-a7ea-ace1131991a5',189),(367,'Bank',NULL,'XXXXXX4258','XXXXX823','Discover','9f364bc7-4a30-47e1-b122-0028b7ec06fe',367),(368,'Card','XXXXXX6735',NULL,NULL,'Discover','17f3c499-4535-4ef5-8a34-32d993579057',371),(369,'Card','XXXXXX6738',NULL,NULL,'Mastercard','4e4b8166-1465-47a0-b17b-37c1e695e4e0',105),(370,'Card','XXXXXX6741',NULL,NULL,'Discover','43d65ed4-efc0-4c63-9842-a5e9d31a358e',295),(371,'Card','XXXXXX6744',NULL,NULL,'Discover','00214b71-c559-4f0e-9cfc-2d12214b03f2',608),(372,'Card','XXXXXX6747',NULL,NULL,'Mastercard','58a45e6b-4369-4631-9e11-3f8156bb8b0b',381),(373,'Card','XXXXXX6750',NULL,NULL,'Visa','51236aab-a194-42a1-8ca4-d71806b566c3',14),(374,'Card','XXXXXX6753',NULL,NULL,'Mastercard','21b08be6-5597-4483-82a8-c67bc1a4190c',759),(375,'Bank',NULL,'XXXXXX4274','XXXXX839','Visa','8c371d8c-7097-4dc2-9051-4779acf13923',478),(376,'Bank',NULL,'XXXXXX4276','XXXXX841','Mastercard','f2db6624-52a0-419f-8882-b65306435cef',177),(377,'Bank',NULL,'XXXXXX4278','XXXXX843','Visa','c69e6a73-136c-4226-a9e0-cce9b8e2fa2f',708),(378,'Bank',NULL,'XXXXXX4280','XXXXX845','Mastercard','d5c032f3-81b6-400c-96ba-b8a1319b9c3c',928),(379,'Card','XXXXXX6768',NULL,NULL,'Discover','e8d59487-099b-4f3a-99bc-ddcabf8cc52e',926),(380,'Card','XXXXXX6771',NULL,NULL,'Discover','0f750437-9794-461b-b0dd-14628cead4e1',297),(381,'Bank',NULL,'XXXXXX4286','XXXXX851','Mastercard','3146f29f-b36b-4978-97c6-3dd7d5065a99',536),(382,'Bank',NULL,'XXXXXX4288','XXXXX853','Mastercard','d7fc0682-b2a7-4d98-997d-725cca6e0488',882),(383,'Card','XXXXXX6780',NULL,NULL,'Discover','c2b057bb-2103-4b01-a0bb-f011bdde05dc',970),(384,'Card','XXXXXX6783',NULL,NULL,'Mastercard','48343b9f-1df5-4b08-bc37-946166df1324',534),(385,'Bank',NULL,'XXXXXX4294','XXXXX859','Visa','20fc9910-8bb0-4f8f-b2d2-aea3e1fa7d23',76),(386,'Bank',NULL,'XXXXXX4296','XXXXX861','Visa','6e8f181c-5fad-450c-bdf0-137d64a18253',291),(387,'Bank',NULL,'XXXXXX4298','XXXXX863','Mastercard','20827f58-b8d2-48de-8184-e0be52f3a88e',266),(388,'Bank',NULL,'XXXXXX4300','XXXXX865','Mastercard','e99ac9eb-2568-4b5b-9ea5-087fc954abf7',382),(389,'Card','XXXXXX6798',NULL,NULL,'Mastercard','94e81c78-55e0-4558-bd8d-4ace6c7b3b2d',937),(390,'Card','XXXXXX6801',NULL,NULL,'Discover','c32b7cbd-472a-4a70-bea0-9fc58ba1b150',803),(391,'Bank',NULL,'XXXXXX4306','XXXXX871','Mastercard','bf60d26a-7429-44fd-abcf-f3576f295d78',609),(392,'Card','XXXXXX6807',NULL,NULL,'Visa','0ea02cbe-0657-4ce4-80cb-f18f7a7ac9b1',188),(393,'Card','XXXXXX6810',NULL,NULL,'Visa','a3fd9664-f126-4009-84be-4844a388f9a6',582),(394,'Card','XXXXXX6813',NULL,NULL,'Discover','d7033883-2611-457a-a248-3c36c112a404',551),(395,'Bank',NULL,'XXXXXX4314','XXXXX879','Visa','6137c262-68ea-4eda-a910-1bdf7ed30f92',443),(396,'Card','XXXXXX6819',NULL,NULL,'Visa','04edb53a-a3fb-4d7b-840a-66807f8d5ab9',413),(397,'Bank',NULL,'XXXXXX4318','XXXXX883','Discover','a19a8391-b25b-4a34-9f61-9324af424c12',910),(398,'Bank',NULL,'XXXXXX4320','XXXXX885','Visa','becc17ea-4995-4693-801b-24616bb20df2',789),(399,'Bank',NULL,'XXXXXX4322','XXXXX887','Visa','9ee334f4-61c6-4d27-9aba-c38114c0ac6d',135),(400,'Bank',NULL,'XXXXXX4324','XXXXX889','Discover','1605a74b-b38a-40ff-acd2-44b85f7eb28d',77),(401,'Bank',NULL,'XXXXXX4326','XXXXX891','Mastercard','c3d34d15-9a52-4141-9f8d-db21e71d7ddf',689),(402,'Bank',NULL,'XXXXXX4328','XXXXX893','Discover','a0be3b02-be5d-44ae-8070-164dd29e75b8',537),(403,'Card','XXXXXX6840',NULL,NULL,'Discover','424498d4-7362-4960-9f2e-9eca64adba7f',489),(404,'Card','XXXXXX6843',NULL,NULL,'Visa','741431b3-989d-4d84-8cf9-88466de6aea4',275),(405,'Card','XXXXXX6846',NULL,NULL,'Discover','e957d53d-5c9c-4440-918d-fff6adf9083c',329),(406,'Card','XXXXXX6849',NULL,NULL,'Mastercard','ca9b3fa6-e413-460b-bb8c-1d8f2f4282b6',222),(407,'Card','XXXXXX6852',NULL,NULL,'Mastercard','803126e2-1247-4314-919e-ebc4704cf69d',96),(408,'Card','XXXXXX6855',NULL,NULL,'Discover','e9a74e47-7e4e-4f15-ad98-92f2ce092e79',140),(409,'Bank',NULL,'XXXXXX4342','XXXXX907','Visa','db0a005b-50d8-47f6-adf9-8ca9a553c134',586),(410,'Card','XXXXXX6861',NULL,NULL,'Mastercard','a01044e5-74fc-4545-99e5-c4ded1abaf66',106),(411,'Card','XXXXXX6864',NULL,NULL,'Visa','f822975a-e9ba-4507-b663-b144d4b2cd30',369),(412,'Bank',NULL,'XXXXXX4348','XXXXX913','Mastercard','5c4f5341-f999-4091-9953-4770991a7c73',223),(413,'Bank',NULL,'XXXXXX4350','XXXXX915','Discover','068a72cd-cdf9-482d-80de-b6062c34ba44',702),(414,'Card','XXXXXX6873',NULL,NULL,'Visa','5272b671-d592-4604-b714-4eb9672107f8',738),(415,'Bank',NULL,'XXXXXX4354','XXXXX919','Visa','e2fa9888-0f7f-4805-b412-ff824e3a636b',303),(416,'Card','XXXXXX6879',NULL,NULL,'Discover','43859508-4f38-4617-b735-e988f387919a',828),(417,'Card','XXXXXX6882',NULL,NULL,'Visa','30cf7e2f-9ef8-4163-ad08-610dceb73d31',139),(418,'Card','XXXXXX6885',NULL,NULL,'Mastercard','33ef7ab0-1b8f-47e5-b540-0df5e3a63f10',59),(419,'Card','XXXXXX6888',NULL,NULL,'Discover','6b1711c1-e6eb-4c5e-9673-a0927de3bb45',928),(420,'Card','XXXXXX6891',NULL,NULL,'Visa','6134a06b-09ed-4d13-ad1d-ff8e66db0313',329),(421,'Card','XXXXXX6894',NULL,NULL,'Visa','1cc09f72-887a-4b86-b3ce-1a5c255518c8',324),(422,'Bank',NULL,'XXXXXX4368','XXXXX933','Discover','046fa5bd-f996-4c8b-998f-47ae70b28ed5',503),(423,'Bank',NULL,'XXXXXX4370','XXXXX935','Discover','1c298267-f3c0-4403-ad69-f9203abe057a',981),(424,'Card','XXXXXX6903',NULL,NULL,'Mastercard','33f7f469-8f84-48cf-a806-8203739d69cd',989),(425,'Card','XXXXXX6906',NULL,NULL,'Visa','4235b840-e5ca-491d-9862-6ba15b3164b3',645),(426,'Bank',NULL,'XXXXXX4376','XXXXX941','Discover','b8534fd7-9f8c-4fd3-a725-ed2748bc796e',346),(427,'Bank',NULL,'XXXXXX4378','XXXXX943','Discover','5219fd1c-f3a8-46c0-8d3a-13bc6a9a83aa',462),(428,'Bank',NULL,'XXXXXX4380','XXXXX945','Visa','543d5d90-5b60-4858-bb4c-24b140c76b44',487),(429,'Bank',NULL,'XXXXXX4382','XXXXX947','Discover','9bb0c962-680d-46c9-a92a-8cfcfa2a50cf',3),(430,'Bank',NULL,'XXXXXX4384','XXXXX949','Discover','5a2c5839-95f2-494c-b7e6-fbb417080f7a',250),(431,'Card','XXXXXX6924',NULL,NULL,'Discover','f6cd2b40-38e1-454d-8a0c-6905082cc298',142),(432,'Card','XXXXXX6927',NULL,NULL,'Visa','3aec44ee-14e0-414a-8169-0e8d8e00112c',522),(433,'Bank',NULL,'XXXXXX4390','XXXXX955','Discover','e616b712-ba87-45d4-abfa-c9525ed7324e',603),(434,'Card','XXXXXX6933',NULL,NULL,'Discover','532925cc-e0ee-4a77-94d3-8848b9f4775a',991),(435,'Bank',NULL,'XXXXXX4394','XXXXX959','Mastercard','8182c413-761a-4b7d-8bc8-49ddb5863ab0',30),(436,'Bank',NULL,'XXXXXX4396','XXXXX961','Mastercard','404e60ac-d9f3-4ee5-b020-063440326635',151),(437,'Bank',NULL,'XXXXXX4398','XXXXX963','Discover','c1bc5e15-2d38-4a89-b9dd-0420724867bb',139),(438,'Bank',NULL,'XXXXXX4400','XXXXX965','Mastercard','bd795c66-8fa2-4ffa-b72a-cc1edeeadb80',675),(439,'Bank',NULL,'XXXXXX4402','XXXXX967','Discover','1fe560f9-e895-4e71-a1f9-7e6996aba631',227),(440,'Card','XXXXXX6951',NULL,NULL,'Discover','595443b8-5144-42e5-9cdf-7182a6958635',187),(441,'Bank',NULL,'XXXXXX4406','XXXXX971','Visa','305a268a-f770-4830-8d7a-c9a6ac1614a6',460),(442,'Bank',NULL,'XXXXXX4408','XXXXX973','Visa','543b7503-b387-491c-9b23-b9c852fe4638',253),(443,'Card','XXXXXX6960',NULL,NULL,'Mastercard','a6e6325f-78fd-44e3-bcf9-b7d7587b7bd5',35),(444,'Card','XXXXXX6963',NULL,NULL,'Mastercard','348aa991-06ca-40e3-a779-011a5583f3d9',938),(445,'Bank',NULL,'XXXXXX4414','XXXXX979','Mastercard','80609da6-c4f0-43cd-b1e2-997616aede93',365),(446,'Bank',NULL,'XXXXXX4416','XXXXX981','Discover','ff0346f2-4838-468a-85f0-a18e605b126b',639),(447,'Card','XXXXXX6972',NULL,NULL,'Visa','a0b345fd-1553-4135-9c9d-955563e53c45',8),(448,'Card','XXXXXX6975',NULL,NULL,'Mastercard','759bc278-39c7-403b-831a-aba7be2c1e6d',571),(449,'Card','XXXXXX6978',NULL,NULL,'Mastercard','d0e75ef5-0539-4760-a971-b70598007d44',436),(450,'Bank',NULL,'XXXXXX4424','XXXXX989','Discover','64471721-feb5-45d1-b8f8-8a806d159d1d',941),(451,'Card','XXXXXX6984',NULL,NULL,'Discover','a9c2c960-7f36-46f0-93eb-cb3f7f6061f7',592),(452,'Bank',NULL,'XXXXXX4428','XXXXX993','Discover','17e3a0da-36e7-4381-a559-8a145416817d',683),(453,'Bank',NULL,'XXXXXX4430','XXXXX995','Visa','019187df-9f7d-4ff0-990b-fecabb46efca',824),(454,'Bank',NULL,'XXXXXX4432','XXXXX997','Discover','99ea5ebc-62c8-45b9-b290-f2188d40b88d',920),(455,'Bank',NULL,'XXXXXX4434','XXXXX999','Discover','c0fb27aa-2209-44e2-87c7-bb249d1fda07',837),(456,'Card','XXXXXX6999',NULL,NULL,'Visa','32ef036b-5646-4199-a662-7562b548320f',611),(457,'Card','XXXXXX7002',NULL,NULL,'Discover','c23364af-4ffa-40a7-8c62-5eb2e92f6156',363),(458,'Card','XXXXXX7005',NULL,NULL,'Discover','3a90c9f4-6a1d-4f2b-a40e-fc46a271d666',236),(459,'Card','XXXXXX7008',NULL,NULL,'Visa','ca4a4062-e451-4fa8-a515-cc6aca5051a9',423),(460,'Bank',NULL,'XXXXXX4444','XXXXX009','Discover','163a3030-3eb2-4863-9bd7-e820cfaf85cf',914),(461,'Bank',NULL,'XXXXXX4446','XXXXX011','Mastercard','0230625f-ef97-4850-823e-616af11f29cb',177),(462,'Bank',NULL,'XXXXXX4448','XXXXX013','Mastercard','60d412fe-3329-4a39-bcf1-f4633297eede',922),(463,'Card','XXXXXX7020',NULL,NULL,'Visa','e4f4ab7b-c46a-4592-892e-26cff1060f00',734),(464,'Bank',NULL,'XXXXXX4452','XXXXX017','Discover','8618bdb7-b82f-430f-b481-712fe531b7ce',550),(465,'Bank',NULL,'XXXXXX4454','XXXXX019','Visa','fd2931f5-e81f-4d6b-97c9-b844db22ec02',354),(466,'Bank',NULL,'XXXXXX4456','XXXXX021','Visa','bd89f736-5fbb-4e09-9b9b-1cce8ff48d98',361),(467,'Bank',NULL,'XXXXXX4458','XXXXX023','Visa','8ef8fdd3-728c-49a1-bf51-6a8a4849b31e',175),(468,'Card','XXXXXX7035',NULL,NULL,'Mastercard','23bd4d19-e99a-4278-a946-a6c778b00d4f',964),(469,'Card','XXXXXX7038',NULL,NULL,'Discover','fa7e022e-5394-431f-8ce6-25ea8c4a2036',564),(470,'Bank',NULL,'XXXXXX4464','XXXXX029','Visa','42ddd120-eb71-4040-ac22-71f3933ef86a',817),(471,'Card','XXXXXX7044',NULL,NULL,'Mastercard','249a007d-23e1-4d03-9379-8a32a7b3648c',646),(472,'Card','XXXXXX7047',NULL,NULL,'Visa','8c586aa2-3594-4fe3-9a54-e09a7e73eadf',702),(473,'Bank',NULL,'XXXXXX4470','XXXXX035','Mastercard','7a2d7a49-91fc-4497-944a-775d60ad5f5d',113),(474,'Card','XXXXXX7053',NULL,NULL,'Discover','a4a8c136-b234-41b2-b11f-bb1c0aa6e05c',608),(475,'Bank',NULL,'XXXXXX4474','XXXXX039','Visa','0d8b04b6-0095-46eb-ae4f-0e0c996c71de',117),(476,'Bank',NULL,'XXXXXX4476','XXXXX041','Mastercard','e07a223f-d99a-445b-b674-d9d757fa10e6',526),(477,'Card','XXXXXX7062',NULL,NULL,'Discover','9e8c8a92-b542-4980-99c3-a5be168a63ca',721),(478,'Card','XXXXXX7065',NULL,NULL,'Visa','e2ae041f-4eb7-47c8-a20f-0aff42135b42',820),(479,'Card','XXXXXX7068',NULL,NULL,'Discover','9393bfb1-5bbc-41d7-bfc1-d4ebfe4385ed',610),(480,'Bank',NULL,'XXXXXX4484','XXXXX049','Mastercard','815da0ef-a410-4e0e-be96-e658b771c5aa',326),(481,'Bank',NULL,'XXXXXX4486','XXXXX051','Discover','e2ab985d-1ee2-474f-bfd7-e2c3e7d2b945',644),(482,'Card','XXXXXX7077',NULL,NULL,'Discover','211e1d08-76a0-4284-81b5-3fe82635073b',810),(483,'Bank',NULL,'XXXXXX4490','XXXXX055','Mastercard','d19df7b5-b810-479d-bd25-523d20c2bed6',323),(484,'Card','XXXXXX7083',NULL,NULL,'Discover','29c65d57-4b23-40eb-9aeb-28c077cf4283',645),(485,'Bank',NULL,'XXXXXX4494','XXXXX059','Visa','bfb50557-1443-4eb9-bc56-5217cd4badb7',492),(486,'Bank',NULL,'XXXXXX4496','XXXXX061','Visa','82dc7033-bdc3-48d5-b8f6-0dc2314cd70c',674),(487,'Bank',NULL,'XXXXXX4498','XXXXX063','Visa','e060e019-7030-417d-bf16-a17a10479a96',295),(488,'Card','XXXXXX7095',NULL,NULL,'Mastercard','a7073ea4-2bd8-4a31-88b8-d2ab68ee59be',995),(489,'Bank',NULL,'XXXXXX4502','XXXXX067','Mastercard','9e4c63b6-4845-4188-8026-17091ed2acec',96),(490,'Bank',NULL,'XXXXXX4504','XXXXX069','Discover','77e4590a-2663-441b-a169-9ef9ce585ade',548),(491,'Card','XXXXXX7104',NULL,NULL,'Discover','2b78b54d-e73b-4335-bfcf-9eac6e5f4117',6),(492,'Card','XXXXXX7107',NULL,NULL,'Mastercard','f9da12ae-b2f0-4b9f-8c46-01a72e6313d7',964),(493,'Bank',NULL,'XXXXXX4510','XXXXX075','Discover','b8636b30-6f0a-4d2d-898e-877f4ae8a59f',587),(494,'Bank',NULL,'XXXXXX4512','XXXXX077','Mastercard','b6909c8f-9382-4bb7-9836-c80909d073ec',121),(495,'Bank',NULL,'XXXXXX4514','XXXXX079','Discover','853ec7fa-760b-4f4b-a9ae-57c4348b5ffe',907),(496,'Card','XXXXXX7119',NULL,NULL,'Visa','008d23ea-ff28-435a-9a0c-3b8da10c3c51',285),(497,'Bank',NULL,'XXXXXX4518','XXXXX083','Visa','68e6f0c9-e03c-479b-9c13-a3f9747b5292',152),(498,'Bank',NULL,'XXXXXX4520','XXXXX085','Visa','81105fef-4e60-4e74-aa97-d477a0208140',34),(499,'Bank',NULL,'XXXXXX4522','XXXXX087','Discover','3eb9e00b-8c71-4f22-9171-1c9497da2cca',935),(500,'Card','XXXXXX7131',NULL,NULL,'Mastercard','0f92d4ad-5b48-49b4-b06c-98e341f4b649',512),(501,'Bank',NULL,'XXXXXX4526','XXXXX091','Mastercard','29cb65d3-efe8-4fc9-ae8c-6ce9147a0c6e',429),(502,'Card','XXXXXX7137',NULL,NULL,'Discover','256a920d-c7d0-483d-b8ff-701d093d8228',657),(503,'Bank',NULL,'XXXXXX4530','XXXXX095','Visa','c8fda163-3735-4eae-98d6-9137a41a804b',373),(504,'Bank',NULL,'XXXXXX4532','XXXXX097','Mastercard','b9c03aab-0f6f-49aa-addc-742c0fe3ece3',16),(505,'Bank',NULL,'XXXXXX4534','XXXXX099','Discover','b1e5bd53-dc7a-48a6-87e4-2a8f89c27033',822),(506,'Card','XXXXXX7149',NULL,NULL,'Mastercard','9a5eef23-e404-4bcf-996e-2e674f32df13',315),(507,'Bank',NULL,'XXXXXX4538','XXXXX103','Mastercard','b11c3f74-abba-4ae5-8202-17ba6694cbc3',391),(508,'Bank',NULL,'XXXXXX4540','XXXXX105','Visa','9f25cc39-a90c-467b-8f0b-3c3d779d6ad4',320),(509,'Bank',NULL,'XXXXXX4542','XXXXX107','Visa','8b1b9750-f0ad-45fc-bf6d-66f4ae221bb6',364),(510,'Bank',NULL,'XXXXXX4544','XXXXX109','Discover','ac082947-fd34-42bf-8350-2d53a204447e',308),(511,'Bank',NULL,'XXXXXX4546','XXXXX111','Visa','91f057a2-bf02-41d0-a797-586c2497a923',127),(512,'Card','XXXXXX7167',NULL,NULL,'Mastercard','39522f03-b7bf-4420-a693-3c528e8e04c7',71),(513,'Bank',NULL,'XXXXXX4550','XXXXX115','Discover','15c3a9ed-69bc-448f-8130-d940eb21c968',951),(514,'Bank',NULL,'XXXXXX4552','XXXXX117','Visa','19349eb5-ff8d-4fd2-a8b3-ddf9ac08cd29',921),(515,'Card','XXXXXX7176',NULL,NULL,'Mastercard','cea0ecbb-1366-4e90-b9fc-21e8338767df',902),(516,'Card','XXXXXX7179',NULL,NULL,'Discover','1f9de025-7806-414c-921b-61d36595cbd3',215),(517,'Card','XXXXXX7182',NULL,NULL,'Visa','2fa05f06-ca8c-4f28-bf45-80f287607816',499),(518,'Bank',NULL,'XXXXXX4560','XXXXX125','Visa','a9bb51c4-6b22-4bdf-8fc5-313147182498',38),(519,'Bank',NULL,'XXXXXX4562','XXXXX127','Discover','15317c4f-d72e-4f94-a7e7-61ae4f38bf7d',754),(520,'Bank',NULL,'XXXXXX4564','XXXXX129','Mastercard','ee40cd34-9800-46e6-b962-a93ee54254d7',626),(521,'Card','XXXXXX7194',NULL,NULL,'Discover','2708d1c2-2987-4b25-a582-9608ce43ce2d',924),(522,'Card','XXXXXX7197',NULL,NULL,'Discover','d7d9edc8-ed41-465e-9650-73a8fb03c7b7',889),(523,'Bank',NULL,'XXXXXX4570','XXXXX135','Visa','16de253c-4b83-4dd8-9af5-e42c699a0661',255),(524,'Card','XXXXXX7203',NULL,NULL,'Mastercard','391201bd-6e3b-4f0f-b111-7385d2c5e856',767),(525,'Bank',NULL,'XXXXXX4574','XXXXX139','Mastercard','bbb651d7-071e-4535-a514-085eb6eac1e9',556),(526,'Bank',NULL,'XXXXXX4576','XXXXX141','Discover','98ac0a9e-2581-4942-a19f-6a05032af9bb',18),(527,'Card','XXXXXX7212',NULL,NULL,'Visa','ec31a7cf-0b5f-48c7-9156-1949ddce8a8f',782),(528,'Bank',NULL,'XXXXXX4580','XXXXX145','Visa','0ee20925-6dff-4074-8b7c-1615b31d71a0',841),(529,'Bank',NULL,'XXXXXX4582','XXXXX147','Visa','8e34071f-5ec8-484f-97d1-87362e067c26',117),(530,'Card','XXXXXX7221',NULL,NULL,'Visa','6ed12af2-3951-46c4-a67e-37383b5ab2ee',525),(531,'Bank',NULL,'XXXXXX4586','XXXXX151','Mastercard','acf301d2-75ae-4bab-a231-3f2e25256bd3',630),(532,'Bank',NULL,'XXXXXX4588','XXXXX153','Mastercard','ce6ad311-4139-4b27-a0b6-b28d8c13f8ab',542),(533,'Card','XXXXXX7230',NULL,NULL,'Visa','df4c2973-c7fd-4cf6-9375-5e015545315f',91),(534,'Card','XXXXXX7233',NULL,NULL,'Mastercard','fc34a580-ad42-429c-b58d-b2f994abf467',138),(535,'Bank',NULL,'XXXXXX4594','XXXXX159','Discover','588ccb95-e35a-4ca2-adaf-b863e19392ea',180),(536,'Bank',NULL,'XXXXXX4596','XXXXX161','Visa','65134544-c0d9-4334-94a4-7b5279a561c9',382),(537,'Card','XXXXXX7242',NULL,NULL,'Visa','9af0c2e5-e047-4364-8e85-06ff835e264d',823),(538,'Bank',NULL,'XXXXXX4600','XXXXX165','Visa','c42d8f39-f5f5-4ce9-865e-790cee5bec93',820),(539,'Card','XXXXXX7248',NULL,NULL,'Discover','c47168f6-20b8-4364-a3a2-2412c32f3085',311),(540,'Bank',NULL,'XXXXXX4604','XXXXX169','Visa','867cc39f-91b4-468b-ab83-4ed477eb0961',474),(541,'Card','XXXXXX7254',NULL,NULL,'Mastercard','6b7fb67a-c5c6-42a0-97d6-84388f53c584',838),(542,'Card','XXXXXX7257',NULL,NULL,'Visa','8ee3a680-0504-4467-a708-d4461b834955',277),(543,'Bank',NULL,'XXXXXX4610','XXXXX175','Mastercard','35617b9c-bafd-4d69-81f1-d0d3f8f3c699',47),(544,'Card','XXXXXX7263',NULL,NULL,'Visa','c065c7a4-6f6f-4a4f-898f-e3dd4fc0597c',105),(545,'Card','XXXXXX7266',NULL,NULL,'Discover','e175e109-bc8e-4765-be6c-53d109b8faeb',369),(546,'Bank',NULL,'XXXXXX4616','XXXXX181','Mastercard','6a0d4bb9-ed94-4811-b030-c05ef0f882af',976),(547,'Bank',NULL,'XXXXXX4618','XXXXX183','Discover','17a35509-4508-4418-9b3d-9a3732e8880c',605),(548,'Card','XXXXXX7275',NULL,NULL,'Discover','edae84eb-9bf7-4fdc-b75e-fd54afd203c1',711),(549,'Card','XXXXXX7278',NULL,NULL,'Visa','1ca62bc9-1847-4f62-9d46-87b30258772b',158),(550,'Card','XXXXXX7281',NULL,NULL,'Mastercard','d88bc3c4-501d-460b-879b-4d9e0516edb3',411),(551,'Bank',NULL,'XXXXXX4626','XXXXX191','Visa','765b028d-b74f-4a73-a040-01d187a7c830',462),(552,'Card','XXXXXX7287',NULL,NULL,'Mastercard','fb7b9e65-c0d7-4565-9a00-100ace616dff',781),(553,'Card','XXXXXX7290',NULL,NULL,'Mastercard','79c05bc0-ff22-4a8f-b7fe-286330591e96',388),(554,'Bank',NULL,'XXXXXX4632','XXXXX197','Mastercard','b7631df7-c7a4-469c-8d4e-14bfbe438244',152),(555,'Bank',NULL,'XXXXXX4634','XXXXX199','Visa','040cb91a-2069-4078-a7d1-528040e29e8f',146),(556,'Card','XXXXXX7299',NULL,NULL,'Visa','b8078b84-1395-4bae-8ab7-dbf74674398b',776),(557,'Bank',NULL,'XXXXXX4638','XXXXX203','Visa','74ab8443-8991-4813-bcb4-d5b01236f61a',852),(558,'Card','XXXXXX7305',NULL,NULL,'Visa','ff6f8443-fecd-41e6-a7fc-cd9a73fbf2f2',707),(559,'Bank',NULL,'XXXXXX4642','XXXXX207','Discover','4c2f8219-480a-40a6-a7cd-51607923ca28',193),(560,'Card','XXXXXX7311',NULL,NULL,'Visa','234a2a7a-c319-46e8-bbd0-a6fc5832bb1f',409),(561,'Card','XXXXXX7314',NULL,NULL,'Visa','edeb9fb6-0936-49c8-9893-ed52f6c2ee2e',143),(562,'Card','XXXXXX7317',NULL,NULL,'Visa','57bbe890-7e78-4b3a-bb6a-e1bdb5f49c62',690),(563,'Card','XXXXXX7320',NULL,NULL,'Visa','b55f0f78-b934-4f0e-86d5-fc3d20287d17',389),(564,'Bank',NULL,'XXXXXX4652','XXXXX217','Discover','3f30fb74-28c1-447b-a9ec-96897ab13849',534),(565,'Card','XXXXXX7326',NULL,NULL,'Discover','d6f31f02-39e5-41a7-82c7-d736b01b133a',670),(566,'Card','XXXXXX7329',NULL,NULL,'Mastercard','a986cb20-c58e-4bf1-b4df-67dade0cb7d3',289),(567,'Bank',NULL,'XXXXXX4658','XXXXX223','Visa','d6c646cb-b673-4099-b654-a1d4a91dda1d',346),(568,'Bank',NULL,'XXXXXX4660','XXXXX225','Mastercard','1ce6c8da-bd0c-4521-810d-b60e3e777895',598),(569,'Card','XXXXXX7338',NULL,NULL,'Discover','afb5dd28-96a4-4cb1-9e5b-7d93dab27b75',635),(570,'Bank',NULL,'XXXXXX4664','XXXXX229','Discover','7dcf338b-7156-4f61-9898-7cd39f74238c',477),(571,'Card','XXXXXX7344',NULL,NULL,'Visa','2f02a0f3-22a6-4333-8a4e-3abf99a843e8',830),(572,'Card','XXXXXX7347',NULL,NULL,'Discover','3b10e667-3ff6-4e03-a5f7-2e7ad1ffe7f1',95),(573,'Bank',NULL,'XXXXXX4670','XXXXX235','Mastercard','73ab3804-dc5c-4b11-93f0-5b35c047ba06',187),(574,'Card','XXXXXX7353',NULL,NULL,'Mastercard','e9b0dae5-cc9f-40eb-a269-59ed6f40ccd7',643),(575,'Card','XXXXXX7356',NULL,NULL,'Discover','6c7da95c-5e19-443d-8b7c-9f823bca47e0',90),(576,'Bank',NULL,'XXXXXX4676','XXXXX241','Visa','93d10f6b-b105-490c-910d-243e442e8752',122),(577,'Bank',NULL,'XXXXXX4678','XXXXX243','Mastercard','1b53e6c9-bcd6-4b30-9641-0cc5c85c4154',665),(578,'Bank',NULL,'XXXXXX4680','XXXXX245','Mastercard','5545232d-9355-44fb-bf57-c95df6607df2',409),(579,'Bank',NULL,'XXXXXX4682','XXXXX247','Discover','74e2474a-b023-43ee-bfe5-b36b2b95970e',868),(580,'Card','XXXXXX7371',NULL,NULL,'Visa','28b2622d-aac5-40e4-a26b-2c9b383b26b5',561),(581,'Card','XXXXXX7374',NULL,NULL,'Visa','71f24930-5ea3-4ce8-b636-5d5c6eb1487a',421),(582,'Card','XXXXXX7377',NULL,NULL,'Visa','cfa64baf-89d1-4d2b-8ae5-682df534a9c4',182),(583,'Card','XXXXXX7380',NULL,NULL,'Discover','4b2b9cd8-616b-4858-93b6-4fc742b9b83f',939),(584,'Card','XXXXXX7383',NULL,NULL,'Mastercard','83c27fb7-305e-4a1b-90fd-80f1c865955c',12),(585,'Card','XXXXXX7386',NULL,NULL,'Discover','81d1b1aa-a7ef-4af4-a757-d55e6a9233fb',262),(586,'Bank',NULL,'XXXXXX4696','XXXXX261','Discover','eab69d08-baa4-4197-9038-77aa517a4fce',402),(587,'Card','XXXXXX7392',NULL,NULL,'Discover','10ef6ae7-263a-444a-bcf7-fa6ebfba8217',596),(588,'Bank',NULL,'XXXXXX4700','XXXXX265','Mastercard','6a81e3e0-b31d-492a-8767-da7053e2c7af',665),(589,'Bank',NULL,'XXXXXX4702','XXXXX267','Mastercard','dcc97ba7-a76b-498e-bf72-a7918ef74eba',364),(590,'Card','XXXXXX7401',NULL,NULL,'Mastercard','86dc7688-0d94-4957-afeb-b9b8d3ae4b7f',925),(591,'Card','XXXXXX7404',NULL,NULL,'Discover','1bbc8d6c-08ce-41c7-99f6-3f68f5aa0d21',297),(592,'Bank',NULL,'XXXXXX4708','XXXXX273','Mastercard','ae4f7dcc-1068-4904-9666-7ba2584e8066',879),(593,'Card','XXXXXX7410',NULL,NULL,'Discover','a529ec39-5034-48a4-94ef-7a81f0768c0d',333),(594,'Card','XXXXXX7413',NULL,NULL,'Visa','de56e627-f2a0-448b-aa69-3e3ba96d7d20',961),(595,'Card','XXXXXX7416',NULL,NULL,'Discover','dd2a8eff-0e22-4d28-a910-556e9db4bbcb',447),(596,'Bank',NULL,'XXXXXX4716','XXXXX281','Mastercard','cad79a1a-a87b-4575-9d70-9bac61899028',563),(597,'Card','XXXXXX7422',NULL,NULL,'Discover','9ef5f223-619d-41e6-b7c7-f9a7fc2d715d',339),(598,'Bank',NULL,'XXXXXX4720','XXXXX285','Mastercard','235b3209-502e-474f-8a9c-4217a19ba078',121),(599,'Bank',NULL,'XXXXXX4722','XXXXX287','Mastercard','8957e9d5-a5f6-413d-a147-1fe9bbc989be',801),(600,'Card','XXXXXX7431',NULL,NULL,'Visa','03b5358b-6852-4fa7-8201-56a8db82f561',97),(601,'Card','XXXXXX7434',NULL,NULL,'Discover','a666ada4-b1a8-4b44-94d3-ef56f259e3e0',478),(602,'Card','XXXXXX7437',NULL,NULL,'Discover','79176e90-d54e-4116-805b-da86b2a57f36',594),(603,'Bank',NULL,'XXXXXX4730','XXXXX295','Mastercard','dd7f3227-3f97-45fc-8142-7acedc97d942',7),(604,'Card','XXXXXX7443',NULL,NULL,'Mastercard','5d36615f-aabf-4be9-8e35-8b0d744e93b2',897),(605,'Bank',NULL,'XXXXXX4734','XXXXX299','Visa','47dd6d58-b4f9-4ce3-ae6e-d9ba429d89b6',356),(606,'Card','XXXXXX7449',NULL,NULL,'Discover','b11b3d6c-bdaf-4596-9ea4-5b7fa11ac3a6',585),(607,'Bank',NULL,'XXXXXX4738','XXXXX303','Visa','fb206fcf-37ac-4a01-b325-f31609953b3f',297),(608,'Bank',NULL,'XXXXXX4740','XXXXX305','Mastercard','1bdc3df3-f34d-4816-a738-71cca00f0c3b',888),(609,'Bank',NULL,'XXXXXX4742','XXXXX307','Visa','5b362ceb-aec6-4657-943c-a6dd581a72d4',767),(610,'Bank',NULL,'XXXXXX4744','XXXXX309','Mastercard','679aeaa2-a1d2-4881-9bc6-5737569956e2',20),(611,'Card','XXXXXX7464',NULL,NULL,'Visa','c84a4a34-164d-4056-a214-0c1aacb4ea94',117),(612,'Bank',NULL,'XXXXXX4748','XXXXX313','Mastercard','cd1b8c90-2ebe-4edc-8c6f-6ac094585663',947),(613,'Card','XXXXXX7470',NULL,NULL,'Mastercard','02a22e67-fc45-4034-b5b0-e3292ee48605',45),(614,'Bank',NULL,'XXXXXX4752','XXXXX317','Mastercard','ca535790-c7d1-42f0-bceb-605f8b034081',667),(615,'Bank',NULL,'XXXXXX4754','XXXXX319','Mastercard','56ae0872-0481-4985-8ee8-50cc16bfc1a3',876),(616,'Card','XXXXXX7479',NULL,NULL,'Discover','86b471a1-4a65-48db-8b4a-d5ce41a802a8',752),(617,'Card','XXXXXX7482',NULL,NULL,'Discover','e5e0cbcf-0ac2-4356-b72d-afe086c3eaaf',876),(618,'Bank',NULL,'XXXXXX4760','XXXXX325','Mastercard','0aa2acff-692d-4b43-a930-0cadb08320d5',433),(619,'Bank',NULL,'XXXXXX4762','XXXXX327','Discover','85374da2-3f0d-4a39-9dae-611a52816866',650),(620,'Card','XXXXXX7491',NULL,NULL,'Mastercard','16cdf4c0-1876-40f2-9202-1be913e1d559',52),(621,'Card','XXXXXX7494',NULL,NULL,'Discover','f596ff9c-529f-44f5-96f0-3ea492a520e8',534),(622,'Bank',NULL,'XXXXXX4768','XXXXX333','Visa','48e75027-007f-4a75-bfb9-ece005f3e01f',450),(623,'Card','XXXXXX7500',NULL,NULL,'Mastercard','0bff4891-8ea0-4f45-ad25-081fe54beafd',763),(624,'Card','XXXXXX7503',NULL,NULL,'Mastercard','ca6dfdb9-92ff-4792-8e19-4608aa352105',617),(625,'Bank',NULL,'XXXXXX4774','XXXXX339','Discover','39a83416-502a-41d9-8c03-fdb5da34c666',785),(626,'Card','XXXXXX7509',NULL,NULL,'Discover','e9906d17-a4a7-44ea-94ec-1e69a94f830d',483),(627,'Bank',NULL,'XXXXXX4778','XXXXX343','Mastercard','201593bc-ea59-4742-88b6-c7c0f29951ba',3),(628,'Card','XXXXXX7515',NULL,NULL,'Visa','19effd1d-efd2-4a45-99d7-3ff5c909c803',637),(629,'Card','XXXXXX7518',NULL,NULL,'Visa','784e822a-a4b0-4cdf-9e98-a0497967e214',1),(630,'Bank',NULL,'XXXXXX4784','XXXXX349','Mastercard','30de55c9-98b0-458f-84e7-2cb926f5ce98',164),(631,'Bank',NULL,'XXXXXX4786','XXXXX351','Discover','15bc3b51-dfe7-4955-814f-512d392aa4cc',757),(632,'Bank',NULL,'XXXXXX4788','XXXXX353','Visa','c1ed744c-5a03-4696-aaea-073dfbffe116',434),(633,'Bank',NULL,'XXXXXX4790','XXXXX355','Visa','5e4414e9-c913-406d-93a1-de1c047bad04',718),(634,'Bank',NULL,'XXXXXX4792','XXXXX357','Discover','4ada5dcf-9208-44f8-997f-c3d90ee65113',758),(635,'Card','XXXXXX7536',NULL,NULL,'Mastercard','db77fe65-b2a2-40bc-8f77-85fb3f157038',946),(636,'Card','XXXXXX7539',NULL,NULL,'Mastercard','798b05e9-585c-4d1c-a6ca-051df83dc86a',265),(637,'Bank',NULL,'XXXXXX4798','XXXXX363','Mastercard','a3fd90df-0f5d-4183-836e-68d54d0ef80d',262),(638,'Bank',NULL,'XXXXXX4800','XXXXX365','Visa','778854f8-b8fd-465e-8b6d-937af7cd01c5',63),(639,'Card','XXXXXX7548',NULL,NULL,'Mastercard','cb29d3af-14fc-426c-90a0-43c26214bebb',506),(640,'Bank',NULL,'XXXXXX4804','XXXXX369','Discover','f1533b5b-b18f-487c-8c37-7b83cddc0cee',287),(641,'Card','XXXXXX7554',NULL,NULL,'Mastercard','38ef560c-064b-4f27-9da6-9d178fdb6fd6',244),(642,'Bank',NULL,'XXXXXX4808','XXXXX373','Mastercard','1104c349-5157-457f-8491-0be815405e37',440),(643,'Card','XXXXXX7560',NULL,NULL,'Discover','f53aba9a-bd62-432d-8dee-a09b4971d38f',44),(644,'Card','XXXXXX7563',NULL,NULL,'Visa','4e73e717-f3ee-4e1b-b610-d55dc996a25c',226),(645,'Bank',NULL,'XXXXXX4814','XXXXX379','Mastercard','dfc559d9-ddf2-4264-a871-ee06e4e63151',181),(646,'Card','XXXXXX7569',NULL,NULL,'Discover','99757cf2-9a64-47b5-8927-2e45eeab27c4',924),(647,'Bank',NULL,'XXXXXX4818','XXXXX383','Discover','1b025175-070a-4b41-81ff-983088d65e2a',4),(648,'Bank',NULL,'XXXXXX4820','XXXXX385','Visa','1a4599a3-d81f-40f4-bae7-85226426570a',89),(649,'Card','XXXXXX7578',NULL,NULL,'Discover','d1c2f82c-6af1-432a-b25c-ee8df4317621',425),(650,'Bank',NULL,'XXXXXX4824','XXXXX389','Visa','ca6ebaad-33ef-40b1-b5c1-14bd13443aff',105),(651,'Bank',NULL,'XXXXXX4826','XXXXX391','Mastercard','5a0197dc-b7dc-412a-99be-fd576d0243cd',498),(652,'Bank',NULL,'XXXXXX4828','XXXXX393','Discover','185a977c-82b7-4d05-b066-f0ddb709e2fd',679),(653,'Card','XXXXXX7590',NULL,NULL,'Mastercard','525ad203-cd6e-4314-8627-474417f5753c',958),(654,'Bank',NULL,'XXXXXX4832','XXXXX397','Discover','b1259cf3-6716-4f16-957b-75ce1f98ab61',662),(655,'Card','XXXXXX7596',NULL,NULL,'Visa','408ab75c-7ec3-4c68-b4b1-6c22cafd2e14',654),(656,'Bank',NULL,'XXXXXX4836','XXXXX401','Mastercard','f8a8f959-ab5b-4e00-a326-dacecea49dc1',715),(657,'Bank',NULL,'XXXXXX4838','XXXXX403','Discover','31ecf673-b772-423f-9992-357ad120466f',525),(658,'Card','XXXXXX7605',NULL,NULL,'Visa','71b02c98-cbbe-4fdc-9850-64a744ef88eb',505),(659,'Bank',NULL,'XXXXXX4842','XXXXX407','Visa','f1fee786-c740-4090-bbbb-f5fb677c60d4',982),(660,'Bank',NULL,'XXXXXX4844','XXXXX409','Visa','5bf47c86-d8d7-4a3c-8ff4-3cbbe8a03391',118),(661,'Card','XXXXXX7614',NULL,NULL,'Visa','f4d09d41-e89f-4d2f-99f0-0acdbe4013ca',123),(662,'Bank',NULL,'XXXXXX4848','XXXXX413','Mastercard','8c53f3b9-2bb2-46ee-81c3-efbb0e220618',835),(663,'Card','XXXXXX7620',NULL,NULL,'Mastercard','013ea061-61b8-4c32-b58f-20570d8f82cd',816),(664,'Bank',NULL,'XXXXXX4852','XXXXX417','Mastercard','3138cee0-d01d-4b7c-8da5-506108703ce3',137),(665,'Card','XXXXXX7626',NULL,NULL,'Visa','3b88655f-693c-4f43-8dc7-2c08ede8f118',20),(666,'Bank',NULL,'XXXXXX4856','XXXXX421','Visa','76567572-18d6-48de-b335-c0c06ad2d707',739),(667,'Card','XXXXXX7632',NULL,NULL,'Mastercard','5f6dc4c1-f73f-4349-8aee-16c24a4cb40b',74),(668,'Card','XXXXXX7635',NULL,NULL,'Discover','aab0cbbe-06a7-4a47-ae7f-3a64ff9b8588',931),(669,'Bank',NULL,'XXXXXX4862','XXXXX427','Visa','47535e36-c9a9-4ea6-8563-848b107254b4',611),(670,'Card','XXXXXX7641',NULL,NULL,'Visa','859d257f-1a36-4ae5-9bff-cd862f400afe',893),(671,'Card','XXXXXX7644',NULL,NULL,'Mastercard','4248dfaa-2086-4b9c-9d39-c61510801ae0',392),(672,'Card','XXXXXX7647',NULL,NULL,'Discover','dbc79221-0eb6-4862-949c-e21e4dfdca9d',171),(673,'Card','XXXXXX7650',NULL,NULL,'Visa','493e7cfc-4eca-4b74-97ee-850dcb2092fb',771),(674,'Card','XXXXXX7653',NULL,NULL,'Mastercard','1064c460-88a8-47dc-85ea-a01f1dd07972',95),(675,'Card','XXXXXX7656',NULL,NULL,'Discover','bb921e47-8190-406d-a507-93d6c23a1ca7',636),(676,'Card','XXXXXX7659',NULL,NULL,'Mastercard','93e0a125-6a94-4d6e-998e-cee277d15a7c',291),(677,'Card','XXXXXX7662',NULL,NULL,'Mastercard','c9abd78c-ec3c-4789-94b3-1b469a37a9a4',252),(678,'Bank',NULL,'XXXXXX4880','XXXXX445','Visa','bab7fe07-1e8e-4f47-aeb9-add514403bce',880),(679,'Bank',NULL,'XXXXXX4882','XXXXX447','Mastercard','77cdcc84-b2b0-4267-ac58-bf9fdef64aa2',883),(680,'Card','XXXXXX7671',NULL,NULL,'Discover','8cf79689-d637-4aaa-8b56-0ecd613f9b80',501),(681,'Bank',NULL,'XXXXXX4886','XXXXX451','Visa','03c7c206-05a2-43dd-ab0c-7754250d9ccc',963),(682,'Card','XXXXXX7677',NULL,NULL,'Discover','21b14b96-c532-4bf7-a50b-da407360ba4b',638),(683,'Card','XXXXXX7680',NULL,NULL,'Discover','52852517-2278-4890-b975-d732e4899ce6',528),(684,'Bank',NULL,'XXXXXX4892','XXXXX457','Visa','1095c171-4e17-453c-ad19-84903540244d',687),(685,'Card','XXXXXX7686',NULL,NULL,'Visa','eeaa3f50-7d18-4831-aef3-0923f9a302e2',856),(686,'Card','XXXXXX7689',NULL,NULL,'Mastercard','7bc5a281-bae1-49dc-8520-d4f7f6157584',287),(687,'Card','XXXXXX7692',NULL,NULL,'Visa','98107ec8-15db-423a-9fc8-09df6da1988b',848),(688,'Bank',NULL,'XXXXXX4900','XXXXX465','Visa','cd91abc1-1af7-4e2d-8577-0c6f3c2545d3',342),(689,'Bank',NULL,'XXXXXX4902','XXXXX467','Discover','aa2b5d23-60fc-476f-82ba-e25c4f6674db',895),(690,'Bank',NULL,'XXXXXX4904','XXXXX469','Visa','f4b789ee-87be-41e3-8d5b-4dc2a7d00fe5',31),(691,'Card','XXXXXX7704',NULL,NULL,'Mastercard','31ee6690-0908-428f-9a85-bffa380c71ca',744),(692,'Card','XXXXXX7707',NULL,NULL,'Discover','32bc8c2d-3587-4388-9167-ccdd6443e48a',841),(693,'Bank',NULL,'XXXXXX4910','XXXXX475','Discover','f85fb6d4-af4f-4810-b6c4-b662bcf1f5a1',87),(694,'Card','XXXXXX7713',NULL,NULL,'Discover','d2570f40-96a1-4287-9d46-b1f6a9fe5708',116),(695,'Bank',NULL,'XXXXXX4914','XXXXX479','Mastercard','94bd3e0c-17f5-414b-874e-d400273b9781',424),(696,'Card','XXXXXX7719',NULL,NULL,'Discover','2fc29b8d-52e5-48b7-af1a-a6b8dcd27b57',169),(697,'Bank',NULL,'XXXXXX4918','XXXXX483','Discover','56071012-91f9-4c2d-958f-4b0cd4977553',669),(698,'Bank',NULL,'XXXXXX4920','XXXXX485','Visa','0ef5aef8-e3b4-4eae-b738-af675647eb24',497),(699,'Card','XXXXXX7728',NULL,NULL,'Discover','f22257a7-1370-4b2c-836c-6ed44af44284',223),(700,'Bank',NULL,'XXXXXX4924','XXXXX489','Discover','8d73b18c-7133-41cb-a134-0898026c54cd',664),(701,'Bank',NULL,'XXXXXX4926','XXXXX491','Mastercard','ede67373-e209-4783-ba8c-841fb3865a85',202),(702,'Card','XXXXXX7737',NULL,NULL,'Discover','49c47eeb-71bd-4887-8345-a2c41aea3cdb',272),(703,'Card','XXXXXX7740',NULL,NULL,'Mastercard','69d566c9-eac1-44c3-af5e-838961568d1d',175),(704,'Card','XXXXXX7743',NULL,NULL,'Mastercard','91674962-51de-41f6-88a0-966fe19518f7',878),(705,'Card','XXXXXX7746',NULL,NULL,'Discover','073f6407-e0c4-4e0f-b3e1-5a2516ef7f80',573),(706,'Bank',NULL,'XXXXXX4936','XXXXX501','Discover','7b63c601-339d-4f96-a46e-a4f0e4f43408',773),(707,'Card','XXXXXX7752',NULL,NULL,'Mastercard','58cb1277-d155-45e7-83ee-cd8ad7e3982a',697),(708,'Card','XXXXXX7755',NULL,NULL,'Visa','ee5a69d3-0b16-435c-aa18-970dbceb2fdf',673),(709,'Card','XXXXXX7758',NULL,NULL,'Discover','4c32fbcf-cf74-4686-b2a8-fab89831d5b4',711),(710,'Bank',NULL,'XXXXXX4944','XXXXX509','Mastercard','d377ab8e-dfb6-4365-bfd4-3b725d022236',890),(711,'Bank',NULL,'XXXXXX4946','XXXXX511','Discover','3d2561dc-c170-4ec6-8e61-b87731abee68',774),(712,'Card','XXXXXX7767',NULL,NULL,'Discover','b15c22ac-082c-4e58-aa8c-39a04c312996',825),(713,'Card','XXXXXX7770',NULL,NULL,'Discover','273dfd10-75f1-4c8f-9978-b98eec80e3b5',363),(714,'Bank',NULL,'XXXXXX4952','XXXXX517','Mastercard','696b1ead-abcd-4776-958c-555a5bbe2dce',19),(715,'Card','XXXXXX7776',NULL,NULL,'Discover','0cd133d7-5973-43f3-99e0-c32003a8d966',773),(716,'Bank',NULL,'XXXXXX4956','XXXXX521','Mastercard','b4dcc311-56fd-4e88-959a-42e7c96b961f',114),(717,'Card','XXXXXX7782',NULL,NULL,'Visa','b6025f7d-bf55-45e0-b56b-f993c42bf5c1',517),(718,'Bank',NULL,'XXXXXX4960','XXXXX525','Mastercard','e4c3dae0-8fda-4ec5-a74c-a2bb5564dab6',242),(719,'Bank',NULL,'XXXXXX4962','XXXXX527','Mastercard','e2377790-33e9-4b36-a356-7b2c980686e3',956),(720,'Card','XXXXXX7791',NULL,NULL,'Visa','de7b8586-5da1-451e-a8c9-65f1e382b5d2',836),(721,'Card','XXXXXX7794',NULL,NULL,'Visa','a9b1daa4-8efb-470b-9aef-7e05f2d496b8',14),(722,'Card','XXXXXX7797',NULL,NULL,'Discover','f2af91a9-edc6-489d-9372-e3b4860f04af',386),(723,'Bank',NULL,'XXXXXX4970','XXXXX535','Mastercard','8fe5795b-7b0b-416a-b575-c9761d1f6907',260),(724,'Bank',NULL,'XXXXXX4972','XXXXX537','Discover','060d5e82-7fd7-4e30-a98a-b850ed529c43',757),(725,'Card','XXXXXX7806',NULL,NULL,'Discover','6a87d0e1-b18e-4f58-8e79-9e699c882ccc',189),(726,'Card','XXXXXX7809',NULL,NULL,'Visa','31e6331b-bcd9-4b6a-8850-00da94079722',223),(727,'Card','XXXXXX7812',NULL,NULL,'Mastercard','125edec1-b955-42ba-9706-f5ab2d5434da',986),(728,'Card','XXXXXX7815',NULL,NULL,'Visa','cfac6bf6-e0d3-4950-a671-46a772dec27c',126),(729,'Card','XXXXXX7818',NULL,NULL,'Discover','67939143-f440-4e8d-8b55-0a3ca401e14a',325),(730,'Card','XXXXXX7821',NULL,NULL,'Mastercard','52137534-b1d4-4c61-8b76-875b536724c5',592),(731,'Bank',NULL,'XXXXXX4986','XXXXX551','Visa','4bd3acae-27ee-42fb-b377-c0c5ede81f1b',432),(732,'Card','XXXXXX7827',NULL,NULL,'Mastercard','fcf856ce-75f4-4921-b6ba-b4f887088ca3',580),(733,'Card','XXXXXX7830',NULL,NULL,'Discover','209aaa41-8b68-4ce0-8f39-9fb97e063c0a',939),(734,'Card','XXXXXX7833',NULL,NULL,'Visa','9b7d3a71-adde-45f1-a0b0-50a1a44caedb',429),(735,'Card','XXXXXX7836',NULL,NULL,'Mastercard','41f112e2-43b3-47a6-aa46-181e02d5ab60',72),(736,'Bank',NULL,'XXXXXX4996','XXXXX561','Discover','b8bc6e3e-40f0-4e59-b030-27188e9b07f5',477),(737,'Bank',NULL,'XXXXXX4998','XXXXX563','Discover','34052852-5797-404f-ac5f-b317a71ce749',745),(738,'Bank',NULL,'XXXXXX5000','XXXXX565','Visa','85defd28-b342-4905-8778-61992a2a17d2',659),(739,'Bank',NULL,'XXXXXX5002','XXXXX567','Discover','d115d9bc-3b33-4b11-9790-228d965c2565',989),(740,'Bank',NULL,'XXXXXX5004','XXXXX569','Discover','06b94bf7-d3c1-409d-bbad-310f76c4fb54',67),(741,'Card','XXXXXX7854',NULL,NULL,'Visa','97e13875-d683-44ab-b087-4e446797d2e7',515),(742,'Bank',NULL,'XXXXXX5008','XXXXX573','Visa','e6d27deb-eea2-4365-a65f-5a393a5c1ebc',823),(743,'Bank',NULL,'XXXXXX5010','XXXXX575','Visa','927a6357-5940-4061-a38a-1f0736993a6a',979),(744,'Card','XXXXXX7863',NULL,NULL,'Discover','43d1704f-f89f-4e60-a854-7072875ce6cd',536),(745,'Bank',NULL,'XXXXXX5014','XXXXX579','Mastercard','00eaa2d5-a006-4a8e-96cb-f3e76601e960',343),(746,'Card','XXXXXX7869',NULL,NULL,'Visa','7cea5376-a0a3-44b9-bdf1-1e093a3e7e78',880),(747,'Card','XXXXXX7872',NULL,NULL,'Visa','eaf3336a-1408-4187-b5e7-1fce6e24a1af',663),(748,'Bank',NULL,'XXXXXX5020','XXXXX585','Visa','dad2dfb5-88f7-491c-9cba-d02e7dc48e4f',525),(749,'Bank',NULL,'XXXXXX5022','XXXXX587','Mastercard','21d4976a-21d2-4acf-9e0f-63c2b4c23ea8',469),(750,'Bank',NULL,'XXXXXX5024','XXXXX589','Mastercard','3e9ecab7-c1af-450d-aaf3-a78fa0b227dc',899),(751,'Card','XXXXXX7884',NULL,NULL,'Mastercard','598a51ca-9b57-4c42-b628-3146e0fb9522',640),(752,'Card','XXXXXX7887',NULL,NULL,'Discover','c7e333c6-2be5-4315-b709-caca6599bc13',252),(753,'Bank',NULL,'XXXXXX5030','XXXXX595','Mastercard','f1352a38-75c2-4853-a8a0-a727239a9e83',716),(754,'Bank',NULL,'XXXXXX5032','XXXXX597','Discover','196c7b7b-fa02-465f-97c7-fefc4adc5d06',495),(755,'Bank',NULL,'XXXXXX5034','XXXXX599','Discover','5f73f625-eae9-466e-ae74-53fddd717812',23),(756,'Card','XXXXXX7899',NULL,NULL,'Discover','ddec385e-6de6-4624-ae9d-ecfe040985d0',996),(757,'Bank',NULL,'XXXXXX5038','XXXXX603','Mastercard','e09be4d1-e905-47ca-83a0-1099d503c035',534),(758,'Bank',NULL,'XXXXXX5040','XXXXX605','Mastercard','db21fe0e-3e25-40ea-818e-6fb91edccf83',337),(759,'Card','XXXXXX7908',NULL,NULL,'Mastercard','df2ffacd-02e2-4976-bbb1-1bc8b03cecf8',35),(760,'Bank',NULL,'XXXXXX5044','XXXXX609','Discover','8cfc87f1-1f57-4fe0-9885-7a18c7760ea3',302),(761,'Card','XXXXXX7914',NULL,NULL,'Mastercard','0a79ecda-6597-40c4-9225-4fc5b1b3746d',466),(762,'Bank',NULL,'XXXXXX5048','XXXXX613','Visa','d1780f1f-6e0c-42d1-9cd0-a07e5edc1951',767),(763,'Card','XXXXXX7920',NULL,NULL,'Discover','65939ff1-fe8e-472d-8e57-cfd89e701410',137),(764,'Card','XXXXXX7923',NULL,NULL,'Discover','02895461-4ce0-4ec3-9d4b-bee42c2771fa',782),(765,'Card','XXXXXX7926',NULL,NULL,'Mastercard','42197599-72aa-477b-8ada-740e36f73e56',724),(766,'Card','XXXXXX7929',NULL,NULL,'Visa','2886fc13-f996-4e93-a8cd-2eb84adf3e88',340),(767,'Bank',NULL,'XXXXXX5058','XXXXX623','Discover','7efe7d76-762c-4ef8-95b5-86e204375b58',315),(768,'Card','XXXXXX7935',NULL,NULL,'Discover','7e893dc3-9e1d-4b05-9c09-be7a2d6f96ca',609),(769,'Card','XXXXXX7938',NULL,NULL,'Discover','932d1266-1e3a-4e58-b58b-90ccd784691e',570),(770,'Bank',NULL,'XXXXXX5064','XXXXX629','Visa','2fbe15bb-d3f4-4321-9151-2081ac763537',663),(771,'Bank',NULL,'XXXXXX5066','XXXXX631','Visa','624c13ee-5609-4ec0-8c7a-e8df34707dcd',395),(772,'Card','XXXXXX7947',NULL,NULL,'Visa','991e367d-b758-48a9-ac79-119b0a39e8da',619),(773,'Card','XXXXXX7950',NULL,NULL,'Visa','2fb76d7c-f614-4901-88ec-0942bcccb09d',951),(774,'Card','XXXXXX7953',NULL,NULL,'Visa','8c902bbc-f08a-4e55-a645-d39e46a0f123',307),(775,'Card','XXXXXX7956',NULL,NULL,'Mastercard','0c273847-4402-4a31-988f-7188cbc6c9e9',600),(776,'Bank',NULL,'XXXXXX5076','XXXXX641','Mastercard','882f57e2-d25a-431f-9fe5-a88e94a91e89',81),(777,'Card','XXXXXX7962',NULL,NULL,'Visa','1fefe2d9-be23-4172-a89b-52ab3592c667',763),(778,'Card','XXXXXX7965',NULL,NULL,'Discover','251718ee-87d3-492f-b293-48235b38866d',754),(779,'Bank',NULL,'XXXXXX5082','XXXXX647','Visa','3e166f39-30e4-44cc-92ce-1e0919cb95a7',526),(780,'Bank',NULL,'XXXXXX5084','XXXXX649','Visa','b8e05154-f0a7-4d94-937b-80758db88010',606),(781,'Bank',NULL,'XXXXXX5086','XXXXX651','Visa','4fa7a80c-fe64-45b8-a124-c6278cf9e047',792),(782,'Card','XXXXXX7977',NULL,NULL,'Visa','8a55e086-db52-4567-b848-e5912042486e',570),(783,'Bank',NULL,'XXXXXX5090','XXXXX655','Discover','8cf9f4e4-4893-4128-b897-ff0ef23346c3',764),(784,'Bank',NULL,'XXXXXX5092','XXXXX657','Visa','286d2622-e23b-4874-9b99-e7331ed4e8f5',86),(785,'Bank',NULL,'XXXXXX5094','XXXXX659','Discover','adc9af55-193f-449a-bd56-212d5eb4dea9',754),(786,'Card','XXXXXX7989',NULL,NULL,'Visa','5f65eafd-9e24-48cb-a1b1-9dc085226878',18),(787,'Bank',NULL,'XXXXXX5098','XXXXX663','Visa','971aa366-4d76-401e-bc50-34ba96539614',806),(788,'Card','XXXXXX7995',NULL,NULL,'Discover','bcaef56d-c15c-4975-8c9e-461ddc156438',517),(789,'Card','XXXXXX7998',NULL,NULL,'Visa','0ea337be-3f96-4ce6-99ea-0cef59b9ff58',732),(790,'Card','XXXXXX8001',NULL,NULL,'Discover','27433553-8ead-4a38-81e8-b22bcbda25f6',703),(791,'Bank',NULL,'XXXXXX5106','XXXXX671','Visa','5456f9cd-20ff-480a-aa18-506a41043c25',748),(792,'Card','XXXXXX8007',NULL,NULL,'Mastercard','684ba83f-76ed-493e-be5b-1ad0575d82e5',177),(793,'Bank',NULL,'XXXXXX5110','XXXXX675','Visa','b3fddb88-6820-4dcc-bb83-68a23304c57b',563),(794,'Card','XXXXXX8013',NULL,NULL,'Mastercard','0b28030d-39a0-4d1f-938a-d9cc8424f732',482),(795,'Card','XXXXXX8016',NULL,NULL,'Discover','77be1e9b-e393-4c41-aedb-f3fd84c26eb7',809),(796,'Bank',NULL,'XXXXXX5116','XXXXX681','Visa','0aca8e60-e650-4851-a8f5-e5a29ce8a50d',584),(797,'Bank',NULL,'XXXXXX5118','XXXXX683','Visa','e3bbb2b3-8791-4aa8-83ff-30e15c62b56c',123),(798,'Card','XXXXXX8025',NULL,NULL,'Visa','c3fcd3f9-e4e6-43e6-a2e8-091f05e236bb',910),(799,'Bank',NULL,'XXXXXX5122','XXXXX687','Mastercard','2f3f18fd-6889-4892-b8dd-495c6d24a0a9',602),(800,'Bank',NULL,'XXXXXX5124','XXXXX689','Discover','67a3b0d7-6d01-482b-91c4-cf5c058d26b3',89),(801,'Card','XXXXXX8034',NULL,NULL,'Visa','ac3ea9d2-610f-4512-a63a-7b4377dcbb42',437),(802,'Bank',NULL,'XXXXXX5128','XXXXX693','Mastercard','0e206ecb-96bc-498c-8463-f00fe225f3e0',181),(803,'Bank',NULL,'XXXXXX5130','XXXXX695','Discover','d14c1cc8-ac7f-4459-8c95-b709b5e6a8f6',118),(804,'Bank',NULL,'XXXXXX5132','XXXXX697','Visa','08bca528-8960-42cb-bdd4-556541c6d4bc',21),(805,'Card','XXXXXX8046',NULL,NULL,'Mastercard','9153636c-4e4f-45af-a213-3417c686c109',598),(806,'Card','XXXXXX8049',NULL,NULL,'Discover','be42093e-e8bf-4404-aead-5896a12fc936',126),(807,'Bank',NULL,'XXXXXX5138','XXXXX703','Visa','f8df307d-678f-4221-ac0a-0243ce99aca6',859),(808,'Card','XXXXXX8055',NULL,NULL,'Mastercard','96325a2b-91f9-4602-8ae6-a4a690bda9f6',201),(809,'Card','XXXXXX8058',NULL,NULL,'Visa','6d0954a1-a07d-4cef-be91-7661e1a2478c',433),(810,'Card','XXXXXX8061',NULL,NULL,'Visa','b4752e07-6d73-4ab8-a904-56e4c9165774',322),(811,'Bank',NULL,'XXXXXX5146','XXXXX711','Visa','34cde1bb-8f1e-4b78-a5b4-95b2b3b7eab7',631),(812,'Bank',NULL,'XXXXXX5148','XXXXX713','Discover','def6d81c-6d40-47af-a2bb-d66597a50569',889),(813,'Bank',NULL,'XXXXXX5150','XXXXX715','Visa','1176a0d9-ea50-4602-88c3-1b275e8ce855',72),(814,'Bank',NULL,'XXXXXX5152','XXXXX717','Discover','579308e2-ef18-4c6d-a63b-d0453b06f2f0',286),(815,'Card','XXXXXX8076',NULL,NULL,'Visa','abd02c9c-bbbd-4d82-afe3-0a151fab75a5',597),(816,'Bank',NULL,'XXXXXX5156','XXXXX721','Mastercard','2dca3e9c-818c-4d73-87b0-d57a04c132dd',597),(817,'Card','XXXXXX8082',NULL,NULL,'Mastercard','b950a858-f05e-4730-b5c5-b25c07eb4a56',190),(818,'Card','XXXXXX8085',NULL,NULL,'Mastercard','1d57ec6a-96ce-43e4-b6f8-9e7394ce46cc',1000),(819,'Card','XXXXXX8088',NULL,NULL,'Visa','80000c0b-c996-4319-b736-c00af3bbfdea',846),(820,'Card','XXXXXX8091',NULL,NULL,'Mastercard','27bcf9cd-daea-461f-9afc-a7571008729c',307),(821,'Bank',NULL,'XXXXXX5166','XXXXX731','Mastercard','55de1ecd-1ab9-492d-ac76-96e41750019c',805),(822,'Bank',NULL,'XXXXXX5168','XXXXX733','Mastercard','5b4745aa-6868-4653-9eae-3da6adcfe748',948),(823,'Card','XXXXXX8100',NULL,NULL,'Discover','325a78d9-8b36-4e4e-a113-6bb4b5dec40f',5),(824,'Card','XXXXXX8103',NULL,NULL,'Visa','a908cb53-be0d-4216-b160-0df70bdce36f',127),(825,'Bank',NULL,'XXXXXX5174','XXXXX739','Discover','36c6bb44-1c74-4cf4-a1bb-2d825c74ff5d',529),(826,'Bank',NULL,'XXXXXX5176','XXXXX741','Visa','7a70018a-cdc4-4162-b986-cf1409e50cee',537),(827,'Bank',NULL,'XXXXXX5178','XXXXX743','Mastercard','eb90a2aa-e984-470e-958e-a74783730382',573),(828,'Bank',NULL,'XXXXXX5180','XXXXX745','Visa','67ab1654-d018-47ab-b3c1-7967f39d39d3',594),(829,'Card','XXXXXX8118',NULL,NULL,'Mastercard','9f0622e0-e6c8-4c3d-b425-92c0c72f090f',628),(830,'Bank',NULL,'XXXXXX5184','XXXXX749','Mastercard','fe8dabaf-5624-46a1-a131-0029b4b05892',354),(831,'Bank',NULL,'XXXXXX5186','XXXXX751','Mastercard','71fe7d9a-dd38-40f9-801d-bec326f2d94f',427),(832,'Card','XXXXXX8127',NULL,NULL,'Discover','0f76ed22-fab4-4d70-b298-b67bad020c1b',762),(833,'Card','XXXXXX8130',NULL,NULL,'Discover','40b8ee68-078a-4902-a371-b4024ff10a75',714),(834,'Card','XXXXXX8133',NULL,NULL,'Visa','152e2e9d-21e8-4fe5-be2e-56a59928f2c8',349),(835,'Bank',NULL,'XXXXXX5194','XXXXX759','Mastercard','b9824bfc-1ed4-4c43-b794-a1d5c148d0a5',122),(836,'Bank',NULL,'XXXXXX5196','XXXXX761','Mastercard','fc504261-9918-4c68-9bbc-fb910ac40e1c',215),(837,'Bank',NULL,'XXXXXX5198','XXXXX763','Visa','fef8f766-98eb-4965-8564-f69d5a03a1b2',164),(838,'Bank',NULL,'XXXXXX5200','XXXXX765','Visa','5bc25b80-4579-47ff-b42e-fa8ad31ce3cb',496),(839,'Bank',NULL,'XXXXXX5202','XXXXX767','Mastercard','067d75a2-0fd6-4078-bece-709e4f8404b4',996),(840,'Bank',NULL,'XXXXXX5204','XXXXX769','Discover','11b4b1fb-8125-4e51-8907-724ecfa18598',442),(841,'Card','XXXXXX8154',NULL,NULL,'Visa','a431f338-7bf9-448a-91c2-55ebe80009f7',188),(842,'Bank',NULL,'XXXXXX5208','XXXXX773','Visa','aadcdb01-41c6-47a3-9b82-51e2cefecfd1',42),(843,'Card','XXXXXX8160',NULL,NULL,'Discover','b1234b80-f301-4d51-a258-9c5c455a027f',224),(844,'Card','XXXXXX8163',NULL,NULL,'Discover','c4d5a3d8-5439-4f03-9366-0fc8dbe608db',768),(845,'Bank',NULL,'XXXXXX5214','XXXXX779','Mastercard','35a52d90-6ce9-4633-934b-e286723da3ad',315),(846,'Bank',NULL,'XXXXXX5216','XXXXX781','Visa','f375a6c1-0eba-46d9-8385-9e1d1542ca69',649),(847,'Card','XXXXXX8172',NULL,NULL,'Visa','8da87882-d3e2-4691-8e51-afb7b4efe19d',182),(848,'Bank',NULL,'XXXXXX5220','XXXXX785','Discover','5b76d187-649b-41d7-93d0-2322a7655f96',797),(849,'Card','XXXXXX8178',NULL,NULL,'Discover','5a017236-2c94-4754-b10b-f3b7b161ed57',977),(850,'Bank',NULL,'XXXXXX5224','XXXXX789','Discover','c14086f7-d4bc-4adc-9ecf-643aa417141a',814),(851,'Card','XXXXXX8184',NULL,NULL,'Discover','b77fb64d-6f8a-45a2-9656-4be3910901eb',726),(852,'Bank',NULL,'XXXXXX5228','XXXXX793','Discover','07454d2a-e319-46e4-8919-43bdb2e53f87',481),(853,'Bank',NULL,'XXXXXX5230','XXXXX795','Mastercard','07d20297-32ff-453e-aec4-a6b17b9c4516',483),(854,'Bank',NULL,'XXXXXX5232','XXXXX797','Mastercard','1b3dbe28-8da0-4ac4-87e7-315a59daf404',40),(855,'Bank',NULL,'XXXXXX5234','XXXXX799','Mastercard','9a199365-a75b-4905-84ae-acef64b6d37d',812),(856,'Card','XXXXXX8199',NULL,NULL,'Discover','2d9fc16a-bbee-4021-bbd0-7b14e660d182',305),(857,'Card','XXXXXX8202',NULL,NULL,'Visa','3bab4363-c339-4f23-81b8-f02fda48fcc8',88),(858,'Card','XXXXXX8205',NULL,NULL,'Discover','6746a97e-7dac-4e89-851a-e5854b6dbba8',803),(859,'Bank',NULL,'XXXXXX5242','XXXXX807','Discover','26b96a25-d673-4cc6-9469-5fe894f9dcf3',472),(860,'Bank',NULL,'XXXXXX5244','XXXXX809','Mastercard','995187c3-9936-4b37-85cc-67fd7fe9c0c6',622),(861,'Card','XXXXXX8214',NULL,NULL,'Visa','f6cb6f1a-bbef-409a-8523-3531bd945afa',628),(862,'Bank',NULL,'XXXXXX5248','XXXXX813','Discover','c3ae6710-94fe-4f6d-b3d8-409245140c01',655),(863,'Bank',NULL,'XXXXXX5250','XXXXX815','Mastercard','01a35a11-e784-4820-9d35-4fca656255bf',520),(864,'Card','XXXXXX8223',NULL,NULL,'Visa','3750cc77-fa2d-4e5e-9b6c-018aa0c6df46',194),(865,'Bank',NULL,'XXXXXX5254','XXXXX819','Mastercard','d036bd86-e3f0-4093-9b39-b0038b099469',902),(866,'Card','XXXXXX8229',NULL,NULL,'Mastercard','529aeb88-5d90-468a-af55-4b1c00f2082b',218),(867,'Bank',NULL,'XXXXXX5258','XXXXX823','Visa','c9bd6a12-f277-43b6-bda8-1b0e0e89abda',660),(868,'Card','XXXXXX8235',NULL,NULL,'Visa','53a39ee1-9a2d-4673-9b8c-c1f82680ae77',158),(869,'Card','XXXXXX8238',NULL,NULL,'Discover','26103716-8924-4b6f-9fd9-103b1fa683f8',147),(870,'Bank',NULL,'XXXXXX5264','XXXXX829','Visa','8cc7d335-3f52-462c-b9b9-ceaddaf4aac0',680),(871,'Bank',NULL,'XXXXXX5266','XXXXX831','Mastercard','9683b449-37e0-40f1-a166-5f0059fb1ca5',296),(872,'Card','XXXXXX8247',NULL,NULL,'Mastercard','ca5fb857-ad74-49c3-9f51-7a9ce3b7f4f1',438),(873,'Card','XXXXXX8250',NULL,NULL,'Visa','d9421f39-2841-45d8-96dd-fe2c190f8bb2',952),(874,'Bank',NULL,'XXXXXX5272','XXXXX837','Visa','8ff0c210-4354-4cf7-846f-00dc6e847d28',351),(875,'Bank',NULL,'XXXXXX5274','XXXXX839','Discover','32281837-f6aa-4d58-88dc-b4af35487577',908),(876,'Card','XXXXXX8259',NULL,NULL,'Visa','1bcbf92c-25b9-43e9-bf69-6cf895375066',931),(877,'Card','XXXXXX8262',NULL,NULL,'Visa','1b1ac40a-c373-43b1-a328-8143f7ddc29e',870),(878,'Bank',NULL,'XXXXXX5280','XXXXX845','Mastercard','2222271e-c1cc-4ad0-a87e-462d8741b178',209),(879,'Card','XXXXXX8268',NULL,NULL,'Visa','1d4868be-55af-4a81-bd66-5f697832ca9a',496),(880,'Bank',NULL,'XXXXXX5284','XXXXX849','Discover','d6e0c394-8e01-4630-b8ff-af979818a227',73),(881,'Bank',NULL,'XXXXXX5286','XXXXX851','Visa','52351001-84b5-4aa4-a3de-32caa5c97ae3',453),(882,'Card','XXXXXX8277',NULL,NULL,'Discover','a39c38a7-5bfa-4669-9d99-58d8aa8e7c20',808),(883,'Bank',NULL,'XXXXXX5290','XXXXX855','Discover','b08ab9a1-fd05-454d-8ab5-e9f6a1f81cbf',625),(884,'Bank',NULL,'XXXXXX5292','XXXXX857','Visa','8e2010d4-03b0-40fa-98d9-cfc8498fcc6d',86),(885,'Card','XXXXXX8286',NULL,NULL,'Visa','14d279ec-161e-4ebe-8a0c-98322d80f6d1',331),(886,'Card','XXXXXX8289',NULL,NULL,'Discover','5e45f6af-d504-48b4-bb34-b03087823d34',530),(887,'Card','XXXXXX8292',NULL,NULL,'Visa','27933ebe-692b-46c3-a6e2-69a6bfb33a05',511),(888,'Card','XXXXXX8295',NULL,NULL,'Mastercard','0113bae3-2fd8-491d-9a23-0b01d63be9f1',643),(889,'Bank',NULL,'XXXXXX5302','XXXXX867','Discover','0099a9fe-4a01-4fd4-b22c-2932a3995372',327),(890,'Bank',NULL,'XXXXXX5304','XXXXX869','Mastercard','ea60bd54-11b1-46c9-97d3-a50290e3d1b1',182),(891,'Bank',NULL,'XXXXXX5306','XXXXX871','Visa','07bd2655-8b9e-42fb-8c59-bed66d876fe9',236),(892,'Card','XXXXXX8307',NULL,NULL,'Discover','601e5583-f3be-467e-b8e7-1c484f6c1c19',905),(893,'Card','XXXXXX8310',NULL,NULL,'Visa','6c444cc3-0b1f-495b-8f79-72cddfaf158c',592),(894,'Card','XXXXXX8313',NULL,NULL,'Discover','2d43f7e1-9e11-430c-869c-6488619a36eb',435),(895,'Bank',NULL,'XXXXXX5314','XXXXX879','Mastercard','6ebfd1c3-9f61-46ac-aad9-7d2cb0fe15b5',528),(896,'Card','XXXXXX8319',NULL,NULL,'Mastercard','8b639f8e-790c-4786-b86d-0392c01d9f91',380),(897,'Bank',NULL,'XXXXXX5318','XXXXX883','Discover','08bf0932-83ae-4b6b-b03a-2d4ca4fd0de2',537),(898,'Bank',NULL,'XXXXXX5320','XXXXX885','Mastercard','b0b2966d-eb99-4015-b73c-1e52cce446d0',54),(899,'Bank',NULL,'XXXXXX5322','XXXXX887','Discover','d5f15e78-0427-4b21-9d8e-0ed8afefd517',420),(900,'Bank',NULL,'XXXXXX5324','XXXXX889','Visa','cd49554e-a3bc-4227-b066-d87fc0b1eccb',607),(901,'Card','XXXXXX8334',NULL,NULL,'Visa','536dbc33-b350-429a-b403-e135cb2439cf',758),(902,'Bank',NULL,'XXXXXX5328','XXXXX893','Discover','62fbb82c-dafe-42eb-9f64-3e588a7810b9',555),(903,'Bank',NULL,'XXXXXX5330','XXXXX895','Mastercard','0912bdfe-3194-4625-90db-a26b62aa8586',126),(904,'Card','XXXXXX8343',NULL,NULL,'Mastercard','30adf8f5-cd76-447f-a9c6-800bb8fc412a',849),(905,'Bank',NULL,'XXXXXX5334','XXXXX899','Mastercard','0cc2aec2-2281-42d5-b8b9-5d95fc1e71ca',475),(906,'Bank',NULL,'XXXXXX5336','XXXXX901','Visa','1565d60d-6ae2-46de-8302-f755e3c833d6',496),(907,'Card','XXXXXX8352',NULL,NULL,'Visa','baeb27c9-a1e7-46bd-96b6-da30fdbefb28',173),(908,'Bank',NULL,'XXXXXX5340','XXXXX905','Mastercard','c51e7225-6a61-4d7e-bc3a-430991648b05',614),(909,'Bank',NULL,'XXXXXX5342','XXXXX907','Mastercard','6fe8ebc6-fe0c-4a58-b35a-20358ea319a7',72),(910,'Card','XXXXXX8361',NULL,NULL,'Mastercard','d455b1b4-8311-4399-8a17-49b2c459790d',639),(911,'Bank',NULL,'XXXXXX5346','XXXXX911','Discover','b8409feb-ace1-4636-981f-1e16c1a46aa2',378),(912,'Card','XXXXXX8367',NULL,NULL,'Mastercard','7bc33486-e1e2-4e8c-86c2-f486c84bff11',956),(913,'Bank',NULL,'XXXXXX5350','XXXXX915','Visa','a7860f4a-1689-4f71-afb1-eed65c0c1da1',482),(914,'Bank',NULL,'XXXXXX5352','XXXXX917','Visa','4c2331ad-bf65-467c-b90b-c6efccdf3109',743),(915,'Card','XXXXXX8376',NULL,NULL,'Visa','aaff404d-ed77-48c1-b8a3-4a0f94511010',436),(916,'Card','XXXXXX8379',NULL,NULL,'Discover','fb047238-e746-4c89-8e37-13e8f42f0145',374),(917,'Card','XXXXXX8382',NULL,NULL,'Mastercard','186eb9b0-da10-47fb-b516-f007a16dc057',910),(918,'Bank',NULL,'XXXXXX5360','XXXXX925','Mastercard','942e149d-09f8-4f1b-bc64-b53d75a942da',15),(919,'Bank',NULL,'XXXXXX5362','XXXXX927','Mastercard','5daecc50-d0ec-45c8-ab75-34f5f079c53f',86),(920,'Bank',NULL,'XXXXXX5364','XXXXX929','Visa','783b63cb-58c0-4320-a0af-432966f21b1f',665),(921,'Card','XXXXXX8394',NULL,NULL,'Discover','664fc246-43b0-4ab9-a7e6-57791771a2d7',679),(922,'Bank',NULL,'XXXXXX5368','XXXXX933','Mastercard','bcb39d82-5349-43a4-ad67-3c5f30325db9',708),(923,'Bank',NULL,'XXXXXX5370','XXXXX935','Mastercard','dd33115f-b336-4ec2-a906-a1c916c6e6c5',997),(924,'Bank',NULL,'XXXXXX5372','XXXXX937','Discover','32642db6-bb40-4545-a9b3-c1b2089600e2',994),(925,'Card','XXXXXX8406',NULL,NULL,'Mastercard','3dc6ab1b-a391-4281-8156-e47b5c449eab',314),(926,'Bank',NULL,'XXXXXX5376','XXXXX941','Discover','03a4efcd-ec81-49a5-99c5-f06830b6ce1d',566),(927,'Bank',NULL,'XXXXXX5378','XXXXX943','Mastercard','22610536-5556-47c9-82f1-83917b32d771',990),(928,'Bank',NULL,'XXXXXX5380','XXXXX945','Discover','fb196b02-6fe9-413d-8176-ec1e913f5093',766),(929,'Card','XXXXXX8418',NULL,NULL,'Visa','c007b3c4-9455-4e2c-845f-125f3c9a6468',444),(930,'Bank',NULL,'XXXXXX5384','XXXXX949','Mastercard','b50e0472-c510-49ce-bcd2-60cdd148cb8d',499),(931,'Bank',NULL,'XXXXXX5386','XXXXX951','Visa','bffdf9db-93d7-4e9a-8dde-7ce7ca925181',809),(932,'Bank',NULL,'XXXXXX5388','XXXXX953','Visa','2b6f548f-dc39-4095-a085-068f5e97a528',298),(933,'Bank',NULL,'XXXXXX5390','XXXXX955','Mastercard','7c0e6195-835f-4a99-8bd3-05e1bcd33151',627),(934,'Card','XXXXXX8433',NULL,NULL,'Mastercard','3a9beaa3-f22a-4562-a3d8-0f58fbbdfbe8',654),(935,'Bank',NULL,'XXXXXX5394','XXXXX959','Mastercard','3ef306f8-29cd-49e1-ab63-aa3310e7ce58',71),(936,'Bank',NULL,'XXXXXX5396','XXXXX961','Discover','983fca69-9031-4e8b-8ebd-b00464edc0f3',947),(937,'Bank',NULL,'XXXXXX5398','XXXXX963','Mastercard','7db20942-4699-4250-b0b4-23d963b04632',204),(938,'Bank',NULL,'XXXXXX5400','XXXXX965','Discover','300e3e52-48bd-4eaa-bf4b-45d3550ad05f',552),(939,'Bank',NULL,'XXXXXX5402','XXXXX967','Discover','bb745ad5-e7eb-435e-b2f0-2a6611288056',434),(940,'Card','XXXXXX8451',NULL,NULL,'Mastercard','54093e6a-dbe0-4367-a70e-4a2780799690',688),(941,'Card','XXXXXX8454',NULL,NULL,'Discover','205a5776-bf48-4692-86ce-f9adce31b6cc',636),(942,'Card','XXXXXX8457',NULL,NULL,'Mastercard','000b430c-3c82-4e8b-b7e5-33658d45acb7',602),(943,'Card','XXXXXX8460',NULL,NULL,'Mastercard','745e8471-d7e1-41d5-9c0f-cb44be2721dc',815),(944,'Card','XXXXXX8463',NULL,NULL,'Discover','30dc9394-23f9-4bb7-be53-b6c299be99ce',749),(945,'Bank',NULL,'XXXXXX5414','XXXXX979','Discover','a0c24035-213e-41d8-8ab9-4f53a2c027ff',5),(946,'Card','XXXXXX8469',NULL,NULL,'Discover','5a58ada7-4a00-40eb-a847-656ce3a64297',820),(947,'Bank',NULL,'XXXXXX5418','XXXXX983','Discover','4b1be6c1-cd65-4ac7-84b0-09cbfaac92b0',740),(948,'Card','XXXXXX8475',NULL,NULL,'Visa','246a8501-5db1-4168-83b1-2cc556114d9e',409),(949,'Bank',NULL,'XXXXXX5422','XXXXX987','Mastercard','10ee253a-6680-47e9-a04c-d39a71d6bb48',825),(950,'Card','XXXXXX8481',NULL,NULL,'Discover','1e2a54db-c2ed-46c2-83e9-95c475dcf895',304),(951,'Bank',NULL,'XXXXXX5426','XXXXX991','Visa','8bfb5a1d-8c70-4d29-bd5b-7e55179cf98b',307),(952,'Bank',NULL,'XXXXXX5428','XXXXX993','Discover','fa53a6c3-771f-4fb6-826b-2f10ea3fb776',423),(953,'Bank',NULL,'XXXXXX5430','XXXXX995','Mastercard','6f3a9e14-dd77-4562-bcb1-c7c49e63dd34',835),(954,'Card','XXXXXX8493',NULL,NULL,'Discover','76110f01-be1a-49d4-b98c-f759d6cc2961',901),(955,'Card','XXXXXX8496',NULL,NULL,'Discover','87f9e053-4230-4cb0-9045-2c04761dcc26',281),(956,'Card','XXXXXX8499',NULL,NULL,'Visa','12bd8170-3796-493b-bb9f-90617d9ada0d',194),(957,'Bank',NULL,'XXXXXX5438','XXXXX003','Discover','8ba65d89-9d54-45de-8324-22d5976b066f',771),(958,'Card','XXXXXX8505',NULL,NULL,'Mastercard','7befbf61-3bb8-448c-bc71-ee07cdbb7b23',17),(959,'Bank',NULL,'XXXXXX5442','XXXXX007','Mastercard','c1946d5e-01dc-4e70-ad7d-2321c5c5bda9',624),(960,'Bank',NULL,'XXXXXX5444','XXXXX009','Discover','89fc6168-6f00-4064-9102-4844001b8361',598),(961,'Bank',NULL,'XXXXXX5446','XXXXX011','Discover','9d738957-7c70-4c30-844c-daa9fece8847',325),(962,'Bank',NULL,'XXXXXX5448','XXXXX013','Visa','3950f264-98ef-4f4d-b072-8ef129853c33',653),(963,'Card','XXXXXX8520',NULL,NULL,'Visa','0aa31426-3aff-4cd8-946b-fb06c07bfc9b',386),(964,'Card','XXXXXX8523',NULL,NULL,'Visa','024af4a6-5edc-4e54-ba0d-bccd9c4fb834',404),(965,'Card','XXXXXX8526',NULL,NULL,'Mastercard','b5951c4b-217b-41fd-bcb1-8cfdf8349033',128),(966,'Bank',NULL,'XXXXXX5456','XXXXX021','Visa','587f5596-4d6c-46d9-969b-74ec2859d793',870),(967,'Bank',NULL,'XXXXXX5458','XXXXX023','Discover','9857dc84-62ff-4b00-b167-375373e5ab61',227),(968,'Bank',NULL,'XXXXXX5460','XXXXX025','Visa','bb7f16f7-206c-4996-840e-7f013baa7fcd',726),(969,'Card','XXXXXX8538',NULL,NULL,'Mastercard','013484bf-d5ed-464d-b81d-b2e582ae29e4',550),(970,'Bank',NULL,'XXXXXX5464','XXXXX029','Discover','f897214f-c7c9-4a32-bf86-9f2c624fdfce',952),(971,'Card','XXXXXX8544',NULL,NULL,'Discover','c7f89893-49ed-4e0c-94f4-f3c60b5a324d',546),(972,'Bank',NULL,'XXXXXX5468','XXXXX033','Visa','debae451-8b3f-44e9-bf33-664857b64a5c',591),(973,'Bank',NULL,'XXXXXX5470','XXXXX035','Visa','8f8ba081-1618-4816-8d05-0497a57a079c',413),(974,'Card','XXXXXX8553',NULL,NULL,'Discover','cf93e321-c8f1-4533-b860-28dec804946a',620),(975,'Card','XXXXXX8556',NULL,NULL,'Visa','17813a43-6a86-4751-b5da-06b77d47408b',406),(976,'Card','XXXXXX8559',NULL,NULL,'Discover','c04379ce-7eef-4c79-b453-f609e8f9eda9',248),(977,'Card','XXXXXX8562',NULL,NULL,'Discover','97926632-f2aa-45eb-b0c7-dce6ec42bf8f',417),(978,'Card','XXXXXX8565',NULL,NULL,'Visa','cda1b5af-cc8d-4197-b279-0f91ee50ac29',122),(979,'Card','XXXXXX8568',NULL,NULL,'Visa','d2263885-a3a1-446f-8d51-404a2d081d8f',780),(980,'Bank',NULL,'XXXXXX5484','XXXXX049','Discover','a1ac8633-ddfa-4b1c-bbc6-6ebec384e4ba',623),(981,'Card','XXXXXX8574',NULL,NULL,'Discover','ac24208a-179a-479d-8f95-4f196ce80f98',252),(982,'Card','XXXXXX8577',NULL,NULL,'Visa','327c589e-4d93-4498-b882-2ef0c3ec86bd',161),(983,'Bank',NULL,'XXXXXX5490','XXXXX055','Mastercard','a2f0133a-b393-4b78-b5d4-b7ce2f91da5e',582),(984,'Card','XXXXXX8583',NULL,NULL,'Mastercard','44d4bd44-f903-4e99-ac0f-d355eb22d093',613),(985,'Bank',NULL,'XXXXXX5494','XXXXX059','Discover','039fb9b0-0489-4936-91ea-49a91ec39e82',525),(986,'Bank',NULL,'XXXXXX5496','XXXXX061','Discover','f1151631-9e95-472f-b022-58e5ce674027',621),(987,'Bank',NULL,'XXXXXX5498','XXXXX063','Discover','b2506d48-dcaf-409f-b444-5fb7b23b8a13',290),(988,'Bank',NULL,'XXXXXX5500','XXXXX065','Visa','c619b67c-0d4f-457c-8b5a-a08791ac1034',646),(989,'Bank',NULL,'XXXXXX5502','XXXXX067','Mastercard','fdfa1ce0-ec30-4c66-9726-983dde611ab0',106),(990,'Card','XXXXXX8601',NULL,NULL,'Mastercard','7a6bba44-a2c5-48c3-993c-710244deaaa5',34),(991,'Bank',NULL,'XXXXXX5506','XXXXX071','Visa','65e5075a-6387-4edc-835d-e007a9ee4a2e',590),(992,'Card','XXXXXX8607',NULL,NULL,'Mastercard','65f0db81-4e3b-40d8-ae7a-589a719e9989',152),(993,'Bank',NULL,'XXXXXX5510','XXXXX075','Visa','00753f6f-3da5-418d-8356-dbd89ccb08a5',915),(994,'Bank',NULL,'XXXXXX5512','XXXXX077','Mastercard','c4d757fa-7c6e-48c2-ade6-236daf554c79',66),(995,'Card','XXXXXX8616',NULL,NULL,'Visa','6820c006-15eb-4525-a2df-eac51218731c',560),(996,'Card','XXXXXX8619',NULL,NULL,'Mastercard','e9f2ef1d-c59f-4646-9838-62707dd3d375',807),(997,'Card','XXXXXX8622',NULL,NULL,'Mastercard','b904658f-8bc1-4da1-811d-1fa429a84dc1',426),(998,'Bank',NULL,'XXXXXX5520','XXXXX085','Mastercard','495a7e05-b4da-4ecf-9658-781beb123b3b',395),(999,'Card','XXXXXX8628',NULL,NULL,'Visa','955b9e57-fbe1-4f28-9ee7-a563b3b31165',84),(1000,'Bank',NULL,'XXXXXX5524','XXXXX089','Mastercard','e6e99cc9-324f-4610-8baf-7ef5d5f44ab1',604);
/*!40000 ALTER TABLE `PaymentProfiles` ENABLE KEYS */;
UNLOCK TABLES;

--
-- Table structure for table `Product`
--

DROP TABLE IF EXISTS `Product`;
/*!40101 SET @saved_cs_client     = @@character_set_client */;
/*!50503 SET character_set_client = utf8mb4 */;
CREATE TABLE `Product` (
  `ProductID` int NOT NULL,
  `ProductName` varchar(40) NOT NULL,
  `Brand` varchar(25) NOT NULL,
  `ExpirationDate` date NOT NULL,
  `Quantity` int NOT NULL,
  `QuantityRequired` int NOT NULL,
  `Amount` decimal(12,2) DEFAULT NULL,
  `CategoryID` int NOT NULL,
  `SupplierID` int NOT NULL,
  PRIMARY KEY (`ProductID`,`CategoryID`),
  KEY `fk_Product_Category1_idx` (`CategoryID`),
  KEY `fk_Product_Suppliers1_idx` (`SupplierID`),
  CONSTRAINT `fk_Product_Category1` FOREIGN KEY (`CategoryID`) REFERENCES `Category` (`CategoryID`),
  CONSTRAINT `fk_Product_Suppliers1` FOREIGN KEY (`SupplierID`) REFERENCES `Suppliers` (`SupplierID`)
) ENGINE=InnoDB DEFAULT CHARSET=utf8mb4 COLLATE=utf8mb4_0900_ai_ci;
/*!40101 SET character_set_client = @saved_cs_client */;

--
-- Dumping data for table `Product`
--

LOCK TABLES `Product` WRITE;
/*!40000 ALTER TABLE `Product` DISABLE KEYS */;
INSERT INTO `Product` VALUES (10004535,'Cotton Wet Mop 16 Oz','CapFoods','2024-07-16',877,70,34.96,1003,100),(10004536,'Beans - Kidney, Red Dry','CapFoods','2024-06-26',771,90,2.17,1004,101),(10004537,'Skirt - 29 Foot','Kirkland','2024-07-29',453,73,37.07,1001,102),(10004538,'Langers - Mango Nectar','Nestle','2024-05-14',496,77,21.50,1000,103),(10004539,'Kale - Red','Organics','2024-04-02',698,72,24.44,1002,104),(10004540,'Wine - Penfolds Koonuga Hill','Kirkland','2024-04-02',646,84,5.49,1001,105),(10004541,'Soupfoamcont12oz 112con','CapFoods','2024-05-15',667,100,35.91,1004,106),(10004542,'V8 - Tropical Blend','Kirkland','2024-05-05',888,69,8.89,1000,107),(10004543,'Beer - Creemore','Organics','2024-08-02',687,83,29.12,1002,108),(10004544,'Juice - Pineapple, 341 Ml','CapFoods','2024-07-01',762,55,12.36,1003,109),(10004545,'Sping Loaded Cup Dispenser','Kirkland','2024-07-08',645,97,16.63,1004,110),(10004546,'Cheese - Woolwich Goat, Log','Kirkland','2024-04-27',645,71,37.26,1002,111),(10004547,'Beef - Cooked, Corned','Nestle','2024-08-07',595,64,24.46,1001,112),(10004548,'Dc Hikiage Hira Huba','Nestle','2024-07-18',578,86,30.41,1000,113),(10004549,'Pork - Ground','Organics','2024-07-19',260,61,2.95,1003,114),(10004550,'Pork Loin Cutlets','Kirkland','2024-08-03',533,73,14.91,1003,115),(10004551,'Truffle Shells - White Chocolate','Organics','2024-05-07',461,77,23.76,1001,116),(10004552,'Marjoram - Dried, Rubbed','Kirkland','2024-07-26',221,100,42.69,1002,117),(10004553,'Icecream - Dstk Cml And Fdg','Kirkland','2024-08-05',432,80,41.73,1004,118),(10004554,'Mint - Fresh','Nestle','2024-05-12',210,57,33.68,1000,119),(10004555,'Pepsi - Diet, 355 Ml','Nestle','2024-04-15',382,87,39.22,1001,120),(10004556,'Bagels Poppyseed','Organics','2024-05-13',507,97,25.14,1002,121),(10004557,'Wine - Cabernet Sauvignon','Kirkland','2024-04-02',971,89,6.04,1004,122),(10004558,'Swiss Chard - Red','Organics','2024-04-17',303,87,23.26,1003,123),(10004559,'Pastry - Plain Baked Croissant','CapFoods','2024-04-30',645,61,9.18,1000,124),(10004560,'Appetizer - Escargot Puff','Nestle','2024-07-19',549,91,29.65,1002,125),(10004561,'Salmon - Atlantic, Fresh, Whole','Organics','2024-06-04',987,81,42.53,1000,126),(10004562,'Sauce - Thousand Island','Kirkland','2024-05-02',302,56,43.22,1004,127),(10004563,'Nut - Pecan, Halves','CapFoods','2024-05-30',618,58,17.09,1001,128),(10004564,'Nut - Walnut, Chopped','Nestle','2024-06-07',790,61,27.29,1003,129),(10004565,'Turkey - Breast, Double','Kirkland','2024-05-31',803,55,20.67,1003,130),(10004566,'Sauce - Cranberry','Organics','2024-07-20',345,92,38.67,1002,131),(10004567,'Beans - Wax','Kirkland','2024-04-09',247,70,15.84,1000,132),(10004568,'Muffin Mix - Lemon Cranberry','Kirkland','2024-06-13',913,64,28.17,1001,133),(10004569,'Flounder - Fresh','Nestle','2024-07-03',451,84,8.85,1004,134),(10004570,'Soup - Knorr, Veg / Beef','CapFoods','2024-07-29',449,65,5.24,1003,135),(10004571,'Bagelers - Cinn / Brown','Nestle','2024-08-07',234,90,33.22,1001,136),(10004572,'Bandage - Flexible Neon','Kirkland','2024-08-02',796,68,35.23,1002,137),(10004573,'Bread - Bistro Sour','Kirkland','2024-06-20',322,88,19.52,1000,138),(10004574,'Kellogs Cereal In A Cup','CapFoods','2024-06-07',319,56,12.67,1004,139),(10004575,'Wine - Taylors Reserve','Nestle','2024-06-27',982,86,31.15,1003,140),(10004576,'Dried Apple','Organics','2024-06-05',344,91,22.64,1003,141),(10004577,'Onion Powder','Kirkland','2024-08-03',857,93,22.84,1002,142),(10004578,'Corn Syrup','Nestle','2024-05-24',284,70,11.45,1001,143),(10004579,'Loaf Pan - 2 Lb, Foil','Organics','2024-05-21',655,89,41.05,1000,144),(10004580,'Egg - Salad Premix','CapFoods','2024-06-02',621,96,22.25,1004,145),(10004581,'Sauce - Vodka Blush','Nestle','2024-04-10',528,70,44.37,1004,146),(10004582,'Corn Kernels - Frozen','CapFoods','2024-04-22',844,94,26.27,1000,147),(10004583,'Red Snapper - Fillet, Skin On','Nestle','2024-06-11',524,96,8.74,1002,148),(10004584,'Tomatoes - Grape','Organics','2024-07-08',607,75,2.53,1001,149),(10004585,'Southern Comfort','Kirkland','2024-07-27',741,70,21.70,1003,150),(10004586,'Squid U5 - Thailand','Kirkland','2024-06-17',738,55,15.98,1001,151),(10004587,'Bread - French Baquette','Nestle','2024-07-23',410,51,22.95,1003,152),(10004588,'Petite Baguette','Kirkland','2024-06-05',229,65,11.23,1000,153),(10004589,'Cookie - Dough Variety','Kirkland','2024-08-08',819,74,2.32,1002,154),(10004590,'Apple - Delicious, Red','CapFoods','2024-06-26',810,65,32.81,1004,155),(10004591,'Cheese - Comtomme','Nestle','2024-07-19',684,92,19.85,1003,156),(10004592,'Apples - Spartan','CapFoods','2024-04-11',532,89,22.81,1000,157),(10004593,'Clam Nectar','Organics','2024-06-07',295,66,6.19,1002,158),(10004594,'Capon - Breast, Double, Wing On','Organics','2024-07-23',909,60,37.68,1001,159),(10004595,'Phyllo Dough','Organics','2024-07-28',677,96,30.67,1004,160),(10004596,'Trueblue - Blueberry 12x473ml','Nestle','2024-04-30',204,93,5.13,1002,161),(10004597,'Cake - Pancake','Nestle','2024-04-11',584,82,5.68,1004,162),(10004598,'Wine - Red, Pelee Island Merlot','Nestle','2024-06-06',507,93,32.83,1000,163),(10004599,'Tomato - Green','Nestle','2024-04-28',203,85,42.47,1003,164),(10004600,'Sherbet - Raspberry','Nestle','2024-07-24',383,67,25.71,1001,165),(10004601,'Sauce - Plum','Kirkland','2024-06-01',686,56,6.49,1002,166),(10004602,'Mushroom - Crimini','Organics','2024-05-03',435,71,22.01,1004,167),(10004603,'Kellogs Raisan Bran Bars','Kirkland','2024-07-04',869,73,23.79,1001,168),(10004604,'Jameson - Irish Whiskey','CapFoods','2024-04-20',947,69,32.34,1003,169),(10004605,'Cake - Cake Sheet Macaroon','Kirkland','2024-04-19',796,66,34.51,1000,170),(10004606,'Salmon - Atlantic, Fresh, Whole','Kirkland','2024-07-31',728,59,5.32,1002,171),(10004607,'Oregano - Dry, Rubbed','CapFoods','2024-07-01',233,92,33.86,1001,172),(10004608,'Table Cloth 72x144 White','CapFoods','2024-04-12',531,55,27.24,1000,173),(10004609,'Mushroom - Enoki, Dry','Kirkland','2024-04-12',562,71,16.54,1003,174),(10004610,'Cake - Mini Potato Pancake','Kirkland','2024-06-13',757,98,27.87,1002,175),(10004611,'Bread - Sticks, Thin, Plain','Kirkland','2024-07-19',961,52,22.55,1004,176),(10004612,'Juice - Clam, 46 Oz','Nestle','2024-05-26',861,77,3.68,1000,177),(10004613,'Pork Loin Bine - In Frenched','Organics','2024-04-05',664,69,37.89,1001,178),(10004614,'Soap - Hand Soap','Organics','2024-05-18',874,65,14.93,1003,179),(10004615,'Pepper - Gypsy Pepper','Organics','2024-04-29',230,58,34.08,1002,180),(10004616,'Sauce - Caesar Dressing','CapFoods','2024-07-11',385,72,16.73,1004,181),(10004617,'Blueberries','Nestle','2024-06-02',917,98,35.31,1001,182),(10004618,'Cheese - Havarti, Salsa','Organics','2024-08-05',810,83,23.83,1003,183),(10004619,'Mountain Dew','Nestle','2024-06-02',574,54,44.73,1000,184),(10004620,'Jam - Apricot','CapFoods','2024-07-28',842,67,6.04,1002,185),(10004621,'Chicken - Diced, Cooked','Organics','2024-05-01',698,60,23.89,1004,186),(10004622,'Sambuca Cream','Organics','2024-04-06',957,59,20.19,1000,187),(10004623,'Shrimp - Prawn','CapFoods','2024-05-18',629,66,17.77,1004,188),(10004624,'Water - Spring Water, 355 Ml','Kirkland','2024-06-12',627,64,8.13,1002,189),(10004625,'Sachet','CapFoods','2024-07-13',528,74,8.25,1003,190),(10004626,'Cheese - Mascarpone','CapFoods','2024-07-01',677,81,33.49,1001,191),(10004627,'Creme De Cacao Mcguines','Nestle','2024-04-06',398,95,29.05,1001,192),(10004628,'Club Soda - Schweppes, 355 Ml','Organics','2024-07-08',839,78,30.12,1000,193),(10004629,'Arctic Char - Fillets','CapFoods','2024-07-22',853,100,18.92,1002,194),(10004630,'Wine - Saint Emilion Calvet','Kirkland','2024-04-26',277,51,39.37,1003,195),(10004631,'Pears - Fiorelle','Nestle','2024-05-29',581,70,28.50,1001,196),(10004632,'Carbonated Water - Cherry','CapFoods','2024-08-02',899,63,42.18,1004,197),(10004633,'Soup - Clam Chowder, Dry Mix','CapFoods','2024-05-27',746,100,32.60,1002,198),(10004634,'Asparagus - Frozen','Nestle','2024-05-09',383,74,44.15,1003,199),(10004635,'Glaze - Clear','Nestle','2024-05-13',712,62,19.28,1001,200),(10004636,'Green Tea Refresher','Nestle','2024-06-01',260,58,30.96,1004,201),(10004637,'Rum - Dark, Bacardi, Black','Kirkland','2024-04-27',389,94,18.61,1000,202),(10004638,'General Purpose Trigger','Nestle','2024-07-24',950,73,16.11,1000,203),(10004639,'Bread - French Baquette','Organics','2024-06-07',676,81,30.09,1001,204),(10004640,'Napkin - Beverage 1 Ply','Organics','2024-04-25',904,76,10.73,1004,205),(10004641,'Lettuce - Boston Bib - Organic','CapFoods','2024-06-16',654,87,42.96,1002,206),(10004642,'Pasta - Cappellini, Dry','Organics','2024-07-24',483,94,6.24,1003,207),(10004643,'Munchies Honey Sweet Trail Mix','Organics','2024-04-11',565,56,34.09,1004,208),(10004644,'Bread - Roll, Soft White Round','CapFoods','2024-04-03',447,78,8.35,1002,209),(10004645,'Crackers Cheez It','Nestle','2024-08-06',880,69,38.05,1000,210),(10004646,'Shrimp - 100 / 200 Cold Water','Organics','2024-06-07',679,66,41.41,1001,211),(10004647,'Pasta - Canelloni, Single Serve','CapFoods','2024-05-29',940,97,27.76,1003,212),(10004648,'Teriyaki Sauce','CapFoods','2024-05-11',991,55,25.33,1001,213),(10004649,'Orange - Canned, Mandarin','Organics','2024-05-24',941,97,44.74,1002,214),(10004650,'Compound - Passion Fruit','CapFoods','2024-06-21',259,72,36.83,1003,215),(10004651,'Paper Towel Touchless','Kirkland','2024-07-19',222,81,18.69,1004,216),(10004652,'Beef - Ground Lean Fresh','Kirkland','2024-08-02',736,80,6.64,1000,217),(10004653,'Wine - Marlbourough Sauv Blanc','Kirkland','2024-08-01',375,54,3.27,1002,218),(10004654,'Wine - White, Cooking','Kirkland','2024-06-09',696,63,1.75,1001,219),(10004655,'Wine - Beringer Founders Estate','CapFoods','2024-04-29',215,84,22.33,1003,220),(10004656,'Clams - Bay','Organics','2024-04-06',738,96,18.40,1004,221),(10004657,'Tea - Lemon Scented','Nestle','2024-07-23',427,74,37.68,1000,222),(10004658,'Muffin - Blueberry Individual','Kirkland','2024-06-27',945,77,12.09,1002,223),(10004659,'Salt - Celery','Organics','2024-05-31',492,60,33.33,1001,224),(10004660,'Scampi Tail','Organics','2024-05-24',971,94,29.60,1004,225),(10004661,'Sauce - Black Current, Dry Mix','Nestle','2024-06-10',897,54,11.63,1003,226),(10004662,'Crackers - Melba Toast','Nestle','2024-04-17',694,68,2.21,1000,227),(10004663,'Juice - Orange, Concentrate','Kirkland','2024-05-09',695,53,23.35,1002,228),(10004664,'The Pop Shoppe - Black Cherry','Organics','2024-07-20',276,71,35.94,1003,229),(10004665,'Fish - Bones','CapFoods','2024-05-16',249,51,17.12,1002,230),(10004666,'Tea - Orange Pekoe','CapFoods','2024-06-21',852,91,24.76,1004,231),(10004667,'Truffle Cups Green','CapFoods','2024-05-25',795,71,9.77,1000,232),(10004668,'Flour - Teff','CapFoods','2024-06-07',386,66,23.24,1001,233),(10004669,'Pepper - Orange','Kirkland','2024-07-10',636,100,9.93,1001,234),(10004670,'Juice - Grape, White','Nestle','2024-05-09',593,55,3.67,1004,235),(10004671,'Cattail Hearts','CapFoods','2024-08-08',322,57,36.07,1002,236),(10004672,'Cheese - Bakers Cream Cheese','Nestle','2024-08-07',290,85,28.15,1000,237),(10004673,'Wooden Mop Handle','Nestle','2024-05-04',948,55,36.25,1003,238),(10004674,'Table Cloth 62x120 Colour','CapFoods','2024-06-29',984,56,26.51,1003,239),(10004675,'Clams - Bay','Organics','2024-05-04',668,70,38.40,1001,240),(10004676,'Beef - Rib Eye Aaa','Kirkland','2024-07-05',721,73,15.46,1002,241),(10004677,'Soup - Verve - Chipotle Chicken','Kirkland','2024-07-08',444,55,19.21,1000,242),(10004678,'Wine - Peller Estates Late','Kirkland','2024-08-06',917,97,19.58,1004,243),(10004679,'Coffee - Ristretto Coffee Capsule','Organics','2024-07-18',968,57,29.30,1000,244),(10004680,'Tarragon - Fresh','Nestle','2024-07-29',549,78,26.53,1001,245),(10004681,'Banana - Leaves','Organics','2024-05-20',685,57,11.36,1004,246),(10004682,'Wine - Black Tower Qr','Nestle','2024-04-30',902,87,15.51,1003,247),(10004683,'Salt - Celery','CapFoods','2024-05-09',639,73,15.34,1002,248),(10004684,'Nut - Almond, Blanched, Sliced','Nestle','2024-07-15',506,61,40.22,1003,249),(10004685,'Cheese - Bakers Cream Cheese','CapFoods','2024-04-23',266,89,41.91,1004,250),(10004686,'Wine - Cotes Du Rhone','CapFoods','2024-05-20',811,66,22.76,1000,251),(10004687,'Chicken - Ground','CapFoods','2024-05-06',503,98,1.72,1001,252),(10004688,'Wine - Chateau Aqueria Tavel','Nestle','2024-04-24',644,94,26.19,1002,253),(10004689,'Rum - Mount Gay Eclipes','Kirkland','2024-06-24',436,100,23.75,1002,254),(10004690,'Tray - Foam, Square 4 - S','Kirkland','2024-07-27',731,61,41.78,1003,255),(10004691,'Tart Shells - Savory, 2','Nestle','2024-07-19',947,65,16.59,1004,256),(10004692,'Corn Shoots','Organics','2024-05-14',323,82,43.84,1002,257),(10004693,'Pork Salted Bellies','CapFoods','2024-06-01',531,82,2.63,1001,258),(10004694,'Mcguinness - Blue Curacao','Organics','2024-08-04',489,94,4.02,1000,259),(10004695,'Foil Cont Round','Kirkland','2024-04-21',575,65,31.23,1001,260),(10004696,'Cake - Cheese Cake 9 Inch','CapFoods','2024-05-20',313,51,16.88,1003,261),(10004697,'Brocolinni - Gaylan, Chinese','Nestle','2024-06-13',833,91,9.30,1002,262),(10004698,'Flour Pastry Super Fine','CapFoods','2024-04-27',438,93,9.10,1004,263),(10004699,'Arctic Char - Fillets','CapFoods','2024-07-28',317,100,28.35,1000,264),(10004700,'Bread - Dark Rye, Loaf','Organics','2024-05-18',967,57,25.68,1002,265),(10004701,'Pasta - Angel Hair','Kirkland','2024-07-21',597,79,7.58,1000,266),(10004702,'Bagel - Everything Presliced','CapFoods','2024-05-17',242,79,22.74,1004,267),(10004703,'Cheese - Parmesan Cubes','CapFoods','2024-05-06',368,86,13.40,1003,268),(10004704,'Chutney Sauce - Mango','Nestle','2024-07-22',535,77,12.51,1001,269),(10004705,'Foam Espresso Cup Plain White','Organics','2024-05-12',338,95,39.82,1003,270),(10004706,'Bread Base - Toscano','Kirkland','2024-06-24',492,51,4.54,1001,271),(10004707,'Beans - Fine','Organics','2024-05-06',206,100,13.21,1000,272),(10004708,'Bag - Bread, White, Plain','CapFoods','2024-05-11',687,79,6.17,1004,273),(10004709,'Pepperoni Slices','Kirkland','2024-07-19',205,70,21.14,1002,274),(10004710,'Olives - Kalamata','Nestle','2024-06-03',299,82,1.28,1002,275),(10004711,'Onion Powder','CapFoods','2024-08-04',290,53,21.76,1003,276),(10004712,'The Pop Shoppe - Lime Rickey','Nestle','2024-07-03',318,91,17.42,1004,277),(10004713,'Lamb - Shoulder','CapFoods','2024-04-16',551,80,12.38,1000,278),(10004714,'Chips Potato Reg 43g','Kirkland','2024-05-24',620,78,44.94,1001,279),(10004715,'Aspic - Clear','Kirkland','2024-06-28',703,65,34.34,1002,280),(10004716,'Trueblue - Blueberry Cranberry','Nestle','2024-07-10',262,58,38.41,1001,281),(10004717,'Tea - Herbal Orange Spice','Organics','2024-07-15',333,52,5.00,1004,282),(10004718,'Parasol Pick Stir Stick','Kirkland','2024-06-20',766,80,34.10,1000,283),(10004719,'Herb Du Provence - Primerba','CapFoods','2024-04-18',460,65,28.57,1003,284),(10004720,'Cleaner - Pine Sol','CapFoods','2024-05-28',438,57,3.70,1003,285),(10004721,'Pork - Sausage, Medium','Organics','2024-06-09',708,94,22.66,1003,286),(10004722,'Flour - Masa De Harina Mexican','Nestle','2024-06-18',978,90,6.78,1004,287),(10004723,'Ham - Cooked Italian','Nestle','2024-05-17',793,52,36.10,1000,288),(10004724,'Bar Nature Valley','CapFoods','2024-06-03',952,86,17.68,1001,289),(10004725,'Table Cloth 62x114 White','CapFoods','2024-04-30',332,73,42.62,1002,290),(10004726,'Dried Peach','Nestle','2024-04-17',403,85,14.00,1000,291),(10004727,'Sour Puss Raspberry','Organics','2024-05-09',685,52,39.02,1001,292),(10004728,'Myers Planters Punch','Organics','2024-04-02',801,65,18.16,1002,293),(10004729,'Wine - Spumante Bambino White','Nestle','2024-05-19',303,100,3.77,1004,294),(10004730,'Artichoke - Bottom, Canned','Nestle','2024-07-24',615,54,41.43,1003,295),(10004731,'Potato - Sweet','Kirkland','2024-04-30',595,56,12.70,1000,296),(10004732,'Yogurt - Peach, 175 Gr','Nestle','2024-05-20',368,82,3.37,1001,297),(10004733,'Water - Spring 1.5lit','Organics','2024-08-02',399,68,10.29,1002,298),(10004734,'Pork Salted Bellies','Organics','2024-05-31',727,87,35.83,1004,299),(10004735,'Lemons','Organics','2024-07-31',620,51,15.25,1003,300),(10004736,'Lettuce - Sea / Sea Asparagus','Organics','2024-08-01',432,69,38.28,1003,301),(10004737,'Rum - Dark, Bacardi, Black','CapFoods','2024-08-05',678,65,6.82,1004,302),(10004738,'Rhubarb','CapFoods','2024-07-30',781,52,7.06,1002,303),(10004739,'Lamb - Sausage Casings','Organics','2024-05-01',603,64,42.94,1000,304),(10004740,'Cape Capensis - Fillet','Kirkland','2024-08-07',415,84,19.21,1001,305),(10004741,'Syrup - Monin, Swiss Choclate','CapFoods','2024-05-14',936,51,42.88,1000,306),(10004742,'Wine - Red, Lurton Merlot De','Nestle','2024-04-08',335,56,16.98,1004,307),(10004743,'Wine - Bouchard La Vignee Pinot','CapFoods','2024-07-31',873,80,39.14,1003,308),(10004744,'Mint - Fresh','Kirkland','2024-07-10',836,90,38.56,1002,309),(10004745,'Tomatoes Tear Drop','Kirkland','2024-04-25',667,78,4.61,1001,310),(10004746,'Pepper - Red, Finger Hot','Nestle','2024-07-11',440,93,40.49,1000,311),(10004747,'Sauce - Thousand Island','Kirkland','2024-05-09',977,69,8.49,1001,312),(10004748,'Cleaner - Bleach','Organics','2024-05-23',448,91,26.02,1004,313),(10004749,'Onion Powder','Organics','2024-04-08',435,62,24.30,1003,314),(10004750,'Cabbage - Savoy','Kirkland','2024-06-24',794,77,21.82,1002,315),(10004751,'Jello - Assorted','Nestle','2024-06-27',713,80,1.97,1003,316),(10004752,'Lamb Rack - Ontario','Kirkland','2024-05-12',681,88,25.43,1001,317),(10004753,'Bols Melon Liqueur','Kirkland','2024-06-13',836,51,12.09,1002,318),(10004754,'Beef - Ground Medium','CapFoods','2024-05-05',809,62,38.02,1000,319),(10004755,'Filo Dough','Nestle','2024-07-30',907,63,13.44,1003,320),(10004756,'Ice Cream - Super Sandwich','Organics','2024-04-04',845,51,3.02,1004,321),(10004757,'Wine - Chardonnay South','Nestle','2024-06-13',838,95,13.51,1003,322),(10004758,'Wine - White Cab Sauv.on','Organics','2024-05-26',679,66,16.63,1004,323),(10004759,'Artichokes - Knobless, White','CapFoods','2024-04-04',856,52,32.89,1001,324),(10004760,'Potatoes - Parissienne','Kirkland','2024-07-04',584,70,24.78,1000,325),(10004761,'Lobster - Baby, Boiled','Organics','2024-06-19',379,50,3.92,1002,326),(10004762,'Apple - Northern Spy','Kirkland','2024-05-27',956,100,44.69,1001,327),(10004763,'Crackers - Graham','Nestle','2024-05-19',308,69,5.66,1004,328),(10004764,'Muffin Mix - Raisin Bran','Organics','2024-06-30',548,85,17.13,1002,329),(10004765,'Garbage Bags - Clear','Nestle','2024-04-26',754,97,11.80,1000,330),(10004766,'Quail - Eggs, Fresh','CapFoods','2024-05-22',755,86,25.92,1003,331),(10004767,'Godiva White Chocolate','Organics','2024-07-22',579,64,25.08,1004,332),(10004768,'Pimento - Canned','Nestle','2024-07-25',812,58,27.68,1003,333),(10004769,'Tart Shells - Savory, 4','Nestle','2024-06-10',964,57,16.37,1000,334),(10004770,'Compound - Orange','Organics','2024-05-26',755,74,14.93,1001,335),(10004771,'Salmon - Atlantic, Skin On','Organics','2024-04-16',599,94,15.20,1002,336),(10004772,'Ham - Black Forest','Organics','2024-07-22',753,58,3.24,1001,337),(10004773,'Chicken Breast Wing On','Organics','2024-05-21',701,54,33.74,1003,338),(10004774,'Meldea Green Tea Liquor','Organics','2024-06-27',754,76,21.48,1004,339),(10004775,'Kumquat','Kirkland','2024-07-01',321,79,11.19,1002,340),(10004776,'Oil - Hazelnut','Kirkland','2024-05-12',663,83,6.95,1000,341),(10004777,'Shortbread - Cookie Crumbs','CapFoods','2024-05-15',309,66,26.22,1001,342),(10004778,'Lamb Leg - Bone - In Nz','CapFoods','2024-07-16',998,93,20.92,1002,343),(10004779,'Sansho Powder','Kirkland','2024-05-01',463,97,22.80,1003,344),(10004780,'Noodles - Steamed Chow Mein','CapFoods','2024-04-21',791,68,29.61,1004,345),(10004781,'Soup Campbells - Italian Wedding','Kirkland','2024-04-21',841,88,23.36,1000,346),(10004782,'Meldea Green Tea Liquor','Nestle','2024-04-09',360,60,10.78,1003,347),(10004783,'Rum - Dark, Bacardi, Black','Nestle','2024-04-25',273,71,41.43,1001,348),(10004784,'Eggwhite Frozen','Nestle','2024-04-25',206,70,44.35,1002,349),(10004785,'Iced Tea - Lemon, 340ml','Organics','2024-05-17',394,66,8.12,1000,350),(10004786,'Stock - Fish','CapFoods','2024-06-12',248,68,38.59,1004,351),(10004787,'Bacardi Breezer - Strawberry','Kirkland','2024-05-14',735,88,6.06,1003,352),(10004788,'Lamb Shoulder Boneless Nz','Organics','2024-06-18',622,89,32.54,1003,353),(10004789,'Water - Evian 355 Ml','Nestle','2024-07-14',309,78,17.58,1004,354),(10004790,'Vermacelli - Sprinkles, Assorted','Nestle','2024-04-25',408,67,9.24,1002,355),(10004791,'Pail - 15l White, With Handle','Kirkland','2024-05-20',805,84,40.73,1000,356),(10004792,'Turkey - Ground. Lean','CapFoods','2024-04-13',907,61,7.56,1001,357),(10004793,'Cabbage - Green','Kirkland','2024-05-07',565,71,2.81,1003,358),(10004794,'Red Cod Fillets - 225g','Kirkland','2024-08-04',808,93,16.55,1000,359),(10004795,'Wine - Red, Wolf Blass, Yellow','Kirkland','2024-05-18',790,94,20.03,1002,360),(10004796,'Sugar - Icing','Organics','2024-06-29',344,59,5.12,1004,361),(10004797,'Gingerale - Schweppes, 355 Ml','Kirkland','2024-06-07',866,95,13.58,1001,362),(10004798,'Energy Drink - Franks Original','Nestle','2024-05-02',307,97,42.05,1000,363),(10004799,'Munchies Honey Sweet Trail Mix','Nestle','2024-05-24',994,94,5.50,1003,364),(10004800,'Food Colouring - Pink','Nestle','2024-04-26',717,92,14.20,1002,365),(10004801,'Soup Campbells','CapFoods','2024-06-29',634,56,19.14,1001,366),(10004802,'Parsley - Fresh','CapFoods','2024-06-06',573,82,37.28,1004,367),(10004803,'Oil - Food, Lacquer Spray','Nestle','2024-07-03',967,94,8.24,1002,368),(10004804,'Juice - Orange','Kirkland','2024-06-21',793,91,16.29,1004,369),(10004805,'Dried Apple','CapFoods','2024-05-30',631,86,11.96,1001,370),(10004806,'Tarts Assorted','CapFoods','2024-05-12',229,66,29.15,1003,371),(10004807,'Grenadine','Organics','2024-04-03',271,70,27.50,1000,372),(10004808,'Rabbit - Legs','CapFoods','2024-05-03',689,93,43.43,1002,373),(10004809,'Bag - Regular Kraft 20 Lb','Kirkland','2024-06-09',285,81,1.91,1004,374),(10004810,'Veal - Nuckle','Organics','2024-04-21',715,57,19.13,1000,375),(10004811,'Sauce - Fish 25 Ozf Bottle','CapFoods','2024-06-17',288,91,28.09,1001,376),(10004812,'Bread - Pullman, Sliced','Organics','2024-07-25',619,76,6.18,1003,377),(10004813,'Longos - Chicken Wings','Organics','2024-05-16',789,59,20.62,1002,378),(10004814,'Calypso - Black Cherry Lemonade','Organics','2024-04-04',370,87,39.53,1004,379),(10004815,'Bread - Roll, Calabrese','Nestle','2024-06-21',611,61,17.19,1003,380),(10004816,'Cheese - Boursin, Garlic / Herbs','Kirkland','2024-06-18',354,53,38.17,1002,381),(10004817,'Chick Peas - Canned','Organics','2024-04-03',305,89,4.89,1000,382),(10004818,'Beer - Sleemans Honey Brown','CapFoods','2024-07-16',526,76,1.45,1001,383),(10004819,'Nut - Almond, Blanched, Sliced','Organics','2024-07-16',822,51,10.55,1000,384),(10004820,'Bread - Corn Muffaletta','Kirkland','2024-06-07',792,57,1.83,1001,385),(10004821,'Asparagus - Green, Fresh','CapFoods','2024-07-03',606,76,19.67,1003,386),(10004822,'Veal - Inside Round / Top, Lean','CapFoods','2024-06-28',812,81,2.78,1002,387),(10004823,'Veal - Sweetbread','Organics','2024-06-04',224,63,9.79,1004,388),(10004824,'Anchovy Fillets','CapFoods','2024-05-04',620,90,5.02,1000,389),(10004825,'Oregano - Dry, Rubbed','Kirkland','2024-04-25',999,90,5.34,1001,390),(10004826,'Mushrooms - Black, Dried','Kirkland','2024-07-19',446,79,42.79,1003,391),(10004827,'Muffin Batt - Choc Chk','Kirkland','2024-05-25',527,68,3.43,1002,392),(10004828,'Blueberries - Frozen','Kirkland','2024-06-22',689,61,29.51,1004,393),(10004829,'Lamb Rack - Ontario','Nestle','2024-05-08',565,91,16.66,1000,394),(10004830,'Jello - Assorted','Nestle','2024-07-09',548,93,24.12,1002,395),(10004831,'Wine - Chianti Classico Riserva','Organics','2024-04-09',999,70,16.89,1001,396),(10004832,'Chestnuts - Whole,canned','CapFoods','2024-07-01',832,61,35.14,1003,397),(10004833,'Longos - Grilled Chicken With','CapFoods','2024-06-23',214,88,36.05,1004,398),(10004834,'Chips Potato Reg 43g','Nestle','2024-05-22',507,82,14.84,1000,399),(10004835,'Chicken Breast Halal','Nestle','2024-08-08',813,72,16.20,1002,400),(10004836,'Roe - Flying Fish','Kirkland','2024-04-19',748,64,25.52,1003,401),(10004837,'Soup - Campbells, Lentil','CapFoods','2024-06-26',584,70,36.49,1001,402),(10004838,'Wine - Chateau Aqueria Tavel','Organics','2024-05-15',319,63,10.58,1004,403),(10004839,'Cookie - Dough Variety','Nestle','2024-07-30',823,90,40.61,1003,404),(10004840,'Soup - Campbells Broccoli','Nestle','2024-07-06',756,60,20.78,1001,405),(10004841,'Bar - Sweet And Salty Chocolate','Organics','2024-04-03',742,89,17.27,1004,406),(10004842,'Table Cloth 54x72 White','Kirkland','2024-05-22',442,88,14.18,1002,407),(10004843,'Pepper - Pablano','CapFoods','2024-07-26',491,67,1.93,1000,408),(10004844,'Lumpfish Black','Organics','2024-05-09',319,55,36.43,1004,409),(10004845,'Noodles - Cellophane, Thin','Kirkland','2024-06-22',453,88,36.47,1000,410),(10004846,'Honey - Liquid','Organics','2024-08-01',703,50,36.79,1004,411),(10004847,'Crab - Meat','Nestle','2024-06-02',397,100,30.95,1003,412),(10004848,'Sage Derby','Nestle','2024-06-26',797,98,10.63,1002,413),(10004849,'Sprouts - Bean','CapFoods','2024-06-28',905,67,41.16,1001,414),(10004850,'Nacho Chips','Kirkland','2024-06-26',249,64,17.17,1004,415),(10004851,'Edible Flower - Mixed','Kirkland','2024-08-08',549,50,18.03,1003,416),(10004852,'Pork - Suckling Pig','CapFoods','2024-08-04',335,80,8.20,1002,417),(10004853,'Yucca','CapFoods','2024-04-02',923,96,9.39,1000,418),(10004854,'Onions Granulated','Organics','2024-05-05',435,54,32.52,1001,419),(10004855,'Pasta - Shells, Medium, Dry','CapFoods','2024-04-19',268,88,15.93,1003,420),(10004856,'Bar Energy Chocchip','Kirkland','2024-07-14',926,73,26.31,1001,421),(10004857,'Cheese - St. Andre','Kirkland','2024-08-04',754,88,1.66,1000,422),(10004858,'Beef - Short Loin','Kirkland','2024-04-22',927,85,22.55,1004,423),(10004859,'Bread Foccacia Whole','CapFoods','2024-07-26',875,64,30.33,1002,424),(10004860,'Veal - Tenderloin, Untrimmed','Kirkland','2024-07-25',395,84,9.06,1000,425),(10004861,'Ecolab - Hand Soap Form Antibac','Organics','2024-06-05',220,57,43.22,1004,426),(10004862,'Contreau','Organics','2024-06-17',305,89,44.27,1001,427),(10004863,'Jam - Strawberry, 20 Ml Jar','CapFoods','2024-04-23',526,52,32.33,1002,428),(10004864,'Soup - Campbells Tomato Ravioli','Organics','2024-08-02',815,57,12.91,1003,429),(10004865,'Lettuce - Lolla Rosa','Organics','2024-08-03',742,60,38.68,1001,430),(10004866,'Cheese - Camembert','Kirkland','2024-07-17',998,56,32.48,1000,431),(10004867,'Fish - Soup Base, Bouillon','CapFoods','2024-08-08',806,60,13.31,1002,432),(10004868,'Potato - Sweet','Kirkland','2024-07-24',758,80,26.41,1003,433),(10004869,'Piping - Bags Quizna','Organics','2024-05-01',691,65,40.48,1004,434),(10004870,'Orange Roughy 4/6 Oz','Nestle','2024-04-29',730,83,33.31,1003,435),(10004871,'Grouper - Fresh','Kirkland','2024-08-08',518,95,25.91,1004,436),(10004872,'Soup - Campbells','Organics','2024-07-04',923,94,21.35,1002,437),(10004873,'Pepper - Scotch Bonnet','CapFoods','2024-07-29',361,73,4.23,1001,438),(10004874,'Pancetta','Organics','2024-04-13',403,67,38.04,1000,439),(10004875,'Oranges - Navel, 72','Organics','2024-06-28',593,77,27.47,1001,440),(10004876,'Bandage - Flexible Neon','CapFoods','2024-05-03',600,64,1.71,1004,441),(10004877,'Okra','Organics','2024-04-11',725,96,9.76,1002,442),(10004878,'Ranchero - Primerba, Paste','Organics','2024-05-08',414,75,4.91,1003,443),(10004879,'Quail - Eggs, Fresh','Organics','2024-05-29',953,64,40.89,1001,444),(10004880,'Mushroom - Shitake, Dry','CapFoods','2024-06-25',452,80,19.52,1000,445),(10004881,'Crab - Claws, 26 - 30','Organics','2024-07-31',952,69,28.00,1003,446),(10004882,'Bread Crumbs - Panko','Nestle','2024-07-31',844,77,6.43,1002,447),(10004883,'Lamb - Rack','Organics','2024-06-09',241,86,37.53,1004,448),(10004884,'Versatainer Nc - 9388','Nestle','2024-05-30',781,59,38.90,1000,449),(10004885,'Ostrich - Fan Fillet','Nestle','2024-05-11',981,61,18.45,1001,450),(10004886,'Salmon - Canned','Organics','2024-05-17',369,85,2.70,1004,451),(10004887,'Ham - Cooked','CapFoods','2024-07-27',596,55,39.85,1002,452),(10004888,'Compound - Passion Fruit','Nestle','2024-05-30',960,66,3.99,1003,453),(10004889,'Nut - Cashews, Whole, Raw','Organics','2024-07-28',235,90,11.44,1001,454),(10004890,'Carbonated Water - Blackcherry','Organics','2024-06-26',412,80,19.64,1000,455),(10004891,'Wine La Vielle Ferme Cote Du','Kirkland','2024-06-12',387,58,6.00,1001,456),(10004892,'Wine - White, Ej','Organics','2024-06-12',474,53,24.79,1003,457),(10004893,'Soup - Campbellschix Stew','Nestle','2024-05-18',885,90,34.65,1002,458),(10004894,'Rhubarb','Nestle','2024-07-17',867,97,24.26,1004,459),(10004895,'Dill - Primerba, Paste','Kirkland','2024-07-09',949,58,6.04,1000,460),(10004896,'Shrimp - 16/20, Iqf, Shell On','Kirkland','2024-08-06',569,57,38.52,1001,461),(10004897,'Bread - Rosemary Focaccia','Organics','2024-04-20',295,56,26.48,1000,462),(10004898,'Rum - Dark, Bacardi, Black','Organics','2024-04-22',277,85,42.26,1002,463),(10004899,'Lemon Balm - Fresh','CapFoods','2024-05-20',507,52,24.30,1004,464),(10004900,'Cumin - Whole','Organics','2024-07-29',461,73,1.88,1003,465),(10004901,'Onion - Dried','Nestle','2024-06-28',369,56,10.24,1002,466),(10004902,'Mcguinness - Blue Curacao','Organics','2024-07-18',729,60,37.35,1004,467),(10004903,'Stock - Beef, Brown','Kirkland','2024-04-24',761,79,35.58,1003,468),(10004904,'Chips Potato All Dressed - 43g','Kirkland','2024-07-20',994,61,13.11,1001,469),(10004905,'Chocolate - Milk Coating','CapFoods','2024-05-05',453,80,10.96,1000,470),(10004906,'Lemonade - Strawberry, 591 Ml','Nestle','2024-05-22',526,59,38.12,1000,471),(10004907,'Coconut Milk - Unsweetened','Organics','2024-06-25',352,92,39.17,1003,472),(10004908,'Quail - Eggs, Fresh','Kirkland','2024-04-28',605,50,39.26,1002,473),(10004909,'Wine - Acient Coast Caberne','Nestle','2024-06-18',712,87,7.83,1004,474),(10004910,'Sugar - Brown, Individual','Nestle','2024-07-23',583,78,7.91,1001,475),(10004911,'Wine - Rubyport','CapFoods','2024-07-16',244,98,43.82,1000,476),(10004912,'Milk 2% 500 Ml','Organics','2024-07-11',451,95,38.80,1003,477),(10004913,'Fruit Salad Deluxe','Kirkland','2024-06-23',492,83,1.76,1002,478),(10004914,'Wine - Fat Bastard Merlot','Nestle','2024-04-14',835,96,36.02,1001,479),(10004915,'Red Currant Jelly','CapFoods','2024-04-28',608,62,14.79,1004,480),(10004916,'Lemonade - Natural, 591 Ml','Organics','2024-07-22',537,56,30.44,1000,481),(10004917,'Cookies - Fortune','CapFoods','2024-06-21',755,51,19.88,1000,482),(10004918,'Blackberries','CapFoods','2024-05-15',498,84,2.16,1003,483),(10004919,'Soup - Campbells - Chicken Noodle','CapFoods','2024-07-06',604,75,31.64,1002,484),(10004920,'Cinnamon - Ground','Kirkland','2024-05-20',966,56,11.75,1001,485),(10004921,'Celery Root','Nestle','2024-04-18',520,69,12.47,1004,486),(10004922,'Juice - Apple Cider','Kirkland','2024-07-05',762,90,8.56,1000,487),(10004923,'Marjoram - Fresh','Nestle','2024-04-13',577,74,23.35,1001,488),(10004924,'Snapple Lemon Tea','Organics','2024-06-17',561,82,36.47,1003,489),(10004925,'Wine - Penfolds Koonuga Hill','Organics','2024-07-31',206,70,8.27,1004,490),(10004926,'Apple - Delicious, Red','Kirkland','2024-04-29',681,67,14.84,1002,491),(10004927,'Soup - Campbells Beef Stew','Organics','2024-06-13',999,62,17.37,1000,492),(10004928,'Onions - Green','Kirkland','2024-04-29',750,63,38.65,1002,493),(10004929,'Table Cloth 53x69 White','Nestle','2024-04-26',712,53,38.63,1004,494),(10004930,'Table Cloth 62x120 White','Organics','2024-06-21',605,79,20.65,1001,495),(10004931,'Yogurt - Plain','Kirkland','2024-06-21',354,76,1.93,1003,496),(10004932,'Chicken - Breast, 5 - 7 Oz','Organics','2024-04-09',880,91,11.94,1001,497),(10004933,'Olives - Nicoise','CapFoods','2024-05-03',376,100,2.61,1004,498),(10004934,'Soup - Canadian Pea, Dry Mix','Nestle','2024-07-02',491,93,16.42,1002,499),(10004935,'Bread - Olive Dinner Roll','CapFoods','2024-07-09',523,55,10.60,1003,500),(10004936,'Scallops - Live In Shell','CapFoods','2024-07-18',783,94,28.52,1000,501),(10004937,'Bagelers - Cinn / Brown Sugar','Kirkland','2024-05-08',360,73,36.67,1000,502),(10004938,'Wine - Champagne Brut Veuve','Nestle','2024-04-14',714,58,8.12,1003,503),(10004939,'Brandy Apricot','Nestle','2024-08-02',258,55,9.81,1002,504),(10004940,'Schnappes Peppermint - Walker','Kirkland','2024-07-03',219,79,40.79,1001,505),(10004941,'Wine - Charddonnay Errazuriz','Organics','2024-05-11',751,53,7.78,1000,506),(10004942,'Cherries - Fresh','Organics','2024-04-26',606,86,38.27,1004,507),(10004943,'Momiji Oroshi Chili Sauce','Organics','2024-04-06',864,53,15.85,1004,508),(10004944,'Fish - Artic Char, Cold Smoked','CapFoods','2024-06-08',226,66,21.54,1002,509),(10004945,'Bread - Multigrain','Organics','2024-07-19',881,85,43.74,1001,510),(10004946,'Bacardi Breezer - Strawberry','CapFoods','2024-04-28',339,54,29.56,1003,511),(10004947,'Vaccum Bag 10x13','Nestle','2024-06-19',955,63,23.94,1000,512),(10004948,'Cake Slab','Organics','2024-07-17',771,79,1.14,1001,513),(10004949,'Crab - Claws, 26 - 30','CapFoods','2024-07-23',615,83,42.22,1000,514),(10004950,'Wine - Ej Gallo Sonoma','Nestle','2024-08-02',970,53,3.76,1004,515),(10004951,'Scallops - 20/30','Kirkland','2024-08-02',684,84,5.95,1003,516),(10004952,'Pasta - Lasagna Noodle, Frozen','Nestle','2024-04-07',290,97,25.22,1002,517),(10004953,'Vinegar - White Wine','Organics','2024-07-27',372,86,20.80,1001,518),(10004954,'Pear - Asian','Organics','2024-04-02',907,67,1.08,1003,519),(10004955,'French Pastries','Organics','2024-06-17',687,69,33.24,1004,520),(10004956,'Steamers White','Organics','2024-07-08',244,85,22.74,1002,521),(10004957,'Pasta - Cannelloni, Sheets, Fresh','Nestle','2024-07-30',872,97,23.13,1000,522),(10004958,'Instant Coffee','CapFoods','2024-07-11',669,81,11.82,1001,523),(10004959,'Asparagus - Green, Fresh','Nestle','2024-06-19',280,73,8.14,1002,524),(10004960,'Ice Cream - Super Sandwich','Kirkland','2024-05-18',219,65,16.91,1000,525),(10004961,'Wine - Pinot Noir Stoneleigh','CapFoods','2024-04-22',555,73,5.83,1003,526),(10004962,'Rum - Spiced, Captain Morgan','Nestle','2024-07-20',284,59,3.98,1004,527),(10004963,'Wine - White, Gewurtzraminer','Kirkland','2024-04-21',621,91,19.09,1001,528),(10004964,'Tomatoes - Cherry, Yellow','CapFoods','2024-05-05',253,80,13.44,1000,529),(10004965,'Bag Stand','Nestle','2024-06-10',352,57,23.74,1004,530),(10004966,'Mousse - Banana Chocolate','Organics','2024-06-07',684,51,1.89,1002,531),(10004967,'Sauce - Marinara','CapFoods','2024-07-21',389,65,2.29,1003,532),(10004968,'Soup - Beef, Base Mix','Organics','2024-06-13',835,97,22.88,1002,533),(10004969,'Flour - Cake','Nestle','2024-07-06',590,62,22.86,1003,534),(10004970,'Vermouth - White, Cinzano','Organics','2024-07-15',609,50,19.39,1001,535),(10004971,'Sauce - Plum','Nestle','2024-06-07',946,62,20.55,1004,536),(10004972,'Kiwi Gold Zespri','Organics','2024-04-30',786,73,22.66,1000,537),(10004973,'Thyme - Lemon, Fresh','CapFoods','2024-06-22',386,52,19.64,1002,538),(10004974,'Silicone Paper 16.5x24','Kirkland','2024-05-12',860,80,23.35,1004,539),(10004975,'Kellogs All Bran Bars','Nestle','2024-04-13',524,91,17.87,1000,540),(10004976,'Veal - Insides, Grains','Organics','2024-04-13',275,90,28.34,1002,541),(10004977,'Spinach - Packaged','Kirkland','2024-05-14',670,92,36.30,1003,542),(10004978,'Grouper - Fresh','Organics','2024-07-10',344,84,34.19,1001,543),(10004979,'Yogurt - French Vanilla','Nestle','2024-06-18',959,88,11.70,1002,544),(10004980,'Plastic Wrap','Organics','2024-05-23',905,84,11.45,1000,545),(10004981,'Wine - Sake','Kirkland','2024-05-22',732,75,16.44,1003,546),(10004982,'Oven Mitts 17 Inch','Nestle','2024-04-21',540,56,28.38,1004,547),(10004983,'Fish - Bones','Kirkland','2024-05-07',542,99,35.49,1001,548),(10004984,'Bread - Calabrese Baguette','Kirkland','2024-07-24',628,78,12.66,1002,549),(10004985,'Tomatoes - Vine Ripe, Yellow','CapFoods','2024-06-13',425,96,11.52,1003,550),(10004986,'Cheese - La Sauvagine','Kirkland','2024-06-08',780,91,28.90,1004,551),(10004987,'Cheese - Blue','Kirkland','2024-07-11',758,76,2.33,1001,552),(10004988,'Truffle Shells - White Chocolate','Organics','2024-05-06',426,82,38.75,1000,553),(10004989,'Butcher Twine 4r','CapFoods','2024-06-07',820,89,10.58,1002,554),(10004990,'Cabbage - Green','Nestle','2024-08-06',966,60,2.03,1003,555),(10004991,'Cream - 18%','Organics','2024-07-16',484,75,23.44,1004,556),(10004992,'Edible Flower - Mixed','CapFoods','2024-04-15',874,99,34.26,1001,557),(10004993,'Spice - Pepper Portions','Nestle','2024-07-04',340,84,8.47,1000,558),(10004994,'Flower - Leather Leaf Fern','Organics','2024-04-09',699,56,14.37,1000,559),(10004995,'Seedlings - Buckwheat, Organic','Organics','2024-04-13',576,87,17.62,1002,560),(10004996,'Corn Syrup','CapFoods','2024-05-09',501,99,10.07,1001,561),(10004997,'Wine - Prosecco Valdobiaddene','Nestle','2024-07-01',532,56,15.74,1003,562),(10004998,'Vinegar - Balsamic','CapFoods','2024-08-01',580,74,4.49,1004,563),(10004999,'Coffee - Frthy Coffee Crisp','CapFoods','2024-07-29',315,96,31.86,1001,564),(10005000,'Wine - Clavet Saint Emilion','Nestle','2024-07-11',639,76,3.42,1000,565),(10005001,'Pepper Squash','CapFoods','2024-04-06',851,66,29.14,1003,566),(10005002,'Mushroom - Porcini Frozen','CapFoods','2024-04-06',332,96,8.43,1002,567),(10005003,'Bread - Mini Hamburger Bun','CapFoods','2024-07-27',213,55,27.75,1004,568),(10005004,'Crab - Soft Shell','Nestle','2024-08-06',902,96,30.54,1001,569),(10005005,'Chilli Paste, Hot Sambal Oelek','Kirkland','2024-06-27',976,65,27.93,1000,570),(10005006,'Wine - Touraine Azay - Le - Rideau','Kirkland','2024-06-24',224,82,17.55,1001,571),(10005007,'Dome Lid Clear P92008h','Kirkland','2024-06-27',478,79,11.22,1004,572),(10005008,'Currants','Nestle','2024-05-05',667,99,25.86,1002,573),(10005009,'Olives - Nicoise','CapFoods','2024-07-25',702,95,31.09,1003,574),(10005010,'Rum - Cream, Amarula','Nestle','2024-06-09',250,88,6.00,1003,575),(10005011,'Fudge - Cream Fudge','Nestle','2024-06-11',854,95,32.62,1004,576),(10005012,'Wine - Chablis J Moreau Et Fils','Kirkland','2024-08-05',819,95,40.58,1000,577),(10005013,'Cake - Mini Cheesecake','Organics','2024-06-26',670,74,27.14,1002,578),(10005014,'Ice Cream Bar - Oreo Sandwich','Kirkland','2024-07-07',517,54,16.71,1001,579),(10005015,'Cardamon Seed / Pod','Organics','2024-05-27',284,73,18.78,1003,580),(10005016,'Pepper - Orange','Nestle','2024-06-29',836,78,28.91,1004,581),(10005017,'Rambutan','Kirkland','2024-04-05',274,74,26.85,1000,582),(10005018,'Olives - Green, Pitted','Organics','2024-07-09',769,54,21.38,1001,583),(10005019,'Soup - Campbells Mushroom','CapFoods','2024-05-15',243,50,21.24,1002,584),(10005020,'Appetizer - Spring Roll, Veg','Kirkland','2024-04-27',310,59,25.09,1001,585),(10005021,'Beer - Camerons Cream Ale','Nestle','2024-06-10',935,97,3.52,1000,586),(10005022,'Salt - Table','Nestle','2024-07-13',329,85,30.73,1004,587),(10005023,'Bamboo Shoots - Sliced','Nestle','2024-07-23',429,97,27.43,1002,588),(10005024,'Pastry - Trippleberry Muffin - Mini','Kirkland','2024-06-30',866,68,36.25,1003,589),(10005025,'Mikes Hard Lemonade','Kirkland','2024-05-01',725,96,32.63,1003,590),(10005026,'Potatoes - Idaho 80 Count','Nestle','2024-06-02',431,83,38.60,1000,591),(10005027,'Brownies - Two Bite, Chocolate','CapFoods','2024-05-15',919,56,10.10,1002,592),(10005028,'Scallops - Live In Shell','Organics','2024-04-02',483,80,37.95,1001,593),(10005029,'Turkey - Breast, Boneless Sk On','Organics','2024-07-25',250,96,26.03,1004,594),(10005030,'Wine - Vovray Sec Domaine Huet','CapFoods','2024-05-02',439,61,14.95,1001,595),(10005031,'Jicama','Organics','2024-04-09',779,96,1.68,1000,596),(10005032,'Bols Melon Liqueur','Kirkland','2024-06-12',540,67,7.53,1003,597),(10005033,'Beets - Golden','Kirkland','2024-04-09',455,79,14.00,1002,598),(10005034,'Lettuce - California Mix','Kirkland','2024-06-02',566,100,21.80,1001,599),(10005035,'Dried Figs','Organics','2024-04-13',659,68,22.28,1004,600),(10005036,'Steamers White','Organics','2024-07-16',886,64,21.27,1003,601),(10005037,'Wine - Saint Emilion Calvet','Nestle','2024-04-25',277,64,9.71,1004,602),(10005038,'Browning Caramel Glace','Nestle','2024-05-13',641,50,8.67,1001,603),(10005039,'Cut Wakame - Hanawakaba','Nestle','2024-07-04',374,59,35.57,1000,604),(10005040,'Bread - Assorted Rolls','Kirkland','2024-07-30',295,61,1.07,1002,605),(10005041,'Bread Sour Rolls','Organics','2024-06-14',524,67,40.63,1001,606),(10005042,'Beer - Guiness','CapFoods','2024-05-02',796,82,24.15,1002,607),(10005043,'Red Pepper Paste','Nestle','2024-07-10',881,66,24.47,1000,608),(10005044,'Vermouth - White, Cinzano','Organics','2024-04-25',367,60,13.94,1003,609),(10005045,'Soup Campbells Turkey Veg.','CapFoods','2024-05-12',526,95,33.77,1004,610),(10005046,'Pepper - Chipotle, Canned','Nestle','2024-08-08',340,89,38.35,1002,611),(10005047,'Jerusalem Artichoke','Organics','2024-05-25',900,65,8.13,1004,612),(10005048,'Beef - Tongue, Cooked','Nestle','2024-04-04',487,79,28.07,1001,613),(10005049,'Beer - Muskoka Cream Ale','CapFoods','2024-07-25',288,72,44.06,1000,614),(10005050,'Bread - White Epi Baguette','CapFoods','2024-05-11',750,97,11.76,1003,615),(10005051,'Soup - Campbells, Spinach Crm','CapFoods','2024-05-01',297,96,23.05,1000,616),(10005052,'Pasta - Ravioli','CapFoods','2024-04-27',736,52,8.37,1003,617),(10005053,'Butter Balls Salted','Kirkland','2024-04-15',814,71,27.92,1004,618),(10005054,'Pepper - Paprika, Spanish','Nestle','2024-04-13',931,73,11.75,1002,619),(10005055,'Urban Zen Drinks','Kirkland','2024-06-10',424,90,34.43,1001,620),(10005056,'Mahi Mahi','Nestle','2024-07-24',290,80,11.68,1002,621),(10005057,'Wine - White, Mosel Gold','Kirkland','2024-06-15',775,64,39.08,1004,622),(10005058,'Mahi Mahi','Organics','2024-06-15',285,71,6.12,1003,623),(10005059,'Bread - Corn Muffaletta','Nestle','2024-07-30',831,96,10.88,1000,624),(10005060,'Chef Hat 25cm','Nestle','2024-05-12',564,82,23.08,1001,625),(10005061,'Rolled Oats','Kirkland','2024-06-03',872,96,35.02,1004,626),(10005062,'Pepper - Sorrano','Organics','2024-04-17',834,53,16.85,1004,627),(10005063,'Squid U5 - Thailand','CapFoods','2024-05-15',777,86,45.00,1000,628),(10005064,'Rice - Sushi','Organics','2024-05-28',572,93,6.87,1003,629),(10005065,'Browning Caramel Glace','Organics','2024-06-07',587,92,22.93,1002,630),(10005066,'Coconut - Creamed, Pure','CapFoods','2024-04-27',211,98,6.15,1001,631),(10005067,'Hot Chocolate - Individual','Nestle','2024-04-29',314,69,3.92,1004,632),(10005068,'Monkfish Fresh - Skin Off','Nestle','2024-07-09',321,51,27.09,1003,633),(10005069,'Sugar - Fine','Nestle','2024-04-25',837,94,14.26,1000,634),(10005070,'Pie Box - Cello Window 2.5','Organics','2024-07-18',645,95,36.52,1002,635),(10005071,'Cinnamon Buns Sticky','Kirkland','2024-05-02',547,83,18.95,1001,636),(10005072,'Noodles - Steamed Chow Mein','CapFoods','2024-06-19',861,53,14.13,1004,637),(10005073,'Wine - Red, Colio Cabernet','Organics','2024-08-08',917,94,26.13,1000,638),(10005074,'Cup - 4oz Translucent','CapFoods','2024-04-05',433,97,20.47,1001,639),(10005075,'Pail - 4l White, With Handle','CapFoods','2024-05-18',744,59,1.27,1003,640),(10005076,'Soup - Cream Of Broccoli, Dry','Nestle','2024-05-21',668,92,12.70,1002,641),(10005077,'Pastry - Carrot Muffin - Mini','Kirkland','2024-04-26',955,59,7.10,1002,642),(10005078,'Pail For Lid 1537','Nestle','2024-05-12',619,66,21.58,1001,643),(10005079,'Pail For Lid 1537','CapFoods','2024-04-30',774,98,30.50,1003,644),(10005080,'Ecolab - Power Fusion','Organics','2024-04-13',358,71,35.68,1004,645),(10005081,'Beef - Outside, Round','Nestle','2024-05-05',559,79,15.58,1000,646),(10005082,'Mushroom - Lg - Cello','Nestle','2024-04-11',785,88,44.79,1003,647),(10005083,'Island Oasis - Cappucino Mix','Nestle','2024-04-10',628,93,10.34,1002,648),(10005084,'Beef Striploin Aaa','Kirkland','2024-04-22',994,52,34.13,1001,649),(10005085,'Juice - Apple, 341 Ml','Nestle','2024-05-30',882,62,42.50,1000,650),(10005086,'Sprouts Dikon','Organics','2024-06-11',533,69,28.58,1004,651),(10005087,'Wine - Pinot Noir Pond Haddock','Nestle','2024-07-20',465,79,10.16,1004,652),(10005088,'Pork - Bacon Cooked Slcd','Kirkland','2024-04-18',291,67,19.70,1001,653),(10005089,'Soup - Campbells, Creamy','Kirkland','2024-05-29',205,55,21.42,1002,654),(10005090,'Syrup - Monin - Passion Fruit','Kirkland','2024-06-24',204,100,35.41,1003,655),(10005091,'Carbonated Water - Blackcherry','CapFoods','2024-07-03',218,94,30.78,1000,656),(10005092,'Tofu - Firm','Nestle','2024-07-18',737,89,14.50,1003,657),(10005093,'Breadfruit','CapFoods','2024-07-14',958,59,12.32,1002,658),(10005094,'Flour - Cake','CapFoods','2024-04-29',342,66,16.49,1000,659),(10005095,'Soup - Cream Of Broccoli, Dry','Kirkland','2024-08-01',651,52,1.42,1001,660),(10005096,'Beer - Blue','Nestle','2024-07-29',570,82,18.74,1004,661),(10005097,'Coffee - Irish Cream','Nestle','2024-06-23',952,55,1.55,1003,662),(10005098,'Wine - Red, Mouton Cadet','CapFoods','2024-07-02',762,100,27.21,1000,663),(10005099,'Potato - Sweet','Organics','2024-07-21',919,76,21.43,1003,664),(10005100,'Lettuce - Boston Bib - Organic','Nestle','2024-08-04',425,62,17.98,1001,665),(10005101,'Schnappes - Peach, Walkers','CapFoods','2024-05-08',752,67,13.92,1004,666),(10005102,'Appetizer - Spring Roll, Veg','CapFoods','2024-04-05',448,76,26.17,1002,667),(10005103,'Cafe Royale','Kirkland','2024-07-24',712,76,2.42,1004,668),(10005104,'Cake - Cake Sheet Macaroon','Organics','2024-04-22',761,97,27.99,1003,669),(10005105,'Lamb - Shoulder, Boneless','Organics','2024-06-12',996,83,11.69,1000,670),(10005106,'Wine - Jaboulet Cotes Du Rhone','Kirkland','2024-05-11',508,94,25.55,1001,671),(10005107,'Lemonade - Island Tea, 591 Ml','Kirkland','2024-07-03',650,79,35.40,1002,672),(10005108,'Cookie - Oreo 100x2','CapFoods','2024-06-19',329,73,26.70,1003,673),(10005109,'Mushroom - Oyster, Fresh','Kirkland','2024-07-11',780,74,11.92,1001,674),(10005110,'Squash - Pattypan, Yellow','CapFoods','2024-04-10',607,54,16.51,1004,675),(10005111,'Flour - Buckwheat, Dark','Organics','2024-05-09',210,52,29.50,1002,676),(10005112,'Ezy Change Mophandle','CapFoods','2024-06-21',547,75,10.29,1000,677),(10005113,'Onions - Pearl','CapFoods','2024-06-09',727,86,41.21,1003,678),(10005114,'Amaretto','Nestle','2024-06-23',238,58,10.28,1001,679),(10005115,'Puree - Raspberry','Nestle','2024-07-23',426,58,24.21,1002,680),(10005116,'Tequila Rose Cream Liquor','Kirkland','2024-07-05',988,63,17.41,1000,681),(10005117,'Juice Peach Nectar','Kirkland','2024-07-27',262,87,40.78,1004,682),(10005118,'Beef - Top Sirloin','CapFoods','2024-06-07',311,77,2.78,1000,683),(10005119,'Spinach - Frozen','CapFoods','2024-04-24',260,85,13.47,1004,684),(10005120,'Cookie Double Choco','CapFoods','2024-06-29',670,71,8.31,1003,685),(10005121,'Shrimp - Black Tiger 26/30','Kirkland','2024-07-17',226,61,39.90,1001,686),(10005122,'Chocolate - Milk Coating','Nestle','2024-07-01',237,88,19.37,1002,687),(10005123,'Pants Custom Dry Clean','Organics','2024-05-06',873,77,34.28,1002,688),(10005124,'Food Colouring - Blue','Nestle','2024-05-24',372,72,39.68,1001,689),(10005125,'Venison - Racks Frenched','Organics','2024-05-11',976,53,42.21,1004,690),(10005126,'Wine - Puligny Montrachet A.','Kirkland','2024-06-09',281,81,10.56,1000,691),(10005127,'Soup - Campbells Chili','Organics','2024-07-11',987,93,18.68,1002,692),(10005128,'Fond - Chocolate','Kirkland','2024-04-12',867,96,41.48,1003,693),(10005129,'Sobe - Orange Carrot','Nestle','2024-06-17',588,70,4.95,1004,694),(10005130,'Chinese Foods - Pepper Beef','Nestle','2024-04-30',644,62,35.45,1003,695),(10005131,'Longos - Penne With Pesto','Organics','2024-08-04',790,84,43.22,1002,696),(10005132,'Tea - Grapefruit Green Tea','Kirkland','2024-05-21',980,57,20.79,1001,697),(10005133,'Cheese - Sheep Milk','Kirkland','2024-04-29',209,71,3.58,1000,698),(10005134,'Dill Weed - Dry','Nestle','2024-08-07',494,74,28.35,1004,699),(10005135,'Soup - Verve - Chipotle Chicken','Nestle','2024-05-20',488,80,31.04,1001,700),(10005136,'Longos - Chicken Caeser Salad','CapFoods','2024-06-30',311,89,21.48,1003,701),(10005137,'Nori Sea Weed','CapFoods','2024-07-03',890,85,43.02,1000,702),(10005138,'Sunflower Seed Raw','Kirkland','2024-06-18',925,73,21.19,1002,703),(10005139,'Wine - Duboeuf Beaujolais','Organics','2024-06-12',659,67,10.53,1004,704),(10005140,'Capers - Pickled','Nestle','2024-06-19',617,65,31.73,1003,705),(10005141,'Soup - Campbells, Cream Of','Organics','2024-07-23',893,60,44.17,1000,706),(10005142,'Monkfish - Fresh','CapFoods','2024-04-24',518,71,11.55,1002,707),(10005143,'Pasta - Fusili, Dry','CapFoods','2024-05-23',963,100,37.56,1001,708),(10005144,'Beans - Kidney, Red Dry','Nestle','2024-05-11',756,67,10.55,1001,709),(10005145,'Wine - Alsace Riesling Reserve','CapFoods','2024-06-05',506,100,17.88,1002,710),(10005146,'Wine - Red, Concha Y Toro','Organics','2024-05-23',313,73,38.26,1000,711),(10005147,'Tea - Orange Pekoe','Kirkland','2024-04-08',258,90,2.77,1004,712),(10005148,'Pepper - White, Whole','Kirkland','2024-06-21',382,79,25.34,1003,713),(10005149,'Doilies - 12, Paper','Nestle','2024-06-18',585,97,28.74,1003,714),(10005150,'Trout Rainbow Whole','Organics','2024-05-17',481,98,16.12,1004,715),(10005151,'Squid Ink','Organics','2024-06-16',975,97,18.43,1000,716),(10005152,'Juice - Cranberry, 341 Ml','Kirkland','2024-07-06',756,50,2.97,1002,717),(10005153,'Chocolate - Dark','Nestle','2024-07-20',759,73,29.81,1001,718),(10005154,'Wine - Redchard Merritt','Kirkland','2024-06-03',779,61,15.55,1002,719),(10005155,'Soup - Knorr, Veg / Beef','CapFoods','2024-04-28',430,57,33.26,1003,720),(10005156,'Pan Grease','CapFoods','2024-04-03',827,71,40.53,1000,721),(10005157,'Nacho Chips','Kirkland','2024-06-30',830,95,27.34,1002,722),(10005158,'Beef - Texas Style Burger','Nestle','2024-07-11',759,62,37.27,1004,723),(10005159,'Bagel - Whole White Sesame','CapFoods','2024-05-01',490,66,17.47,1001,724),(10005160,'Food Colouring - Green','Kirkland','2024-06-15',322,72,34.62,1001,725),(10005161,'Chef Hat 20cm','CapFoods','2024-04-07',514,71,4.11,1004,726),(10005162,'Dragon Fruit','Nestle','2024-07-04',651,62,8.93,1002,727),(10005163,'Wine - Periguita Fonseca','Kirkland','2024-05-13',498,94,43.66,1003,728),(10005164,'Taro Leaves','Kirkland','2024-07-27',211,81,24.80,1000,729),(10005165,'Appetizer - Lobster Phyllo Roll','CapFoods','2024-07-26',551,99,40.38,1004,730),(10005166,'Filling - Mince Meat','Kirkland','2024-05-16',990,85,13.68,1003,731),(10005167,'Pork - Back, Long Cut, Boneless','Nestle','2024-07-29',385,76,22.98,1000,732),(10005168,'Pork - Liver','Nestle','2024-04-08',810,53,6.51,1001,733),(10005169,'Crackers - Water','Nestle','2024-06-26',987,100,44.69,1002,734),(10005170,'Cookies - Assorted','Organics','2024-05-30',975,83,24.00,1000,735),(10005171,'Puree - Passion Fruit','Kirkland','2024-04-08',406,78,12.98,1003,736),(10005172,'Myers Planters Punch','Kirkland','2024-05-31',826,84,9.28,1001,737),(10005173,'C - Plus, Orange','Kirkland','2024-07-11',851,67,30.29,1004,738),(10005174,'Muffin Batt - Blueberry Passion','CapFoods','2024-06-04',608,84,19.89,1002,739),(10005175,'Chef Hat 20cm','CapFoods','2024-07-05',1000,64,13.42,1003,740),(10005176,'Pepper - Green Thai','Nestle','2024-06-16',899,80,4.52,1000,741),(10005177,'Water, Tap','Kirkland','2024-07-27',986,67,4.12,1002,742),(10005178,'Pineapple - Golden','Nestle','2024-07-09',699,99,39.40,1001,743),(10005179,'Mushroom - Porcini Frozen','Nestle','2024-05-06',329,82,6.83,1004,744),(10005180,'Cheese - Asiago','CapFoods','2024-06-24',290,52,4.88,1003,745),(10005181,'Bread - White, Unsliced','Kirkland','2024-04-12',842,83,19.73,1000,746),(10005182,'Compound - Mocha','CapFoods','2024-07-12',856,68,22.77,1001,747),(10005183,'Salmon Steak - Cohoe 6 Oz','CapFoods','2024-06-15',313,84,14.79,1002,748),(10005184,'Split Peas - Green, Dry','CapFoods','2024-04-16',816,88,6.33,1004,749),(10005185,'Puree - Blackcurrant','Kirkland','2024-06-23',397,88,1.54,1003,750),(10005186,'Lettuce - Boston Bib - Organic','Nestle','2024-05-27',365,76,42.97,1000,751),(10005187,'Uniform Linen Charge','Kirkland','2024-08-01',402,50,21.37,1001,752),(10005188,'Puff Pastry - Sheets','Nestle','2024-06-13',219,82,13.54,1002,753),(10005189,'Bread - Ciabatta Buns','CapFoods','2024-07-12',435,58,1.11,1004,754),(10005190,'Bread - Roll, Whole Wheat','CapFoods','2024-07-22',646,78,8.51,1003,755),(10005191,'Vinegar - White Wine','Organics','2024-05-21',229,88,9.99,1000,756),(10005192,'Syrup - Monin, Swiss Choclate','Kirkland','2024-06-09',564,92,36.16,1002,757),(10005193,'Juice Peach Nectar','Organics','2024-06-26',519,82,14.94,1003,758),(10005194,'Scallops - U - 10','Organics','2024-06-21',347,53,31.14,1004,759),(10005195,'Turkey Tenderloin Frozen','Organics','2024-06-24',369,97,40.70,1001,760),(10005196,'Cookies - Oreo, 4 Pack','Kirkland','2024-07-30',860,95,33.77,1004,761),(10005197,'Muffin Hinge Container 6','Organics','2024-04-19',326,99,25.90,1001,762),(10005198,'Rice - Long Grain','Kirkland','2024-07-21',500,68,11.31,1000,763),(10005199,'Alize Sunset','Nestle','2024-07-27',624,59,15.37,1002,764),(10005200,'Shrimp - Black Tiger 16/20','Nestle','2024-05-31',212,86,3.89,1003,765),(10005201,'Vinegar - Balsamic','Kirkland','2024-07-14',685,56,41.99,1003,766),(10005202,'Bag Clear 10 Lb','CapFoods','2024-07-02',616,71,26.50,1001,767),(10005203,'Table Cloth 62x114 White','Organics','2024-05-01',377,61,41.26,1000,768),(10005204,'Silicone Paper 16.5x24','Kirkland','2024-05-25',753,61,11.34,1002,769),(10005205,'Bagelers','Kirkland','2024-05-08',329,87,7.42,1004,770),(10005206,'Glass Clear 7 Oz Xl','Nestle','2024-04-22',850,97,9.14,1000,771),(10005207,'Roe - Lump Fish, Black','Kirkland','2024-04-28',435,81,5.47,1001,772),(10005208,'Foil - Round Foil','Nestle','2024-07-25',393,63,13.53,1003,773),(10005209,'Seedlings - Clamshell','CapFoods','2024-07-25',563,60,14.81,1004,774),(10005210,'Pecan Raisin - Tarts','CapFoods','2024-04-15',829,86,13.05,1002,775),(10005211,'Chevril','Nestle','2024-08-01',595,76,23.31,1003,776),(10005212,'Sage Ground Wiberg','Organics','2024-06-09',242,59,21.28,1002,777),(10005213,'Momiji Oroshi Chili Sauce','Kirkland','2024-05-12',220,75,17.71,1000,778),(10005214,'Eggplant - Baby','Nestle','2024-07-16',224,65,15.44,1004,779),(10005215,'Strawberries - California','Kirkland','2024-07-16',320,92,26.86,1001,780),(10005216,'Bread - Roll, Italian','Organics','2024-06-25',302,62,7.05,1000,781),(10005217,'Nantucket - 518ml','CapFoods','2024-05-04',665,80,38.97,1002,782),(10005218,'Pastry - Banana Muffin - Mini','Organics','2024-06-10',848,78,13.39,1003,783),(10005219,'Walkers Special Old Whiskey','Nestle','2024-04-16',431,74,2.68,1000,784),(10005220,'Okra','CapFoods','2024-07-24',326,50,40.30,1001,785),(10005221,'Wine - Alsace Gewurztraminer','Organics','2024-05-10',205,62,30.27,1004,786),(10005222,'Glaze - Apricot','Nestle','2024-05-05',226,77,6.23,1000,787),(10005223,'Pepper - Black, Crushed','Nestle','2024-05-04',323,97,1.21,1002,788),(10005224,'Bread Ww Cluster','CapFoods','2024-08-04',503,88,33.57,1004,789),(10005225,'Cake Sheet Combo Party Pack','Organics','2024-06-24',595,62,26.59,1003,790),(10005226,'Momiji Oroshi Chili Sauce','Nestle','2024-06-20',617,55,37.67,1001,791),(10005227,'Coke - Classic, 355 Ml','CapFoods','2024-05-10',843,68,32.01,1002,792),(10005228,'Lettuce Romaine Chopped','Organics','2024-06-07',993,81,16.15,1003,793),(10005229,'Towel Multifold','Kirkland','2024-05-22',733,52,23.89,1000,794),(10005230,'Beef - Rib Roast, Cap On','Organics','2024-04-17',505,57,22.67,1004,795),(10005231,'Garbage Bags - Clear','Nestle','2024-05-11',569,71,31.34,1001,796),(10005232,'Lemonade - Island Tea, 591 Ml','Nestle','2024-07-17',816,54,5.95,1000,797),(10005233,'Ketchup - Tomato','Kirkland','2024-06-16',601,89,33.97,1004,798),(10005234,'Sambuca - Opal Nera','Organics','2024-06-20',446,50,30.29,1003,799),(10005235,'Salmon - Sockeye Raw','Organics','2024-06-17',258,86,9.76,1002,800),(10005236,'Bouillion - Fish','CapFoods','2024-08-04',495,82,14.97,1001,801),(10005237,'Muffin Mix - Chocolate Chip','Kirkland','2024-04-10',470,99,43.09,1000,802),(10005238,'Sausage - Meat','Kirkland','2024-07-10',597,95,39.48,1001,803),(10005239,'Placemat - Scallop, White','CapFoods','2024-04-17',364,76,34.33,1002,804),(10005240,'Table Cloth 62x120 White','Organics','2024-07-04',207,58,41.21,1004,805),(10005241,'Goat - Leg','Nestle','2024-05-14',876,61,2.24,1003,806),(10005242,'Soup - Cream Of Broccoli, Dry','CapFoods','2024-04-12',414,78,43.66,1001,807),(10005243,'Pasta - Lasagna, Dry','CapFoods','2024-07-23',491,83,30.90,1004,808),(10005244,'Chips Potato Salt Vinegar 43g','Kirkland','2024-06-01',208,76,40.15,1003,809),(10005245,'Dried Peach','Organics','2024-04-21',249,71,28.02,1002,810),(10005246,'Tray - 16in Rnd Blk','Nestle','2024-06-18',250,52,5.36,1000,811),(10005247,'Food Colouring - Green','Kirkland','2024-04-04',846,86,36.19,1002,812),(10005248,'Iced Tea - Lemon, 340ml','Organics','2024-07-26',774,71,17.80,1003,813),(10005249,'Wine - Rioja Campo Viejo','Nestle','2024-07-14',225,88,1.78,1000,814),(10005250,'Cheese - Brie,danish','Kirkland','2024-05-08',398,94,9.74,1004,815),(10005251,'Nantucket - Kiwi Berry Cktl.','CapFoods','2024-06-20',639,51,25.28,1001,816),(10005252,'Beef - Rouladin, Sliced','Nestle','2024-04-20',634,96,5.62,1002,817),(10005253,'Wine La Vielle Ferme Cote Du','CapFoods','2024-07-22',209,54,29.47,1003,818),(10005254,'Salt - Celery','Kirkland','2024-05-27',927,54,4.72,1004,819),(10005255,'Sproutsmustard Cress','Organics','2024-04-21',631,76,9.08,1000,820),(10005256,'Wine - Chablis J Moreau Et Fils','Organics','2024-04-19',300,69,27.84,1001,821),(10005257,'Bread - Dark Rye, Loaf','Kirkland','2024-06-04',820,58,41.88,1002,822),(10005258,'Beans - Wax','Kirkland','2024-07-13',610,61,34.10,1002,823),(10005259,'Cheese - Comte','CapFoods','2024-07-20',940,94,6.01,1001,824),(10005260,'Bread - English Muffin','CapFoods','2024-08-06',777,67,26.97,1003,825),(10005261,'Potatoes - Peeled','CapFoods','2024-05-22',795,96,30.99,1000,826),(10005262,'Soup - Chicken And Wild Rice','CapFoods','2024-07-18',327,83,21.71,1004,827),(10005263,'Sauce - Soy Low Sodium - 3.87l','CapFoods','2024-04-02',284,84,14.73,1003,828),(10005264,'Lentils - Green, Dry','Nestle','2024-07-03',719,82,25.44,1000,829),(10005265,'Bay Leaf','Nestle','2024-04-25',986,60,22.46,1002,830),(10005266,'Lychee - Canned','Kirkland','2024-04-15',246,86,40.07,1001,831),(10005267,'Broom And Broom Rack White','Kirkland','2024-07-25',306,91,40.93,1004,832),(10005268,'Mussels - Frozen','Nestle','2024-04-14',762,67,19.64,1003,833),(10005269,'Alize Gold Passion','Organics','2024-06-02',948,69,29.00,1002,834),(10005270,'Sauce - Cranberry','Organics','2024-04-26',962,97,14.04,1001,835),(10005271,'Table Cloth 54x72 White','Kirkland','2024-05-05',468,50,43.12,1004,836),(10005272,'Soup Campbells Beef With Veg','Organics','2024-07-01',543,69,43.69,1000,837),(10005273,'Bread - Roll, Whole Wheat','Nestle','2024-04-06',330,72,9.18,1001,838),(10005274,'Tea - Lemon Green Tea','Organics','2024-04-08',700,71,8.23,1000,839),(10005275,'Turnip - Wax','CapFoods','2024-08-01',578,70,35.62,1003,840),(10005276,'Pail For Lid 1537','Kirkland','2024-07-22',759,64,38.70,1002,841),(10005277,'Silicone Paper 16.5x24','Kirkland','2024-07-26',607,83,17.37,1004,842),(10005278,'Onions - Cippolini','Kirkland','2024-05-30',254,60,27.41,1000,843),(10005279,'Truffle Shells - Semi - Sweet','Kirkland','2024-06-30',377,53,37.95,1001,844),(10005280,'Turkey - Ground. Lean','Organics','2024-05-24',584,71,2.15,1000,845),(10005281,'Halibut - Steaks','Organics','2024-04-04',411,64,19.63,1003,846),(10005282,'Cheese - Sheep Milk','Nestle','2024-07-13',506,63,42.67,1004,847),(10005283,'Bamboo Shoots - Sliced','CapFoods','2024-04-11',484,55,32.68,1002,848),(10005284,'Puree - Mango','Kirkland','2024-05-19',717,56,39.46,1001,849),(10005285,'Mushroom - Lg - Cello','Nestle','2024-04-06',988,69,36.06,1002,850),(10005286,'Lamb - Whole, Frozen','CapFoods','2024-06-12',379,78,32.43,1003,851),(10005287,'Wine - Dubouef Macon - Villages','Kirkland','2024-08-08',276,86,34.69,1004,852),(10005288,'Lychee - Canned','Organics','2024-07-14',922,89,20.80,1000,853),(10005289,'Mahi Mahi','Organics','2024-04-08',691,56,33.92,1001,854),(10005290,'Jameson Irish Whiskey','Organics','2024-05-25',716,92,5.81,1004,855),(10005291,'Wine - Beaujolais Villages','CapFoods','2024-06-04',709,83,19.38,1002,856),(10005292,'Bag - Clear 7 Lb','Kirkland','2024-06-30',472,80,33.99,1000,857),(10005293,'Alize Red Passion','Kirkland','2024-07-15',229,63,32.27,1003,858),(10005294,'Fib N9 - Prague Powder','CapFoods','2024-06-27',342,97,21.93,1004,859),(10005295,'Chocolate Liqueur - Godet White','Organics','2024-06-28',248,83,19.01,1003,860),(10005296,'Cherries - Fresh','Organics','2024-06-14',722,83,39.79,1000,861),(10005297,'Hummus - Spread','Organics','2024-06-21',991,52,37.13,1002,862),(10005298,'Mushroom - Enoki, Fresh','Nestle','2024-06-10',417,71,6.57,1001,863),(10005299,'Ice - Clear, 300 Lb For Carving','Kirkland','2024-04-24',523,67,35.63,1003,864),(10005300,'Salmon - Smoked, Sliced','Kirkland','2024-05-08',226,90,3.26,1000,865),(10005301,'Chocolate Bar - Oh Henry','Organics','2024-04-24',400,72,42.45,1001,866),(10005302,'Potatoes - Purple, Organic','Nestle','2024-08-06',482,87,11.57,1002,867),(10005303,'Soup - Canadian Pea, Dry Mix','Organics','2024-06-17',357,58,23.73,1004,868),(10005304,'Vinegar - White Wine','CapFoods','2024-05-06',755,81,13.84,1003,869),(10005305,'Pepper - Black, Ground','Nestle','2024-04-29',953,99,43.07,1002,870),(10005306,'Bagel - Plain','Organics','2024-07-06',306,70,28.51,1000,871),(10005307,'Longos - Chicken Cordon Bleu','Nestle','2024-07-11',322,69,15.81,1004,872),(10005308,'Pail - 15l White, With Handle','Kirkland','2024-07-30',773,70,8.06,1001,873),(10005309,'Lamb - Rack','Organics','2024-07-27',237,97,42.14,1000,874),(10005310,'Lamb - Sausage Casings','CapFoods','2024-06-10',435,71,4.58,1003,875),(10005311,'Crackers - Soda / Saltins','CapFoods','2024-06-30',924,84,2.90,1000,876),(10005312,'Sugar - Crumb','Organics','2024-04-16',765,51,35.68,1002,877),(10005313,'Muffin - Banana Nut Individual','CapFoods','2024-08-01',285,63,13.07,1001,878),(10005314,'Muffin Mix - Raisin Bran','Kirkland','2024-08-08',894,80,13.61,1004,879),(10005315,'Syrup - Kahlua Chocolate','Nestle','2024-07-01',942,68,8.48,1002,880),(10005316,'Chutney Sauce','Nestle','2024-05-26',536,71,2.83,1000,881),(10005317,'Juice - Ocean Spray Cranberry','CapFoods','2024-04-06',314,85,1.57,1001,882),(10005318,'Sugar - White Packet','CapFoods','2024-07-25',655,62,2.89,1003,883),(10005319,'Wine - Marlbourough Sauv Blanc','Nestle','2024-08-08',517,62,38.82,1004,884),(10005320,'Sauerkraut','Kirkland','2024-06-03',620,65,38.69,1001,885),(10005321,'Tuna - Fresh','CapFoods','2024-05-12',566,70,4.11,1003,886),(10005322,'Bread - Onion Focaccia','Organics','2024-06-18',269,98,39.23,1002,887),(10005323,'Cassis','Kirkland','2024-05-26',790,75,32.46,1004,888),(10005324,'Garam Masala Powder','CapFoods','2024-04-07',953,99,9.02,1000,889),(10005325,'Chicken - White Meat, No Tender','Nestle','2024-04-06',361,59,44.14,1004,890),(10005326,'Rice - Jasmine Sented','Nestle','2024-04-28',640,56,32.27,1002,891),(10005327,'Cheese - St. Andre','Organics','2024-08-02',601,64,37.09,1000,892),(10005328,'Kohlrabi','Organics','2024-05-13',420,88,7.97,1003,893),(10005329,'Tomatoes - Hot House','CapFoods','2024-05-13',406,82,31.32,1001,894),(10005330,'Soup - Campbells Tomato Ravioli','Organics','2024-05-15',718,62,12.18,1001,895),(10005331,'Soup - Campbells - Chicken Noodle','Kirkland','2024-05-11',252,86,35.92,1002,896),(10005332,'Garlic - Elephant','Organics','2024-04-26',866,81,40.90,1003,897),(10005333,'Beets - Mini Golden','Kirkland','2024-05-07',628,61,10.64,1004,898),(10005334,'Nut - Pumpkin Seeds','Nestle','2024-05-01',673,93,13.38,1000,899),(10005335,'Bagel - Everything','Nestle','2024-06-02',975,55,2.65,1003,900),(10005336,'Longos - Burritos','Organics','2024-08-03',627,76,23.60,1001,901),(10005337,'Bagelers - Cinn / Brown Sugar','Nestle','2024-08-04',493,62,17.34,1000,902),(10005338,'Iced Tea Concentrate','Nestle','2024-06-22',238,67,6.00,1002,903),(10005339,'Oyster - In Shell','CapFoods','2024-07-23',743,72,23.30,1004,904),(10005340,'Hummus - Spread','Organics','2024-05-06',578,68,3.66,1003,905),(10005341,'Extract - Rum','Nestle','2024-04-02',544,86,12.16,1001,906),(10005342,'Shrimp - Baby, Cold Water','Organics','2024-07-14',710,82,24.26,1000,907),(10005343,'Water Chestnut - Canned','Organics','2024-06-13',974,71,11.28,1002,908),(10005344,'Bread Country Roll','Organics','2024-05-17',459,75,10.15,1004,909),(10005345,'Mushroom - Chanterelle, Dry','Nestle','2024-06-27',322,82,17.52,1003,910),(10005346,'Sultanas','Nestle','2024-06-20',487,88,12.04,1002,911),(10005347,'Wine - Red, Harrow Estates, Cab','Organics','2024-08-02',651,95,27.97,1000,912),(10005348,'Flour - Teff','CapFoods','2024-07-04',886,91,37.88,1004,913),(10005349,'Lemon Tarts','Organics','2024-06-03',398,92,30.51,1001,914),(10005350,'Flour - Masa De Harina Mexican','Nestle','2024-06-06',360,95,19.57,1003,915),(10005351,'Ice Cream - Fudge Bars','Nestle','2024-07-11',613,87,25.22,1004,916),(10005352,'Beer - Blue Light','Organics','2024-08-06',974,56,29.92,1003,917),(10005353,'Pork - Smoked Back Bacon','Organics','2024-07-17',484,56,4.48,1000,918),(10005354,'Pork - Belly Fresh','Organics','2024-04-21',486,60,29.51,1001,919),(10005355,'Dried Cherries','Kirkland','2024-04-05',379,64,14.89,1002,920),(10005356,'Red Snapper - Fresh, Whole','Kirkland','2024-07-05',434,91,36.50,1002,921),(10005357,'Mushroom - Shitake, Dry','Kirkland','2024-05-23',851,88,10.51,1001,922),(10005358,'Tart Shells - Savory, 4','Organics','2024-04-12',684,75,41.91,1003,923),(10005359,'Flour - Cake','Nestle','2024-06-09',323,96,33.25,1004,924),(10005360,'Coffee - Irish Cream','Kirkland','2024-06-16',597,87,36.82,1000,925),(10005361,'Sauce - Soy Low Sodium - 3.87l','CapFoods','2024-07-15',414,84,12.16,1002,926),(10005362,'Island Oasis - Lemonade','Kirkland','2024-07-02',516,76,39.56,1000,927),(10005363,'Roe - Lump Fish, Black','CapFoods','2024-07-06',272,84,9.65,1004,928),(10005364,'Shopper Bag - S - 4','Kirkland','2024-06-14',269,80,42.51,1001,929),(10005365,'Milk - Condensed','Nestle','2024-05-08',268,85,2.90,1003,930),(10005366,'Fish - Bones','CapFoods','2024-07-21',680,68,2.23,1000,931),(10005367,'Lamb Rack Frenched Australian','Nestle','2024-06-13',327,56,43.78,1001,932),(10005368,'Beets - Golden','Organics','2024-07-24',550,72,42.42,1004,933),(10005369,'Grapes - Red','Kirkland','2024-04-11',295,90,11.29,1003,934),(10005370,'Liqueur Banana, Ramazzotti','Kirkland','2024-06-25',634,99,1.98,1002,935),(10005371,'Salsify, Organic','Nestle','2024-05-09',216,98,9.95,1003,936),(10005372,'Mix - Cocktail Strawberry Daiquiri','Nestle','2024-04-06',599,54,20.37,1004,937),(10005373,'Sugar - Palm','Nestle','2024-05-16',700,53,6.76,1003,938),(10005374,'Pasta - Fett Alfredo, Single Serve','Kirkland','2024-07-23',978,76,21.04,1002,939),(10005375,'Wine - Tribal Sauvignon','Organics','2024-04-23',880,87,20.03,1001,940),(10005376,'Sauce - Thousand Island','Nestle','2024-05-04',807,71,4.76,1000,941),(10005377,'Cornish Hen','CapFoods','2024-06-29',785,76,35.87,1000,942),(10005378,'Jam - Raspberry,jar','Nestle','2024-08-01',249,64,23.84,1003,943),(10005379,'Tart Shells - Sweet, 3','CapFoods','2024-04-25',241,59,17.95,1001,944),(10005380,'Wine - Saint - Bris 2002, Sauv','Organics','2024-05-30',982,80,39.47,1002,945),(10005381,'Wine - Chenin Blanc K.w.v.','CapFoods','2024-04-07',881,100,22.42,1004,946),(10005382,'Beans - Green','Organics','2024-04-10',373,89,7.83,1000,947),(10005383,'Cheese - Ricotta','CapFoods','2024-05-04',314,59,26.59,1002,948),(10005384,'Sauce - Apple, Unsweetened','Kirkland','2024-05-07',277,78,34.12,1003,949),(10005385,'Puree - Guava','Organics','2024-04-15',709,82,34.28,1001,950),(10005386,'Tomatoes - Plum, Canned','Organics','2024-06-13',307,54,35.29,1004,951),(10005387,'Juice - Apple Cider','Kirkland','2024-05-22',265,55,31.47,1002,952),(10005388,'Lamb - Rack','Nestle','2024-06-19',372,70,36.63,1004,953),(10005389,'Maple Syrup','Organics','2024-05-24',693,89,30.13,1003,954),(10005390,'Coffee - Ristretto Coffee Capsule','Nestle','2024-06-22',622,96,36.80,1000,955),(10005391,'Coffee - 10oz Cup 92961','Organics','2024-06-28',220,90,18.11,1001,956),(10005392,'Pears - Fiorelle','Nestle','2024-06-14',683,84,3.16,1002,957),(10005393,'Wine - Red, Gallo, Merlot','CapFoods','2024-05-27',563,58,10.36,1003,958),(10005394,'Fondant - Icing','Organics','2024-07-09',717,60,38.63,1000,959),(10005395,'Cheese - Brie, Triple Creme','Kirkland','2024-05-15',675,89,6.04,1001,960),(10005396,'Soup - Campbells Beef Strogonoff','CapFoods','2024-06-19',961,69,37.01,1004,961),(10005397,'Trout - Hot Smkd, Dbl Fillet','Nestle','2024-07-23',852,55,33.77,1001,962),(10005398,'Garlic - Peeled','Nestle','2024-05-31',615,91,5.89,1003,963),(10005399,'Pepper - Scotch Bonnet','Kirkland','2024-05-29',637,50,19.41,1004,964),(10005400,'Beef - Inside Round','Organics','2024-06-02',677,91,41.48,1000,965),(10005401,'Vodka - Moskovskaya','Organics','2024-06-24',351,79,16.20,1002,966),(10005402,'V8 Pet','Kirkland','2024-07-01',208,61,21.62,1004,967),(10005403,'Squash - Pattypan, Yellow','Nestle','2024-04-09',838,86,38.68,1004,968),(10005404,'Bread - Italian Roll With Herbs','CapFoods','2024-04-18',609,78,33.36,1003,969),(10005405,'Muffin Mix - Blueberry','Nestle','2024-08-06',370,51,29.26,1000,970),(10005406,'Beef - Cooked, Corned','CapFoods','2024-04-19',356,55,11.94,1001,971),(10005407,'Table Cloth 90x90 Colour','Kirkland','2024-05-03',768,61,37.43,1002,972),(10005408,'Tart - Lemon','Nestle','2024-05-19',532,97,9.09,1004,973),(10005409,'Breakfast Quesadillas','Nestle','2024-06-19',935,76,17.41,1001,974),(10005410,'Mop Head - Cotton, 24 Oz','Organics','2024-06-20',554,99,10.72,1000,975),(10005411,'Bread - Bagels, Plain','CapFoods','2024-05-27',583,64,11.93,1003,976),(10005412,'Lobster - Base','Kirkland','2024-05-02',897,72,38.61,1002,977),(10005413,'Chips - Doritos','Organics','2024-07-25',802,67,42.98,1004,978),(10005414,'Piping - Bags Quizna','Nestle','2024-06-20',972,88,9.44,1001,979),(10005415,'Coffee - Dark Roast','CapFoods','2024-06-19',334,93,4.46,1000,980),(10005416,'Cheese - Provolone','CapFoods','2024-04-13',726,69,10.93,1003,981),(10005417,'Table Cloth 91x91 Colour','Nestle','2024-06-11',836,59,42.07,1002,982),(10005418,'Bagels Poppyseed','CapFoods','2024-06-22',451,77,6.55,1003,983),(10005419,'Towel Multifold','CapFoods','2024-05-18',933,96,39.78,1004,984),(10005420,'Scallops - 20/30','CapFoods','2024-05-30',248,86,25.78,1001,985),(10005421,'Bread - Raisin Walnut Pull','Organics','2024-05-01',525,81,4.01,1000,986),(10005422,'Juice - Ocean Spray Kiwi','CapFoods','2024-05-10',473,54,25.56,1002,987),(10005423,'Nut - Almond, Blanched, Sliced','CapFoods','2024-04-26',427,65,29.09,1002,988),(10005424,'Flower - Dish Garden','Organics','2024-05-23',549,57,27.21,1000,989),(10005425,'Cup - Translucent 7 Oz Clear','Organics','2024-05-19',805,96,43.32,1003,990),(10005426,'Squash - Pattypan, Yellow','Kirkland','2024-08-03',446,63,27.92,1001,991),(10005427,'Cranberry Foccacia','CapFoods','2024-05-04',605,79,7.84,1004,992),(10005428,'Cheese - Asiago','Nestle','2024-06-19',440,72,35.66,1003,993),(10005429,'Cheese - Parmesan Grated','Organics','2024-05-21',313,53,4.31,1002,994),(10005430,'Ecolab - Lime - A - Way 4/4 L','Organics','2024-07-29',966,66,16.84,1001,995),(10005431,'Cheese - Parmesan Cubes','Kirkland','2024-06-20',309,52,15.25,1000,996),(10005432,'Icecream - Dstk Super Cone','Kirkland','2024-07-10',602,55,3.32,1004,997),(10005433,'Trueblue - Blueberry 12x473ml','Nestle','2024-05-20',579,90,3.80,1001,998),(10005434,'Pernod','CapFoods','2024-08-08',465,57,36.54,1004,999),(10005435,'Kellogs Raisan Bran Bars','Nestle','2024-06-26',227,69,10.44,1000,1000),(10005436,'Chocolate Bar - Coffee Crisp','CapFoods','2024-05-27',524,77,9.20,1003,1001),(10005437,'Muffin Mix - Lemon Cranberry','Kirkland','2024-04-23',510,78,1.75,1001,1002),(10005438,'Island Oasis - Banana Daiquiri','Organics','2024-07-26',915,60,3.66,1002,1003),(10005439,'Oats Large Flake','Organics','2024-05-16',876,71,44.74,1002,1004),(10005440,'Capon - Breast, Double, Wing On','CapFoods','2024-07-18',516,77,1.19,1000,1005),(10005441,'Cheese - Montery Jack','Nestle','2024-05-15',754,58,28.45,1004,1006),(10005442,'Chicken - Whole Fryers','CapFoods','2024-06-14',255,66,37.38,1003,1007),(10005443,'Cheese - Gouda Smoked','CapFoods','2024-07-07',872,50,43.39,1001,1008),(10005444,'Sping Loaded Cup Dispenser','CapFoods','2024-06-09',685,72,38.35,1004,1009),(10005445,'Crackers - Water','Kirkland','2024-05-10',407,85,10.49,1003,1010),(10005446,'Bamboo Shoots - Sliced','Kirkland','2024-06-24',791,100,6.42,1000,1011),(10005447,'Flavouring - Rum','Nestle','2024-06-26',644,92,24.39,1001,1012),(10005448,'Juice - Mango','Kirkland','2024-05-14',898,73,13.37,1002,1013),(10005449,'Tomatoes - Plum, Canned','Nestle','2024-05-12',454,68,3.28,1000,1014),(10005450,'Lid - 3oz Med Rec','Nestle','2024-08-02',298,50,37.96,1003,1015),(10005451,'Lamb - Bones','CapFoods','2024-07-02',756,56,25.68,1004,1016),(10005452,'Red Currants','CapFoods','2024-08-05',887,67,10.84,1001,1017),(10005453,'Container - Hngd Cll Blk 7x7x3','Kirkland','2024-07-08',280,88,34.52,1002,1018),(10005454,'Nantucket - Kiwi Berry Cktl.','Nestle','2024-08-03',292,87,35.85,1000,1019),(10005455,'Wine - Bourgogne 2002, La','Organics','2024-05-11',530,54,23.76,1001,1020),(10005456,'Coffee - 10oz Cup 92961','Kirkland','2024-07-08',285,87,42.16,1003,1021),(10005457,'Loaf Pan - 2 Lb, Foil','Kirkland','2024-06-10',653,82,24.66,1004,1022),(10005458,'Sauce - Roasted Red Pepper','Kirkland','2024-05-22',470,94,14.92,1002,1023),(10005459,'Calypso - Pineapple Passion','CapFoods','2024-08-07',666,69,11.24,1004,1024),(10005460,'Soup Bowl Clear 8oz92008','CapFoods','2024-06-16',844,87,9.83,1001,1025),(10005461,'Bread - Hot Dog Buns','Organics','2024-06-06',400,82,30.51,1000,1026),(10005462,'Pumpkin - Seed','Organics','2024-04-05',626,78,43.73,1003,1027),(10005463,'Coffee - Irish Cream','Nestle','2024-04-17',332,56,2.52,1002,1028),(10005464,'Beans - Butter Lrg Lima','Organics','2024-04-30',766,95,42.70,1001,1029),(10005465,'Ginger - Fresh','CapFoods','2024-07-14',317,54,7.07,1004,1030),(10005466,'Irish Cream - Butterscotch','Organics','2024-05-28',518,52,29.25,1000,1031),(10005467,'Liqueur Banana, Ramazzotti','Nestle','2024-07-23',496,72,20.04,1001,1032),(10005468,'Napkin - Beverage 1 Ply','Kirkland','2024-06-05',964,50,40.88,1002,1033),(10005469,'Nescafe - Frothy French Vanilla','Nestle','2024-06-01',443,56,15.37,1003,1034),(10005470,'Aromat Spice / Seasoning','CapFoods','2024-07-01',411,74,27.77,1001,1035),(10005471,'Tea - Earl Grey','Nestle','2024-07-25',931,62,40.58,1002,1036),(10005472,'Bread - Hot Dog Buns','CapFoods','2024-08-07',631,82,5.09,1004,1037),(10005473,'Mudslide','Kirkland','2024-04-25',468,62,3.01,1000,1038),(10005474,'Cheese - Victor Et Berthold','CapFoods','2024-07-20',645,96,13.05,1003,1039),(10005475,'Red Cod Fillets - 225g','CapFoods','2024-04-23',361,56,4.91,1001,1040),(10005476,'Lamb - Bones','CapFoods','2024-05-24',964,71,29.07,1002,1041),(10005477,'Tofu - Firm','Organics','2024-08-02',919,96,22.14,1000,1042),(10005478,'Wine - Chardonnay Mondavi','CapFoods','2024-04-02',520,87,41.66,1004,1043),(10005479,'Beef - Kobe Striploin','Organics','2024-07-18',670,67,40.95,1003,1044),(10005480,'Browning Caramel Glace','Kirkland','2024-05-13',746,78,8.59,1004,1045),(10005481,'Soup - Campbells Tomato Ravioli','Organics','2024-07-08',772,63,22.10,1003,1046),(10005482,'Sugar - Cubes','CapFoods','2024-05-20',836,100,37.75,1000,1047),(10005483,'The Pop Shoppe - Cream Soda','Organics','2024-04-26',324,56,12.61,1002,1048),(10005484,'Nut - Almond, Blanched, Ground','Kirkland','2024-07-31',744,61,10.52,1001,1049),(10005485,'Blueberries','Kirkland','2024-04-06',324,79,2.24,1003,1050),(10005486,'Soup - Chicken And Wild Rice','Organics','2024-07-27',795,55,10.90,1002,1051),(10005487,'Monkfish Fresh - Skin Off','Organics','2024-06-30',896,74,38.86,1004,1052),(10005488,'Pork - Inside','Kirkland','2024-04-07',351,63,12.58,1000,1053),(10005489,'Rhubarb','Organics','2024-08-07',603,59,2.84,1001,1054),(10005490,'Lid Tray - 16in Dome','Nestle','2024-06-26',766,55,22.25,1004,1055),(10005491,'Lemonade - Black Cherry, 591 Ml','Nestle','2024-05-08',849,58,14.63,1002,1056),(10005492,'Vol Au Vents','CapFoods','2024-07-24',447,53,29.67,1000,1057),(10005493,'Beer - Alexander Kieths, Pale Ale','Nestle','2024-04-24',888,50,2.31,1003,1058),(10005494,'Corn - Mini','Kirkland','2024-07-27',656,61,14.78,1001,1059),(10005495,'Dry Ice','CapFoods','2024-07-24',494,75,27.51,1002,1060),(10005496,'Vinegar - Raspberry','Kirkland','2024-07-18',580,93,29.97,1001,1061),(10005497,'Beans - Black Bean, Preserved','CapFoods','2024-05-04',269,94,22.99,1003,1062),(10005498,'Spaghetti Squash','Organics','2024-05-10',861,73,17.28,1004,1063),(10005499,'Lettuce - Romaine, Heart','Nestle','2024-05-12',300,96,39.36,1000,1064),(10005500,'Extract - Vanilla,artificial','Nestle','2024-07-17',228,86,21.74,1002,1065),(10005501,'Puree - Kiwi','Kirkland','2024-04-26',756,99,25.62,1001,1066),(10005502,'Chicken - Livers','Nestle','2024-04-27',251,76,1.09,1004,1067),(10005503,'Beef - Tenderlion, Center Cut','CapFoods','2024-04-18',238,57,42.55,1002,1068),(10005504,'Chips - Doritos','Nestle','2024-06-16',463,64,8.45,1003,1069),(10005505,'Chips Potato Salt Vinegar 43g','Organics','2024-04-13',391,53,1.13,1000,1070),(10005506,'Vol Au Vents','Organics','2024-05-12',537,79,13.15,1002,1071),(10005507,'Chick Peas - Canned','Nestle','2024-06-17',645,69,37.12,1001,1072),(10005508,'Bread Crumbs - Japanese Style','Organics','2024-04-29',825,72,20.94,1003,1073),(10005509,'Ecolab - Orange Frc, Cleaner','Kirkland','2024-04-27',229,76,40.40,1000,1074),(10005510,'Filling - Mince Meat','Organics','2024-05-16',779,71,28.29,1004,1075),(10005511,'Jolt Cola','CapFoods','2024-05-17',377,87,21.52,1001,1076),(10005512,'Cheese - Parmesan Cubes','CapFoods','2024-04-02',791,95,5.80,1000,1077),(10005513,'Chicken - Whole Roasting','Nestle','2024-06-16',550,51,13.87,1002,1078),(10005514,'Mushroom - Morels, Dry','CapFoods','2024-04-30',892,86,24.34,1003,1079),(10005515,'Chocolate - Liqueur Cups With Foil','Kirkland','2024-04-19',290,93,12.33,1004,1080),(10005516,'Asparagus - Frozen','Nestle','2024-06-09',893,61,29.01,1000,1081),(10005517,'Chicken - Thigh, Bone In','Kirkland','2024-04-16',642,89,32.39,1002,1082),(10005518,'Beer - Pilsner Urquell','Kirkland','2024-05-31',426,85,26.47,1001,1083),(10005519,'Brandy - Bar','Kirkland','2024-06-01',441,83,33.38,1004,1084),(10005520,'Pomello','Organics','2024-05-15',245,54,12.01,1003,1085),(10005521,'Bread - Olive','Organics','2024-06-24',265,96,22.92,1000,1086),(10005522,'Wine - Peller Estates Late','CapFoods','2024-07-31',980,70,34.47,1003,1087),(10005523,'Glass - Wine, Plastic, Clear 5 Oz','Nestle','2024-07-23',842,89,22.68,1001,1088),(10005524,'Beets - Golden','Kirkland','2024-05-19',621,52,11.18,1002,1089),(10005525,'Longos - Cheese Tortellini','CapFoods','2024-06-22',809,55,22.85,1004,1090),(10005526,'Salmon Steak - Cohoe 6 Oz','Kirkland','2024-07-13',874,58,18.38,1001,1091),(10005527,'Juice - Tomato, 10 Oz','Organics','2024-07-30',681,69,31.73,1003,1092),(10005528,'Molasses - Fancy','CapFoods','2024-07-19',570,71,20.78,1000,1093),(10005529,'Food Colouring - Pink','CapFoods','2024-06-16',980,90,5.64,1004,1094),(10005530,'Yeast Dry - Fermipan','Organics','2024-07-21',800,84,32.54,1002,1095),(10005531,'Muffin Carrot - Individual','Organics','2024-06-08',461,57,12.38,1003,1096),(10005532,'Table Cloth 54x54 White','Organics','2024-07-20',618,53,24.92,1004,1097),(10005533,'Aspic - Clear','Nestle','2024-06-26',971,61,26.69,1002,1098),(10005534,'Bagel - Whole White Sesame','Organics','2024-06-17',992,59,18.77,1001,1099);
/*!40000 ALTER TABLE `Product` ENABLE KEYS */;
UNLOCK TABLES;

--
-- Table structure for table `ReturnedProduct`
--

DROP TABLE IF EXISTS `ReturnedProduct`;
/*!40101 SET @saved_cs_client     = @@character_set_client */;
/*!50503 SET character_set_client = utf8mb4 */;
CREATE TABLE `ReturnedProduct` (
  `ReturnDate` date NOT NULL,
  `CustomerFeedback` varchar(150) DEFAULT NULL,
  `PaymentReturn` tinyint NOT NULL,
  `ProductQuantity` int NOT NULL,
  `ProductID` int NOT NULL,
  `OrderNum` bigint NOT NULL,
  `ReturnProductID` int NOT NULL,
  PRIMARY KEY (`ProductID`,`OrderNum`,`ReturnProductID`),
  CONSTRAINT `fk_ReturnedProduct_OrderDetails1` FOREIGN KEY (`ProductID`, `OrderNum`) REFERENCES `OrderDetails` (`ProductID`, `OrderNum`)
) ENGINE=InnoDB DEFAULT CHARSET=utf8mb4 COLLATE=utf8mb4_0900_ai_ci;
/*!40101 SET character_set_client = @saved_cs_client */;

--
-- Dumping data for table `ReturnedProduct`
--

LOCK TABLES `ReturnedProduct` WRITE;
/*!40000 ALTER TABLE `ReturnedProduct` DISABLE KEYS */;
INSERT INTO `ReturnedProduct` VALUES ('2023-09-22','Feedback',1,1,10004543,564345954,88),('2023-03-18','Feedback',1,1,10004558,564346514,54),('2024-02-10','Feedback',1,1,10004566,564346199,14),('2023-02-24','Feedback',1,1,10004577,564346328,9),('2023-12-20','Feedback',1,1,10004616,564346021,86),('2023-06-28','Feedback',1,2,10004631,564345682,80),('2023-06-04','Feedback',1,2,10004632,564345901,30),('2023-10-06','Feedback',1,2,10004661,564346098,45),('2023-06-10','Feedback',1,2,10004665,564346048,13),('2023-03-14','Feedback',1,2,10004667,564345844,85),('2023-08-11','Feedback',1,2,10004672,564346083,63),('2023-12-31','Feedback',1,1,10004705,564345861,47),('2023-07-21','Feedback',1,2,10004712,564346352,8),('2024-01-02','Feedback',1,1,10004744,564346293,35),('2023-07-27','Feedback',1,2,10004749,564346526,69),('2023-09-12','Feedback',1,1,10004757,564345728,57),('2023-03-07','Feedback',1,2,10004759,564346081,6),('2023-08-18','Feedback',1,1,10004769,564346651,2),('2023-03-02','Feedback',1,2,10004785,564345855,82),('2023-08-31','Feedback',1,2,10004789,564345987,51),('2023-05-11','Feedback',1,1,10004818,564345674,44),('2023-08-01','Feedback',1,1,10004821,564345660,98),('2023-03-30','Feedback',1,1,10004835,564346360,17),('2023-04-10','Feedback',1,2,10004855,564346258,97),('2023-02-28','Feedback',1,1,10004866,564345742,84),('2024-01-07','Feedback',1,1,10004885,564346367,11),('2024-01-09','Feedback',1,1,10004905,564345875,7),('2023-09-27','Feedback',1,1,10004910,564345970,46),('2023-12-23','Feedback',1,1,10004931,564345798,89),('2023-03-04','Feedback',1,1,10004942,564345712,60),('2023-03-07','Feedback',1,1,10004942,564346196,74),('2023-09-25','Feedback',1,1,10004951,564345712,96),('2023-06-09','Feedback',1,2,10004953,564345979,22),('2023-09-30','Feedback',1,2,10004972,564346411,26),('2023-11-18','Feedback',1,2,10004976,564345700,73),('2023-08-16','Feedback',1,2,10004977,564345956,53),('2023-08-02','Feedback',1,2,10004986,564346291,58),('2023-03-12','Feedback',1,2,10004995,564346464,24),('2023-10-02','Feedback',1,1,10005024,564345871,90),('2023-12-27','Feedback',1,1,10005047,564346569,27),('2023-02-14','Feedback',1,2,10005050,564346648,50),('2023-11-23','Feedback',1,1,10005066,564346383,52),('2023-06-16','Feedback',1,1,10005080,564346179,77),('2023-03-23','Feedback',1,2,10005086,564346073,33),('2023-06-27','Feedback',1,2,10005103,564346386,41),('2023-10-22','Feedback',1,1,10005110,564346085,31),('2023-09-04','Feedback',1,2,10005113,564346277,49),('2023-11-09','Feedback',1,1,10005126,564346597,100),('2023-06-17','Feedback',1,1,10005139,564346481,34),('2023-10-03','Feedback',1,1,10005149,564346012,10),('2023-05-09','Feedback',1,1,10005172,564345685,78),('2023-05-20','Feedback',1,2,10005181,564346305,16),('2023-07-13','Feedback',1,2,10005183,564346459,87),('2023-09-22','Feedback',1,2,10005184,564346611,92),('2023-02-16','Feedback',1,2,10005193,564345848,36),('2023-06-04','Feedback',1,2,10005207,564345966,12),('2023-05-16','Feedback',1,1,10005207,564346505,39),('2023-12-20','Feedback',1,2,10005242,564346556,68),('2023-09-05','Feedback',1,2,10005249,564345856,59),('2023-10-07','Feedback',1,2,10005250,564346068,72),('2023-03-01','Feedback',1,2,10005251,564345703,38),('2023-03-18','Feedback',1,1,10005267,564345736,5),('2023-09-13','Feedback',1,2,10005269,564346063,4),('2023-06-28','Feedback',1,2,10005280,564346575,64),('2023-10-01','Feedback',1,2,10005282,564345763,95),('2024-01-23','Feedback',1,2,10005282,564345822,37),('2023-07-14','Feedback',1,2,10005286,564345702,20),('2023-03-19','Feedback',1,1,10005298,564346243,18),('2023-03-25','Feedback',1,1,10005312,564345792,21),('2023-12-24','Feedback',1,1,10005329,564346042,56),('2023-05-21','Feedback',1,2,10005329,564346183,93),('2023-09-12','Feedback',1,1,10005334,564346545,42),('2023-08-11','Feedback',1,2,10005344,564345755,28),('2023-08-09','Feedback',1,1,10005362,564345726,65),('2023-04-16','Feedback',1,2,10005374,564345837,67),('2023-11-03','Feedback',1,1,10005382,564345732,99),('2023-09-23','Feedback',1,2,10005383,564346649,83),('2024-01-26','Feedback',1,1,10005390,564345911,75),('2023-05-05','Feedback',1,2,10005395,564345801,62),('2023-03-26','Feedback',1,1,10005397,564346099,40),('2023-08-16','Feedback',1,1,10005402,564345713,81),('2023-02-25','Feedback',1,1,10005415,564345891,29),('2023-03-13','Feedback',1,1,10005416,564346530,70),('2023-09-20','Feedback',1,2,10005423,564346516,94),('2023-05-13','Feedback',1,2,10005424,564345772,19),('2024-01-12','Feedback',1,2,10005446,564346259,76),('2023-12-25','Feedback',1,2,10005447,564345742,43),('2023-05-20','Feedback',1,2,10005454,564345956,91),('2023-02-21','Feedback',1,1,10005458,564346169,79),('2023-10-22','Feedback',1,1,10005477,564345971,3),('2023-07-30','Feedback',1,2,10005483,564346001,15),('2023-04-28','Feedback',1,2,10005499,564345716,25),('2023-04-30','Feedback',1,1,10005500,564345979,71),('2023-09-02','Feedback',1,2,10005500,564346540,1),('2023-02-23','Feedback',1,2,10005511,564345962,23),('2024-01-10','Feedback',1,2,10005511,564346233,66),('2023-10-29','Feedback',1,2,10005512,564346413,32),('2023-12-15','Feedback',1,1,10005519,564346376,61),('2023-04-10','Feedback',1,1,10005527,564345770,55),('2023-07-10','Feedback',1,2,10005532,564345733,48);
/*!40000 ALTER TABLE `ReturnedProduct` ENABLE KEYS */;
UNLOCK TABLES;

--
-- Table structure for table `Suppliers`
--

DROP TABLE IF EXISTS `Suppliers`;
/*!40101 SET @saved_cs_client     = @@character_set_client */;
/*!50503 SET character_set_client = utf8mb4 */;
CREATE TABLE `Suppliers` (
  `SupplierID` int NOT NULL,
  `SupplierName` varchar(40) NOT NULL,
  `ProductID` int NOT NULL,
  `QuantityOrdered` int NOT NULL,
  `QuantityDelivered` int NOT NULL,
  `OrderedDate` date NOT NULL,
  `DeliveryDate` date NOT NULL,
  `OrderNum` bigint NOT NULL,
  PRIMARY KEY (`SupplierID`)
) ENGINE=InnoDB DEFAULT CHARSET=utf8mb4 COLLATE=utf8mb4_0900_ai_ci;
/*!40101 SET character_set_client = @saved_cs_client */;

--
-- Dumping data for table `Suppliers`
--

LOCK TABLES `Suppliers` WRITE;
/*!40000 ALTER TABLE `Suppliers` DISABLE KEYS */;
INSERT INTO `Suppliers` VALUES (100,'Lakin, Ondricka and Brown',10004535,252,112,'2023-09-19','2023-09-24',64756353),(101,'Greenfelder Inc',10004536,202,36,'2023-12-25','2023-12-30',64756354),(102,'Rutherford and Sons',10004537,291,249,'2023-12-22','2023-12-27',64756355),(103,'Bednar-Ratke',10004538,19,13,'2023-02-25','2023-03-02',64756356),(104,'Steuber Inc',10004539,132,82,'2023-08-25','2023-08-30',64756357),(105,'Ebert, Willms and Kuvalis',10004540,302,38,'2023-09-15','2023-09-20',64756358),(106,'Monahan LLC',10004541,287,108,'2023-06-12','2023-06-17',64756359),(107,'D\'Amore, Jerde and Schmitt',10004542,46,36,'2023-12-10','2023-12-15',64756360),(108,'Steuber Group',10004543,396,155,'2023-03-17','2023-03-22',64756361),(109,'Connelly-Schumm',10004544,169,103,'2023-10-11','2023-10-16',64756362),(110,'Towne Inc',10004545,291,179,'2023-07-28','2023-08-02',64756363),(111,'Wolf-Blanda',10004546,195,68,'2023-02-17','2023-02-22',64756364),(112,'Frami Inc',10004547,426,304,'2023-03-12','2023-03-17',64756365),(113,'Hahn-Casper',10004548,481,286,'2023-10-09','2023-10-14',64756366),(114,'Rohan, Lemke and Gerhold',10004549,217,45,'2023-05-05','2023-05-10',64756367),(115,'Pagac Group',10004550,260,198,'2023-09-01','2023-09-06',64756368),(116,'Greenfelder-Stokes',10004551,342,196,'2023-05-09','2023-05-14',64756369),(117,'Gleason LLC',10004552,418,239,'2023-07-04','2023-07-09',64756370),(118,'Littel-Purdy',10004553,318,40,'2024-01-10','2024-01-15',64756371),(119,'Reilly, Prosacco and Emard',10004554,264,185,'2023-08-11','2023-08-16',64756372),(120,'Dickens Group',10004555,499,307,'2023-04-27','2023-05-02',64756373),(121,'Block Group',10004556,220,93,'2023-12-08','2023-12-13',64756374),(122,'Hauck, Durgan and Pollich',10004557,424,283,'2023-03-18','2023-03-23',64756375),(123,'Kling-Harris',10004558,416,155,'2023-06-02','2023-06-07',64756376),(124,'Conn, Pouros and Watsica',10004559,142,42,'2024-01-11','2024-01-16',64756377),(125,'O\'Connell-Kunze',10004560,472,55,'2023-04-12','2023-04-17',64756378),(126,'Hoppe Inc',10004561,312,89,'2023-10-15','2023-10-20',64756379),(127,'Rolfson, Haag and Olson',10004562,241,7,'2023-08-27','2023-09-01',64756380),(128,'Simonis, Leuschke and Breitenberg',10004563,351,81,'2023-03-11','2023-03-16',64756381),(129,'Kuphal Inc',10004564,441,58,'2023-05-15','2023-05-20',64756382),(130,'Lynch-Kerluke',10004565,157,131,'2023-04-01','2023-04-06',64756383),(131,'Tillman, Lang and Goodwin',10004566,375,218,'2023-05-24','2023-05-29',64756384),(132,'Kuhlman, Rice and Wilkinson',10004567,271,138,'2023-07-22','2023-07-27',64756385),(133,'Schumm LLC',10004568,410,174,'2023-05-29','2023-06-03',64756386),(134,'Fisher-Jast',10004569,459,126,'2023-03-21','2023-03-26',64756387),(135,'Rath Inc',10004570,418,351,'2023-11-24','2023-11-29',64756388),(136,'Huels-Erdman',10004571,124,15,'2023-09-10','2023-09-15',64756389),(137,'Jerde Inc',10004572,318,165,'2023-04-22','2023-04-27',64756390),(138,'Goldner and Sons',10004573,238,9,'2023-11-13','2023-11-18',64756391),(139,'Howe, Farrell and Jerde',10004574,270,91,'2023-07-14','2023-07-19',64756392),(140,'Olson, Rutherford and Rogahn',10004575,359,193,'2023-05-27','2023-06-01',64756393),(141,'Schoen, Aufderhar and Paucek',10004576,197,172,'2023-03-12','2023-03-17',64756394),(142,'Daugherty and Sons',10004577,388,25,'2023-04-19','2023-04-24',64756395),(143,'Price Inc',10004578,114,57,'2023-12-07','2023-12-12',64756396),(144,'Cassin Group',10004579,492,108,'2023-05-19','2023-05-24',64756397),(145,'Beatty Group',10004580,33,21,'2023-03-25','2023-03-30',64756398),(146,'Bednar, Gleichner and Hills',10004581,37,26,'2023-05-27','2023-06-01',64756399),(147,'Maggio-Vandervort',10004582,491,159,'2023-03-08','2023-03-13',64756400),(148,'Satterfield LLC',10004583,324,292,'2023-06-24','2023-06-29',64756401),(149,'Becker-Reichel',10004584,155,110,'2023-10-24','2023-10-29',64756402),(150,'Nader-Berge',10004585,357,110,'2023-05-17','2023-05-22',64756403),(151,'Kutch-Mayer',10004586,346,343,'2023-04-09','2023-04-14',64756404),(152,'Mante LLC',10004587,359,247,'2023-09-06','2023-09-11',64756405),(153,'Lynch and Sons',10004588,244,21,'2023-12-28','2024-01-02',64756406),(154,'Christiansen-Kuhn',10004589,480,354,'2023-11-05','2023-11-10',64756407),(155,'Jacobi, Oberbrunner and Will',10004590,307,127,'2023-05-28','2023-06-02',64756408),(156,'Murphy and Sons',10004591,49,20,'2023-07-13','2023-07-18',64756409),(157,'Carter-Keebler',10004592,94,44,'2023-09-25','2023-09-30',64756410),(158,'Labadie, Davis and Kuvalis',10004593,93,72,'2023-05-01','2023-05-06',64756411),(159,'Murray-Gleichner',10004594,400,362,'2023-12-06','2023-12-11',64756412),(160,'Smitham Group',10004595,424,300,'2023-06-25','2023-06-30',64756413),(161,'Hodkiewicz, Cummings and Hermiston',10004596,196,1,'2023-09-26','2023-10-01',64756414),(162,'Marvin, MacGyver and Funk',10004597,336,277,'2023-03-12','2023-03-17',64756415),(163,'Zemlak, Gibson and Schimmel',10004598,114,91,'2023-04-05','2023-04-10',64756416),(164,'Boehm-Corkery',10004599,178,153,'2023-02-23','2023-02-28',64756417),(165,'Kirlin Inc',10004600,225,152,'2023-09-19','2023-09-24',64756418),(166,'Shields Group',10004601,437,143,'2023-05-22','2023-05-27',64756419),(167,'Lakin, Grady and O\'Reilly',10004602,244,58,'2023-08-30','2023-09-04',64756420),(168,'Mertz, Prosacco and Lehner',10004603,175,52,'2023-05-23','2023-05-28',64756421),(169,'Hessel-Bruen',10004604,160,91,'2024-01-29','2024-02-03',64756422),(170,'Fadel LLC',10004605,423,30,'2023-07-17','2023-07-22',64756423),(171,'Hilpert-Schmeler',10004606,312,198,'2023-12-08','2023-12-13',64756424),(172,'Considine, Rohan and Runte',10004607,320,2,'2023-11-13','2023-11-18',64756425),(173,'Wolf, Mraz and Labadie',10004608,362,253,'2023-07-17','2023-07-22',64756426),(174,'Breitenberg-Cartwright',10004609,81,2,'2023-06-29','2023-07-04',64756427),(175,'Grady-Trantow',10004610,226,61,'2023-03-31','2023-04-05',64756428),(176,'Ferry, Tromp and Okuneva',10004611,123,95,'2023-05-19','2023-05-24',64756429),(177,'Stark Inc',10004612,66,49,'2023-10-19','2023-10-24',64756430),(178,'Veum Group',10004613,303,72,'2023-07-22','2023-07-27',64756431),(179,'Jerde LLC',10004614,321,62,'2023-07-06','2023-07-11',64756432),(180,'Kozey Group',10004615,50,38,'2023-07-25','2023-07-30',64756433),(181,'Champlin LLC',10004616,268,263,'2023-09-01','2023-09-06',64756434),(182,'Barrows Inc',10004617,250,163,'2023-06-18','2023-06-23',64756435),(183,'Osinski, McGlynn and Goodwin',10004618,103,77,'2023-04-24','2023-04-29',64756436),(184,'Roob and Sons',10004619,325,50,'2023-12-16','2023-12-21',64756437),(185,'Kuvalis Inc',10004620,374,180,'2023-11-13','2023-11-18',64756438),(186,'Greenholt-Lynch',10004621,269,243,'2023-10-25','2023-10-30',64756439),(187,'Breitenberg-Koelpin',10004622,477,77,'2023-04-17','2023-04-22',64756440),(188,'Osinski, Brekke and Davis',10004623,126,107,'2023-05-31','2023-06-05',64756441),(189,'Fay LLC',10004624,344,237,'2023-09-24','2023-09-29',64756442),(190,'Keebler-Orn',10004625,264,5,'2023-07-10','2023-07-15',64756443),(191,'Feeney-Johnston',10004626,164,149,'2023-04-25','2023-04-30',64756444),(192,'Casper-Shanahan',10004627,409,43,'2023-04-16','2023-04-21',64756445),(193,'Lowe-Prosacco',10004628,291,239,'2023-08-23','2023-08-28',64756446),(194,'Legros Group',10004629,325,179,'2023-08-18','2023-08-23',64756447),(195,'Herman-Pollich',10004630,173,49,'2023-05-20','2023-05-25',64756448),(196,'Rath, Cormier and Langosh',10004631,265,182,'2023-06-04','2023-06-09',64756449),(197,'Kunze, Leffler and Raynor',10004632,500,456,'2023-08-18','2023-08-23',64756450),(198,'Cole LLC',10004633,276,11,'2023-05-29','2023-06-03',64756451),(199,'Wehner-Donnelly',10004634,362,70,'2023-03-06','2023-03-11',64756452),(200,'McDermott, Ernser and Bergstrom',10004635,208,76,'2023-06-24','2023-06-29',64756453),(201,'Lynch, Wunsch and Feeney',10004636,385,18,'2023-06-28','2023-07-03',64756454),(202,'Hodkiewicz, Rowe and Sipes',10004637,51,11,'2023-08-26','2023-08-31',64756455),(203,'Casper, Wunsch and Gerlach',10004638,438,335,'2024-01-07','2024-01-12',64756456),(204,'Botsford-Adams',10004639,139,13,'2023-11-24','2023-11-29',64756457),(205,'Botsford Inc',10004640,237,47,'2023-05-24','2023-05-29',64756458),(206,'Strosin and Sons',10004641,258,36,'2024-02-02','2024-02-07',64756459),(207,'Becker, Kautzer and Lemke',10004642,128,25,'2024-01-01','2024-01-06',64756460),(208,'Frami and Sons',10004643,289,14,'2023-10-05','2023-10-10',64756461),(209,'Brown-Runolfsson',10004644,271,113,'2023-10-03','2023-10-08',64756462),(210,'Daniel, Price and Boyer',10004645,330,66,'2023-03-09','2023-03-14',64756463),(211,'Harber-Stokes',10004646,25,6,'2023-02-14','2023-02-19',64756464),(212,'Johns Group',10004647,291,60,'2023-08-18','2023-08-23',64756465),(213,'Feest, Larkin and Padberg',10004648,188,149,'2023-08-02','2023-08-07',64756466),(214,'Crist and Sons',10004649,153,37,'2023-10-07','2023-10-12',64756467),(215,'Waelchi-Hermann',10004650,401,170,'2023-04-07','2023-04-12',64756468),(216,'Turcotte Inc',10004651,349,27,'2023-07-12','2023-07-17',64756469),(217,'Upton-Breitenberg',10004652,384,151,'2023-02-24','2023-03-01',64756470),(218,'Boyer, Senger and Huels',10004653,16,8,'2023-09-04','2023-09-09',64756471),(219,'Schumm-Berge',10004654,492,397,'2024-01-22','2024-01-27',64756472),(220,'Kozey, Schmeler and Veum',10004655,109,14,'2023-02-16','2023-02-21',64756473),(221,'Vandervort Inc',10004656,50,24,'2023-10-26','2023-10-31',64756474),(222,'Parker-Carroll',10004657,171,142,'2023-07-03','2023-07-08',64756475),(223,'Kiehn, Huels and Beatty',10004658,409,231,'2023-08-08','2023-08-13',64756476),(224,'Bergnaum-Hahn',10004659,151,147,'2023-06-11','2023-06-16',64756477),(225,'Borer-Skiles',10004660,435,147,'2023-03-09','2023-03-14',64756478),(226,'Pagac-Kuphal',10004661,492,38,'2023-09-29','2023-10-04',64756479),(227,'Conn Inc',10004662,206,15,'2023-09-14','2023-09-19',64756480),(228,'Schuster, Heidenreich and Macejkovic',10004663,469,445,'2024-02-03','2024-02-08',64756481),(229,'Schowalter Inc',10004664,481,318,'2023-02-20','2023-02-25',64756482),(230,'Rippin LLC',10004665,262,50,'2023-10-08','2023-10-13',64756483),(231,'Kessler-Bradtke',10004666,91,62,'2023-06-09','2023-06-14',64756484),(232,'Cruickshank-Borer',10004667,306,208,'2024-01-06','2024-01-11',64756485),(233,'Borer LLC',10004668,490,11,'2023-02-15','2023-02-20',64756486),(234,'Dibbert, Crooks and Weimann',10004669,484,99,'2023-10-25','2023-10-30',64756487),(235,'Mayer, Hahn and McKenzie',10004670,490,68,'2023-10-29','2023-11-03',64756488),(236,'Reichel and Sons',10004671,104,22,'2023-09-01','2023-09-06',64756489),(237,'Wunsch, Rath and Larson',10004672,206,45,'2024-01-08','2024-01-13',64756490),(238,'Bayer-Goyette',10004673,230,34,'2023-09-29','2023-10-04',64756491),(239,'Hansen, Bednar and O\'Reilly',10004674,282,234,'2023-09-02','2023-09-07',64756492),(240,'Okuneva and Sons',10004675,269,52,'2023-03-18','2023-03-23',64756493),(241,'Keebler LLC',10004676,271,89,'2023-05-20','2023-05-25',64756494),(242,'Swaniawski-Leannon',10004677,248,109,'2023-03-15','2023-03-20',64756495),(243,'Cruickshank, Hoeger and Cummerata',10004678,34,5,'2023-02-21','2023-02-26',64756496),(244,'Prosacco-Stark',10004679,315,148,'2023-09-10','2023-09-15',64756497),(245,'Kreiger-Grady',10004680,483,391,'2023-12-12','2023-12-17',64756498),(246,'Bergnaum Inc',10004681,298,128,'2023-07-21','2023-07-26',64756499),(247,'Ankunding-Windler',10004682,382,140,'2023-07-09','2023-07-14',64756500),(248,'Jacobson-Boehm',10004683,349,323,'2023-09-26','2023-10-01',64756501),(249,'Marquardt, Buckridge and Romaguera',10004684,15,10,'2023-05-07','2023-05-12',64756502),(250,'Effertz, McLaughlin and Lang',10004685,446,220,'2023-10-02','2023-10-07',64756503),(251,'Barrows, Sipes and Jenkins',10004686,135,36,'2023-04-17','2023-04-22',64756504),(252,'Abernathy LLC',10004687,86,19,'2024-01-03','2024-01-08',64756505),(253,'Pfannerstill and Sons',10004688,361,138,'2023-02-23','2023-02-28',64756506),(254,'Treutel, Cruickshank and Upton',10004689,324,116,'2023-11-17','2023-11-22',64756507),(255,'Emard, Swaniawski and Williamson',10004690,383,145,'2023-03-22','2023-03-27',64756508),(256,'Ratke-Abernathy',10004691,282,7,'2023-08-26','2023-08-31',64756509),(257,'Roob, Ullrich and Cartwright',10004692,62,16,'2023-04-25','2023-04-30',64756510),(258,'Donnelly, Bernhard and Hermiston',10004693,328,7,'2023-03-31','2023-04-05',64756511),(259,'Sanford, McClure and Lind',10004694,361,348,'2023-05-07','2023-05-12',64756512),(260,'Skiles-Ondricka',10004695,73,4,'2023-03-27','2023-04-01',64756513),(261,'Hahn Inc',10004696,435,10,'2023-12-13','2023-12-18',64756514),(262,'Bogisich Group',10004697,462,345,'2023-04-08','2023-04-13',64756515),(263,'Mayer Group',10004698,110,88,'2023-11-02','2023-11-07',64756516),(264,'Schmitt, Cormier and Hoppe',10004699,351,99,'2023-11-27','2023-12-02',64756517),(265,'Cremin, Hyatt and Mraz',10004700,43,26,'2023-04-09','2023-04-14',64756518),(266,'Abshire LLC',10004701,156,98,'2023-03-19','2023-03-24',64756519),(267,'Rowe-Bins',10004702,195,127,'2023-06-21','2023-06-26',64756520),(268,'Gutkowski, Kemmer and Rowe',10004703,167,75,'2023-05-29','2023-06-03',64756521),(269,'DuBuque, Anderson and Weimann',10004704,328,95,'2023-04-13','2023-04-18',64756522),(270,'Zboncak, Nader and Waelchi',10004705,255,95,'2023-10-29','2023-11-03',64756523),(271,'Jaskolski, Mohr and Howell',10004706,100,81,'2023-08-21','2023-08-26',64756524),(272,'Little, Harvey and Mraz',10004707,311,223,'2023-09-07','2023-09-12',64756525),(273,'Nienow, Roob and Howe',10004708,251,162,'2023-03-26','2023-03-31',64756526),(274,'Adams, Sauer and Harris',10004709,267,264,'2023-05-30','2023-06-04',64756527),(275,'Hauck, Deckow and Kling',10004710,138,72,'2023-10-05','2023-10-10',64756528),(276,'Schimmel, Rutherford and Homenick',10004711,375,215,'2023-04-25','2023-04-30',64756529),(277,'Monahan and Sons',10004712,458,68,'2023-07-15','2023-07-20',64756530),(278,'Dare, Herman and Stracke',10004713,250,76,'2023-03-05','2023-03-10',64756531),(279,'Rowe Group',10004714,79,48,'2023-03-11','2023-03-16',64756532),(280,'Gusikowski, Nikolaus and Kilback',10004715,267,126,'2024-01-09','2024-01-14',64756533),(281,'Batz, Grady and Kilback',10004716,55,33,'2023-06-15','2023-06-20',64756534),(282,'Pagac-Kerluke',10004717,165,103,'2023-10-05','2023-10-10',64756535),(283,'Morar Group',10004718,52,35,'2023-03-02','2023-03-07',64756536),(284,'Grady LLC',10004719,302,219,'2023-02-21','2023-02-26',64756537),(285,'Zulauf-Jast',10004720,38,22,'2023-03-12','2023-03-17',64756538),(286,'Schmidt, Hane and McDermott',10004721,99,2,'2023-09-13','2023-09-18',64756539),(287,'Raynor Group',10004722,420,123,'2023-06-16','2023-06-21',64756540),(288,'Ferry-Medhurst',10004723,310,132,'2023-04-06','2023-04-11',64756541),(289,'Armstrong, Harber and Willms',10004724,208,53,'2023-03-01','2023-03-06',64756542),(290,'Kohler-West',10004725,20,10,'2023-12-23','2023-12-28',64756543),(291,'Cruickshank-Heathcote',10004726,349,81,'2023-05-11','2023-05-16',64756544),(292,'Stroman-Wisoky',10004727,230,89,'2023-07-18','2023-07-23',64756545),(293,'Osinski, Collier and McLaughlin',10004728,426,215,'2023-10-29','2023-11-03',64756546),(294,'Lockman Group',10004729,102,74,'2023-11-22','2023-11-27',64756547),(295,'Witting-Greenfelder',10004730,333,173,'2023-02-18','2023-02-23',64756548),(296,'Jacobs-Weber',10004731,50,21,'2023-03-27','2023-04-01',64756549),(297,'Reilly, Heidenreich and Fisher',10004732,60,16,'2023-10-02','2023-10-07',64756550),(298,'Lueilwitz and Sons',10004733,81,23,'2024-01-21','2024-01-26',64756551),(299,'Zieme LLC',10004734,346,23,'2023-02-11','2023-02-16',64756552),(300,'Renner and Sons',10004735,129,73,'2023-12-09','2023-12-14',64756553),(301,'Frami, Jacobson and Shanahan',10004736,214,51,'2024-02-02','2024-02-07',64756554),(302,'Medhurst-Swift',10004737,36,17,'2023-07-25','2023-07-30',64756555),(303,'Howe LLC',10004738,27,20,'2023-09-23','2023-09-28',64756556),(304,'Herman-Krajcik',10004739,441,107,'2023-03-18','2023-03-23',64756557),(305,'Kirlin LLC',10004740,123,93,'2023-08-10','2023-08-15',64756558),(306,'Harber-Upton',10004741,447,310,'2023-05-23','2023-05-28',64756559),(307,'Zieme-Hodkiewicz',10004742,418,137,'2023-07-07','2023-07-12',64756560),(308,'Reynolds-Hudson',10004743,346,187,'2023-07-07','2023-07-12',64756561),(309,'Gibson-Grant',10004744,130,85,'2023-11-16','2023-11-21',64756562),(310,'Ortiz-Koelpin',10004745,212,103,'2023-05-30','2023-06-04',64756563),(311,'Conn, Hermiston and Nicolas',10004746,296,189,'2023-07-22','2023-07-27',64756564),(312,'Hilpert-Kling',10004747,85,71,'2023-06-25','2023-06-30',64756565),(313,'Kutch LLC',10004748,332,147,'2023-11-20','2023-11-25',64756566),(314,'Boyer, Mann and Heathcote',10004749,176,144,'2024-01-27','2024-02-01',64756567),(315,'Hammes-Volkman',10004750,77,41,'2023-12-11','2023-12-16',64756568),(316,'Cassin-Schmitt',10004751,183,74,'2023-06-21','2023-06-26',64756569),(317,'Quigley, King and Walsh',10004752,149,131,'2023-04-10','2023-04-15',64756570),(318,'Hammes-Schowalter',10004753,294,170,'2023-11-10','2023-11-15',64756571),(319,'Fahey Group',10004754,102,23,'2023-11-25','2023-11-30',64756572),(320,'Ferry Inc',10004755,232,188,'2023-11-10','2023-11-15',64756573),(321,'Wilderman-Schaefer',10004756,158,47,'2023-04-15','2023-04-20',64756574),(322,'D\'Amore-Nienow',10004757,466,254,'2023-12-25','2023-12-30',64756575),(323,'Stroman Group',10004758,140,8,'2023-04-13','2023-04-18',64756576),(324,'Kris, Pacocha and Dibbert',10004759,259,137,'2024-01-14','2024-01-19',64756577),(325,'Wiegand, Considine and Kuhlman',10004760,458,195,'2023-05-11','2023-05-16',64756578),(326,'Spinka, Lehner and Gislason',10004761,230,130,'2023-04-22','2023-04-27',64756579),(327,'Crooks Group',10004762,264,196,'2023-03-15','2023-03-20',64756580),(328,'Aufderhar, Fadel and Langworth',10004763,283,183,'2023-04-09','2023-04-14',64756581),(329,'Satterfield-McCullough',10004764,67,49,'2024-01-24','2024-01-29',64756582),(330,'Tremblay-Hoeger',10004765,327,305,'2023-11-04','2023-11-09',64756583),(331,'Mraz-Adams',10004766,192,140,'2024-02-09','2024-02-14',64756584),(332,'Adams-Kohler',10004767,211,112,'2023-07-24','2023-07-29',64756585),(333,'Ratke Group',10004768,167,124,'2023-12-14','2023-12-19',64756586),(334,'Medhurst, Brakus and Breitenberg',10004769,422,157,'2023-06-08','2023-06-13',64756587),(335,'Mayer LLC',10004770,109,23,'2023-03-08','2023-03-13',64756588),(336,'Schultz-Hayes',10004771,39,34,'2023-09-30','2023-10-05',64756589),(337,'Wilkinson, Huels and Schaden',10004772,218,189,'2023-05-23','2023-05-28',64756590),(338,'Koelpin-Okuneva',10004773,197,118,'2023-06-27','2023-07-02',64756591),(339,'Pollich, White and Reichert',10004774,161,133,'2023-05-27','2023-06-01',64756592),(340,'Schowalter and Sons',10004775,178,55,'2023-11-10','2023-11-15',64756593),(341,'Wyman, Lemke and Lindgren',10004776,442,326,'2023-10-25','2023-10-30',64756594),(342,'Gorczany-McDermott',10004777,171,154,'2023-12-01','2023-12-06',64756595),(343,'McCullough, Bednar and Welch',10004778,440,414,'2023-08-28','2023-09-02',64756596),(344,'Daugherty, Vandervort and Davis',10004779,150,39,'2023-07-05','2023-07-10',64756597),(345,'O\'Reilly-Dare',10004780,99,92,'2023-09-15','2023-09-20',64756598),(346,'Lubowitz LLC',10004781,59,12,'2024-01-06','2024-01-11',64756599),(347,'Barrows-Quitzon',10004782,254,246,'2023-12-14','2023-12-19',64756600),(348,'Lynch Inc',10004783,112,18,'2023-09-19','2023-09-24',64756601),(349,'Glover-Orn',10004784,106,13,'2023-03-01','2023-03-06',64756602),(350,'Kovacek-Runolfsdottir',10004785,442,50,'2023-02-15','2023-02-20',64756603),(351,'Greenfelder-O\'Hara',10004786,266,162,'2023-09-02','2023-09-07',64756604),(352,'Williamson and Sons',10004787,310,283,'2024-01-07','2024-01-12',64756605),(353,'Cruickshank LLC',10004788,211,178,'2024-01-13','2024-01-18',64756606),(354,'Smitham and Sons',10004789,426,293,'2023-07-28','2023-08-02',64756607),(355,'Schulist, Weber and Howell',10004790,280,217,'2023-05-26','2023-05-31',64756608),(356,'O\'Conner Inc',10004791,367,63,'2024-01-16','2024-01-21',64756609),(357,'Runte, Pagac and Sporer',10004792,445,272,'2023-10-10','2023-10-15',64756610),(358,'Schoen-Lindgren',10004793,100,78,'2023-04-30','2023-05-05',64756611),(359,'Carter-Treutel',10004794,63,48,'2023-09-12','2023-09-17',64756612),(360,'Johns-Boehm',10004795,148,84,'2023-05-21','2023-05-26',64756613),(361,'Vandervort Group',10004796,274,168,'2023-09-04','2023-09-09',64756614),(362,'Moore, Haag and Wolf',10004797,179,53,'2023-05-15','2023-05-20',64756615),(363,'Rosenbaum-West',10004798,457,100,'2023-06-19','2023-06-24',64756616),(364,'Strosin-Rutherford',10004799,160,109,'2023-04-26','2023-05-01',64756617),(365,'Conn-Lehner',10004800,225,136,'2023-11-22','2023-11-27',64756618),(366,'DuBuque Inc',10004801,15,6,'2023-12-10','2023-12-15',64756619),(367,'Upton, Jaskolski and Zieme',10004802,197,60,'2023-08-26','2023-08-31',64756620),(368,'Conn, Nienow and Abbott',10004803,330,1,'2023-03-31','2023-04-05',64756621),(369,'Feil LLC',10004804,113,54,'2023-08-03','2023-08-08',64756622),(370,'Collins, Emard and Lowe',10004805,59,28,'2023-10-21','2023-10-26',64756623),(371,'Schmidt-Mann',10004806,241,214,'2023-12-10','2023-12-15',64756624),(372,'Wuckert Group',10004807,203,8,'2024-01-12','2024-01-17',64756625),(373,'Ryan-Gutmann',10004808,23,7,'2023-05-11','2023-05-16',64756626),(374,'Price, Nader and Larkin',10004809,258,56,'2023-09-21','2023-09-26',64756627),(375,'Mills, Jaskolski and Stamm',10004810,144,131,'2023-04-19','2023-04-24',64756628),(376,'Beahan Group',10004811,142,121,'2023-04-04','2023-04-09',64756629),(377,'Cruickshank Group',10004812,180,67,'2023-08-08','2023-08-13',64756630),(378,'Jones, Corwin and Berge',10004813,43,25,'2023-06-02','2023-06-07',64756631),(379,'Ferry Group',10004814,377,227,'2023-07-27','2023-08-01',64756632),(380,'Bahringer Group',10004815,147,77,'2023-02-26','2023-03-03',64756633),(381,'Konopelski, Kutch and Metz',10004816,429,118,'2023-03-31','2023-04-05',64756634),(382,'Olson-Spinka',10004817,339,258,'2023-07-03','2023-07-08',64756635),(383,'Schulist, Fay and Rau',10004818,236,160,'2023-07-30','2023-08-04',64756636),(384,'Skiles-Cruickshank',10004819,406,362,'2023-09-11','2023-09-16',64756637),(385,'Hoppe-O\'Hara',10004820,215,77,'2023-05-17','2023-05-22',64756638),(386,'Blanda Group',10004821,356,76,'2023-08-25','2023-08-30',64756639),(387,'Hills LLC',10004822,286,181,'2023-06-27','2023-07-02',64756640),(388,'Wolf-Bahringer',10004823,25,3,'2023-07-08','2023-07-13',64756641),(389,'Tromp-Gerhold',10004824,176,149,'2023-07-27','2023-08-01',64756642),(390,'Mills-Ferry',10004825,291,160,'2023-04-18','2023-04-23',64756643),(391,'Torphy, Bartoletti and Conroy',10004826,50,32,'2023-04-23','2023-04-28',64756644),(392,'Kessler-Bogisich',10004827,17,1,'2023-03-15','2023-03-20',64756645),(393,'Cassin-Tillman',10004828,92,32,'2024-01-30','2024-02-04',64756646),(394,'Oberbrunner, Bernier and Gerhold',10004829,40,24,'2024-01-27','2024-02-01',64756647),(395,'Vandervort, Schoen and Jast',10004830,52,29,'2023-02-18','2023-02-23',64756648),(396,'Sipes-Jaskolski',10004831,168,49,'2023-11-03','2023-11-08',64756649),(397,'Hauck-Strosin',10004832,417,94,'2023-11-17','2023-11-22',64756650),(398,'Willms and Sons',10004833,118,48,'2023-10-18','2023-10-23',64756651),(399,'Schmitt-Huels',10004834,387,156,'2023-12-23','2023-12-28',64756652),(400,'Schuppe, Lueilwitz and Weimann',10004835,378,194,'2023-12-29','2024-01-03',64756653),(401,'Watsica, Lockman and Ondricka',10004836,150,21,'2023-03-29','2023-04-03',64756654),(402,'Kessler, Feeney and Bashirian',10004837,192,64,'2023-11-08','2023-11-13',64756655),(403,'Orn-Swaniawski',10004838,115,110,'2024-01-14','2024-01-19',64756656),(404,'Cummings-Heathcote',10004839,271,45,'2023-03-17','2023-03-22',64756657),(405,'Gulgowski Group',10004840,221,188,'2023-08-06','2023-08-11',64756658),(406,'Collier Group',10004841,97,71,'2023-04-10','2023-04-15',64756659),(407,'Altenwerth-Russel',10004842,345,46,'2023-07-11','2023-07-16',64756660),(408,'Nitzsche, Parisian and O\'Connell',10004843,200,100,'2024-02-04','2024-02-09',64756661),(409,'Towne Inc',10004844,243,137,'2023-08-22','2023-08-27',64756662),(410,'Crooks-Torphy',10004845,170,20,'2023-09-23','2023-09-28',64756663),(411,'Marvin-Batz',10004846,129,112,'2023-03-06','2023-03-11',64756664),(412,'Bruen, Rutherford and Stanton',10004847,64,47,'2023-05-03','2023-05-08',64756665),(413,'Ankunding Group',10004848,361,0,'2023-04-22','2023-04-27',64756666),(414,'Donnelly Group',10004849,63,24,'2023-07-06','2023-07-11',64756667),(415,'Conn, Walker and Goodwin',10004850,137,58,'2024-01-15','2024-01-20',64756668),(416,'Littel LLC',10004851,271,206,'2023-03-08','2023-03-13',64756669),(417,'Walsh-MacGyver',10004852,336,9,'2023-12-19','2023-12-24',64756670),(418,'Stiedemann-Heller',10004853,431,81,'2023-03-11','2023-03-16',64756671),(419,'Beahan, Baumbach and Jacobi',10004854,492,449,'2023-05-08','2023-05-13',64756672),(420,'Weber-Kirlin',10004855,138,57,'2023-10-02','2023-10-07',64756673),(421,'Lueilwitz Inc',10004856,463,258,'2023-06-03','2023-06-08',64756674),(422,'Deckow LLC',10004857,455,9,'2023-11-19','2023-11-24',64756675),(423,'Stracke Inc',10004858,39,25,'2023-12-09','2023-12-14',64756676),(424,'Lynch-Adams',10004859,97,60,'2023-11-25','2023-11-30',64756677),(425,'Cummings, Schamberger and Murray',10004860,227,184,'2023-02-26','2023-03-03',64756678),(426,'Weimann-Sauer',10004861,158,93,'2023-10-08','2023-10-13',64756679),(427,'Bauch LLC',10004862,215,106,'2024-01-05','2024-01-10',64756680),(428,'Macejkovic LLC',10004863,134,118,'2023-03-03','2023-03-08',64756681),(429,'Brown-Monahan',10004864,170,81,'2023-10-21','2023-10-26',64756682),(430,'Williamson-O\'Reilly',10004865,279,184,'2024-01-16','2024-01-21',64756683),(431,'Kozey, Muller and Maggio',10004866,204,58,'2023-04-20','2023-04-25',64756684),(432,'Lynch and Sons',10004867,22,16,'2024-01-13','2024-01-18',64756685),(433,'Haley and Sons',10004868,463,353,'2023-06-24','2023-06-29',64756686),(434,'Strosin Inc',10004869,313,138,'2023-12-12','2023-12-17',64756687),(435,'McDermott, Runolfsdottir and Predovic',10004870,46,33,'2024-01-23','2024-01-28',64756688),(436,'Jacobi, Little and Witting',10004871,315,239,'2024-01-01','2024-01-06',64756689),(437,'Frami, Boyer and Douglas',10004872,185,48,'2023-12-01','2023-12-06',64756690),(438,'Emard Group',10004873,339,190,'2023-08-19','2023-08-24',64756691),(439,'Orn-Smith',10004874,360,181,'2023-08-01','2023-08-06',64756692),(440,'Stark and Sons',10004875,256,13,'2023-12-02','2023-12-07',64756693),(441,'Prosacco-McCullough',10004876,203,145,'2023-10-06','2023-10-11',64756694),(442,'Olson Inc',10004877,397,390,'2023-05-08','2023-05-13',64756695),(443,'Jast-Considine',10004878,385,42,'2023-10-19','2023-10-24',64756696),(444,'Kertzmann, Sporer and Collins',10004879,447,294,'2023-08-30','2023-09-04',64756697),(445,'Green-McLaughlin',10004880,165,124,'2023-11-19','2023-11-24',64756698),(446,'Lang LLC',10004881,228,80,'2023-05-26','2023-05-31',64756699),(447,'Towne-Gerlach',10004882,267,55,'2023-07-10','2023-07-15',64756700),(448,'Jenkins, Trantow and Stracke',10004883,55,18,'2023-03-12','2023-03-17',64756701),(449,'Homenick, McCullough and Langosh',10004884,264,5,'2023-08-17','2023-08-22',64756702),(450,'Bins-Corwin',10004885,135,79,'2023-05-19','2023-05-24',64756703),(451,'Swaniawski-Koch',10004886,401,349,'2023-05-27','2023-06-01',64756704),(452,'Haley and Sons',10004887,474,124,'2024-01-26','2024-01-31',64756705),(453,'Kris, Hessel and Kiehn',10004888,260,170,'2023-12-02','2023-12-07',64756706),(454,'Lindgren and Sons',10004889,270,22,'2023-12-16','2023-12-21',64756707),(455,'Frami-Turcotte',10004890,221,137,'2023-02-19','2023-02-24',64756708),(456,'Paucek, Grant and Rippin',10004891,448,316,'2023-02-26','2023-03-03',64756709),(457,'Schroeder-Haley',10004892,366,320,'2023-03-07','2023-03-12',64756710),(458,'Mueller LLC',10004893,73,17,'2023-03-11','2023-03-16',64756711),(459,'Kovacek LLC',10004894,239,9,'2023-09-17','2023-09-22',64756712),(460,'Rice Group',10004895,64,57,'2023-02-13','2023-02-18',64756713),(461,'Conroy-Schimmel',10004896,118,21,'2024-01-27','2024-02-01',64756714),(462,'Mayert, Ernser and Paucek',10004897,437,94,'2023-11-22','2023-11-27',64756715),(463,'Gislason-Runolfsdottir',10004898,367,315,'2023-10-20','2023-10-25',64756716),(464,'Stark, Rippin and Satterfield',10004899,275,60,'2023-09-12','2023-09-17',64756717),(465,'Rippin Group',10004900,225,81,'2023-07-20','2023-07-25',64756718),(466,'Kutch Group',10004901,333,6,'2024-01-07','2024-01-12',64756719),(467,'Dach Inc',10004902,353,177,'2023-03-21','2023-03-26',64756720),(468,'Goodwin-Becker',10004903,181,95,'2023-10-05','2023-10-10',64756721),(469,'Johns, Cormier and Jakubowski',10004904,38,10,'2024-01-13','2024-01-18',64756722),(470,'Spinka-Kutch',10004905,343,73,'2023-03-12','2023-03-17',64756723),(471,'VonRueden, Bartoletti and Bernhard',10004906,392,316,'2024-01-30','2024-02-04',64756724),(472,'Effertz, Metz and Denesik',10004907,467,55,'2023-11-23','2023-11-28',64756725),(473,'Dooley, Rodriguez and Wilderman',10004908,79,3,'2023-05-24','2023-05-29',64756726),(474,'Fay-Kessler',10004909,315,230,'2023-03-30','2023-04-04',64756727),(475,'Padberg Group',10004910,491,395,'2023-03-31','2023-04-05',64756728),(476,'Auer, Kuvalis and Dach',10004911,297,5,'2023-08-08','2023-08-13',64756729),(477,'Jakubowski-Quitzon',10004912,483,105,'2023-04-24','2023-04-29',64756730),(478,'Nicolas Inc',10004913,484,154,'2023-07-30','2023-08-04',64756731),(479,'Fritsch-Bauch',10004914,153,19,'2023-10-22','2023-10-27',64756732),(480,'Langosh, Kulas and McCullough',10004915,129,95,'2023-03-30','2023-04-04',64756733),(481,'Wolf-Strosin',10004916,457,168,'2023-06-03','2023-06-08',64756734),(482,'Brown and Sons',10004917,53,11,'2023-05-01','2023-05-06',64756735),(483,'Schultz Inc',10004918,164,47,'2023-11-27','2023-12-02',64756736),(484,'O\'Keefe, O\'Conner and Schneider',10004919,317,140,'2024-01-27','2024-02-01',64756737),(485,'Hilpert, Harris and Barrows',10004920,100,24,'2023-09-07','2023-09-12',64756738),(486,'Zulauf-Cassin',10004921,31,16,'2023-07-05','2023-07-10',64756739),(487,'Franecki, Kunze and Crona',10004922,123,30,'2023-04-11','2023-04-16',64756740),(488,'Raynor, Cormier and Cormier',10004923,307,62,'2024-01-23','2024-01-28',64756741),(489,'Gibson-Gutmann',10004924,487,172,'2023-03-22','2023-03-27',64756742),(490,'Zemlak Inc',10004925,443,360,'2023-12-15','2023-12-20',64756743),(491,'Hermann Group',10004926,408,81,'2023-08-27','2023-09-01',64756744),(492,'Rath, Turcotte and Leannon',10004927,323,313,'2024-02-10','2024-02-15',64756745),(493,'Mertz and Sons',10004928,229,159,'2023-06-13','2023-06-18',64756746),(494,'Heathcote-Spinka',10004929,175,115,'2023-03-07','2023-03-12',64756747),(495,'Von Inc',10004930,360,248,'2023-06-17','2023-06-22',64756748),(496,'Wehner-Gerlach',10004931,274,103,'2023-11-03','2023-11-08',64756749),(497,'Stehr Group',10004932,177,43,'2023-03-09','2023-03-14',64756750),(498,'Hoppe-Hintz',10004933,167,140,'2023-08-31','2023-09-05',64756751),(499,'Koelpin LLC',10004934,433,103,'2023-11-05','2023-11-10',64756752),(500,'Goyette, Thiel and Bernhard',10004935,34,10,'2024-01-06','2024-01-11',64756753),(501,'Wilkinson, Marquardt and O\'Hara',10004936,270,147,'2023-12-08','2023-12-13',64756754),(502,'Johns Inc',10004937,45,36,'2023-11-23','2023-11-28',64756755),(503,'Schneider LLC',10004938,236,140,'2023-05-10','2023-05-15',64756756),(504,'Pfeffer-Bahringer',10004939,276,201,'2023-02-11','2023-02-16',64756757),(505,'Walter-O\'Hara',10004940,235,60,'2023-10-10','2023-10-15',64756758),(506,'Leannon and Sons',10004941,160,57,'2024-01-02','2024-01-07',64756759),(507,'Kautzer-Cremin',10004942,306,154,'2023-09-13','2023-09-18',64756760),(508,'Cole Inc',10004943,83,34,'2023-09-21','2023-09-26',64756761),(509,'Grant, Cruickshank and Davis',10004944,111,11,'2023-12-28','2024-01-02',64756762),(510,'Heller Group',10004945,472,305,'2023-08-30','2023-09-04',64756763),(511,'Moen, Boyer and Gorczany',10004946,309,182,'2023-07-25','2023-07-30',64756764),(512,'Raynor Group',10004947,325,92,'2023-05-18','2023-05-23',64756765),(513,'Mayer, Kulas and Prohaska',10004948,59,12,'2023-05-26','2023-05-31',64756766),(514,'Koch, Tremblay and Predovic',10004949,481,371,'2023-10-19','2023-10-24',64756767),(515,'Reinger-Smith',10004950,362,33,'2023-11-04','2023-11-09',64756768),(516,'Hahn and Sons',10004951,305,223,'2023-11-18','2023-11-23',64756769),(517,'Greenholt-Gleason',10004952,68,12,'2023-04-20','2023-04-25',64756770),(518,'Bahringer, Macejkovic and Wolff',10004953,466,424,'2024-01-25','2024-01-30',64756771),(519,'Little-Dach',10004954,394,320,'2023-12-15','2023-12-20',64756772),(520,'Marvin Inc',10004955,362,201,'2023-11-16','2023-11-21',64756773),(521,'Graham and Sons',10004956,405,86,'2023-10-21','2023-10-26',64756774),(522,'McLaughlin-Homenick',10004957,188,38,'2023-06-05','2023-06-10',64756775),(523,'Bernier-Aufderhar',10004958,455,394,'2023-10-13','2023-10-18',64756776),(524,'Upton, O\'Hara and Heaney',10004959,229,141,'2023-12-16','2023-12-21',64756777),(525,'Haley-Wisoky',10004960,332,311,'2023-04-24','2023-04-29',64756778),(526,'Kuvalis Inc',10004961,43,5,'2023-03-04','2023-03-09',64756779),(527,'Bayer-Lowe',10004962,119,38,'2023-09-08','2023-09-13',64756780),(528,'Effertz, Davis and Lehner',10004963,171,34,'2023-08-07','2023-08-12',64756781),(529,'Osinski Inc',10004964,300,193,'2023-12-26','2023-12-31',64756782),(530,'Reichel and Sons',10004965,326,189,'2023-10-02','2023-10-07',64756783),(531,'Bruen Inc',10004966,176,114,'2023-11-19','2023-11-24',64756784),(532,'Runolfsdottir-Feeney',10004967,250,110,'2023-12-28','2024-01-02',64756785),(533,'Rolfson Inc',10004968,304,183,'2023-04-02','2023-04-07',64756786),(534,'Huels, Kuhic and Howe',10004969,399,163,'2023-11-02','2023-11-07',64756787),(535,'Windler-Ebert',10004970,165,72,'2023-03-10','2023-03-15',64756788),(536,'Tromp, Hilpert and Shanahan',10004971,420,126,'2024-02-08','2024-02-13',64756789),(537,'Romaguera Inc',10004972,383,279,'2023-10-07','2023-10-12',64756790),(538,'Aufderhar-Gutmann',10004973,302,21,'2023-08-20','2023-08-25',64756791),(539,'Lueilwitz-Lang',10004974,438,423,'2023-11-15','2023-11-20',64756792),(540,'Roberts-Jacobi',10004975,354,122,'2023-06-28','2023-07-03',64756793),(541,'Bode Inc',10004976,267,174,'2023-06-17','2023-06-22',64756794),(542,'Hickle-Conroy',10004977,498,286,'2024-01-07','2024-01-12',64756795),(543,'VonRueden, Prosacco and Schmitt',10004978,68,9,'2024-02-05','2024-02-10',64756796),(544,'Cormier-Prohaska',10004979,17,3,'2023-07-02','2023-07-07',64756797),(545,'Haley-Smith',10004980,367,331,'2023-09-16','2023-09-21',64756798),(546,'King-Beahan',10004981,351,52,'2023-04-28','2023-05-03',64756799),(547,'Kerluke-Langosh',10004982,91,20,'2023-06-12','2023-06-17',64756800),(548,'Hickle-Crona',10004983,383,20,'2023-06-13','2023-06-18',64756801),(549,'O\'Conner-Strosin',10004984,421,130,'2023-08-28','2023-09-02',64756802),(550,'Rau, McCullough and Gerlach',10004985,347,91,'2024-01-27','2024-02-01',64756803),(551,'Nader-Kerluke',10004986,341,303,'2023-10-02','2023-10-07',64756804),(552,'Baumbach Group',10004987,165,114,'2024-01-31','2024-02-05',64756805),(553,'Upton-Kessler',10004988,205,129,'2023-03-04','2023-03-09',64756806),(554,'Hyatt Inc',10004989,87,14,'2023-09-12','2023-09-17',64756807),(555,'Davis-Orn',10004990,403,5,'2023-11-13','2023-11-18',64756808),(556,'Keeling-Padberg',10004991,140,120,'2023-07-13','2023-07-18',64756809),(557,'Fisher Group',10004992,164,108,'2023-09-07','2023-09-12',64756810),(558,'Considine-Powlowski',10004993,88,39,'2023-06-27','2023-07-02',64756811),(559,'Will, DuBuque and Lubowitz',10004994,383,364,'2023-05-11','2023-05-16',64756812),(560,'Casper-Satterfield',10004995,222,153,'2023-10-05','2023-10-10',64756813),(561,'Ferry-Howell',10004996,459,197,'2023-06-16','2023-06-21',64756814),(562,'Beier Inc',10004997,461,58,'2024-02-07','2024-02-12',64756815),(563,'Schneider-Leuschke',10004998,381,226,'2023-07-25','2023-07-30',64756816),(564,'Swaniawski, Leuschke and Morissette',10004999,40,12,'2023-03-19','2023-03-24',64756817),(565,'Anderson, Oberbrunner and Stoltenberg',10005000,248,47,'2023-03-09','2023-03-14',64756818),(566,'Spencer-Tillman',10005001,141,82,'2023-09-07','2023-09-12',64756819),(567,'O\'Connell, Wiegand and Russel',10005002,491,74,'2023-03-19','2023-03-24',64756820),(568,'Kuphal-Graham',10005003,147,94,'2023-12-24','2023-12-29',64756821),(569,'Cummerata-Pouros',10005004,315,252,'2023-04-17','2023-04-22',64756822),(570,'Shanahan, Gusikowski and Hayes',10005005,175,66,'2023-12-20','2023-12-25',64756823),(571,'Murazik LLC',10005006,398,232,'2023-08-04','2023-08-09',64756824),(572,'Waters Group',10005007,244,67,'2023-05-17','2023-05-22',64756825),(573,'Kling-Schimmel',10005008,226,175,'2023-06-20','2023-06-25',64756826),(574,'Haag and Sons',10005009,413,292,'2023-05-30','2023-06-04',64756827),(575,'Carter-O\'Reilly',10005010,475,194,'2023-03-28','2023-04-02',64756828),(576,'West Inc',10005011,247,203,'2023-04-10','2023-04-15',64756829),(577,'Quitzon-Kerluke',10005012,62,54,'2023-11-24','2023-11-29',64756830),(578,'Jaskolski LLC',10005013,60,27,'2023-06-28','2023-07-03',64756831),(579,'Kessler, Bartoletti and Bogan',10005014,95,58,'2023-09-20','2023-09-25',64756832),(580,'Anderson, Connelly and Gorczany',10005015,495,491,'2023-09-03','2023-09-08',64756833),(581,'Stark and Sons',10005016,350,205,'2023-09-09','2023-09-14',64756834),(582,'Nikolaus, Rolfson and Runolfsdottir',10005017,133,130,'2023-09-04','2023-09-09',64756835),(583,'Hegmann and Sons',10005018,381,84,'2023-04-07','2023-04-12',64756836),(584,'Reinger Inc',10005019,191,103,'2023-10-08','2023-10-13',64756837),(585,'Deckow, Wiza and Rippin',10005020,468,351,'2023-09-09','2023-09-14',64756838),(586,'Feest-Wolf',10005021,295,164,'2023-02-28','2023-03-05',64756839),(587,'Zboncak, Mertz and Satterfield',10005022,381,358,'2023-06-04','2023-06-09',64756840),(588,'Gottlieb, Bergstrom and Huel',10005023,256,167,'2024-01-18','2024-01-23',64756841),(589,'Schinner, Collins and Lynch',10005024,150,3,'2023-08-01','2023-08-06',64756842),(590,'Gorczany, McKenzie and Beer',10005025,168,134,'2023-12-19','2023-12-24',64756843),(591,'Cassin-Lindgren',10005026,84,34,'2023-10-20','2023-10-25',64756844),(592,'Wunsch-Hessel',10005027,45,34,'2023-03-08','2023-03-13',64756845),(593,'Hammes, West and Kassulke',10005028,480,352,'2023-03-09','2023-03-14',64756846),(594,'Aufderhar-Beer',10005029,291,139,'2023-08-13','2023-08-18',64756847),(595,'Franecki, Feeney and Hickle',10005030,66,50,'2023-05-27','2023-06-01',64756848),(596,'Vandervort LLC',10005031,385,360,'2023-09-19','2023-09-24',64756849),(597,'Kunze and Sons',10005032,341,233,'2023-10-20','2023-10-25',64756850),(598,'Bernhard, Connelly and Wolf',10005033,336,191,'2024-01-11','2024-01-16',64756851),(599,'Nolan-DuBuque',10005034,339,318,'2023-05-28','2023-06-02',64756852),(600,'Yost LLC',10005035,240,222,'2023-08-26','2023-08-31',64756853),(601,'Ward-Waelchi',10005036,255,184,'2024-01-30','2024-02-04',64756854),(602,'Hackett and Sons',10005037,68,64,'2023-02-13','2023-02-18',64756855),(603,'Langworth, Luettgen and Wisozk',10005038,403,205,'2024-01-17','2024-01-22',64756856),(604,'Schmeler and Sons',10005039,228,81,'2023-07-11','2023-07-16',64756857),(605,'Mills and Sons',10005040,219,68,'2023-02-11','2023-02-16',64756858),(606,'Reichel, Mertz and Beahan',10005041,373,144,'2023-04-20','2023-04-25',64756859),(607,'Hegmann-Lind',10005042,500,293,'2023-07-16','2023-07-21',64756860),(608,'Muller, Wolff and Franecki',10005043,395,363,'2023-02-21','2023-02-26',64756861),(609,'Frami Group',10005044,265,254,'2023-07-21','2023-07-26',64756862),(610,'Walter-Hauck',10005045,400,306,'2023-10-11','2023-10-16',64756863),(611,'Steuber-Kiehn',10005046,39,2,'2023-06-23','2023-06-28',64756864),(612,'Ullrich Group',10005047,73,48,'2023-11-17','2023-11-22',64756865),(613,'Murphy-Monahan',10005048,405,163,'2023-07-07','2023-07-12',64756866),(614,'Renner-Reichert',10005049,471,203,'2023-05-09','2023-05-14',64756867),(615,'Kris-Runte',10005050,202,114,'2023-04-10','2023-04-15',64756868),(616,'Ledner, Torp and Powlowski',10005051,384,97,'2023-11-16','2023-11-21',64756869),(617,'Little-Collier',10005052,279,50,'2023-04-29','2023-05-04',64756870),(618,'Hammes-Hamill',10005053,354,226,'2023-09-26','2023-10-01',64756871),(619,'Pollich-Howe',10005054,344,90,'2023-12-14','2023-12-19',64756872),(620,'Gottlieb-Moen',10005055,154,78,'2024-01-31','2024-02-05',64756873),(621,'O\'Connell-Hackett',10005056,335,251,'2023-09-13','2023-09-18',64756874),(622,'Franecki and Sons',10005057,481,205,'2024-01-25','2024-01-30',64756875),(623,'Hackett-Murray',10005058,204,153,'2023-10-25','2023-10-30',64756876),(624,'Yundt-Bernier',10005059,85,73,'2023-03-07','2023-03-12',64756877),(625,'Langosh, Durgan and Nicolas',10005060,369,286,'2023-12-05','2023-12-10',64756878),(626,'Fay and Sons',10005061,238,197,'2024-01-06','2024-01-11',64756879),(627,'McClure-Champlin',10005062,271,86,'2023-12-29','2024-01-03',64756880),(628,'Hauck-Altenwerth',10005063,174,40,'2023-11-08','2023-11-13',64756881),(629,'Stark and Sons',10005064,97,56,'2023-10-09','2023-10-14',64756882),(630,'Hilpert-Waelchi',10005065,105,43,'2023-06-27','2023-07-02',64756883),(631,'Wuckert-Wisoky',10005066,322,278,'2023-11-23','2023-11-28',64756884),(632,'Weissnat LLC',10005067,52,38,'2023-07-18','2023-07-23',64756885),(633,'Stiedemann, Lehner and Lowe',10005068,331,223,'2023-04-01','2023-04-06',64756886),(634,'Buckridge, Mayer and Orn',10005069,390,28,'2023-07-29','2023-08-03',64756887),(635,'O\'Conner LLC',10005070,328,122,'2023-07-18','2023-07-23',64756888),(636,'Leffler, Hansen and Price',10005071,335,201,'2024-01-06','2024-01-11',64756889),(637,'Kunze and Sons',10005072,186,162,'2023-03-03','2023-03-08',64756890),(638,'Schroeder, Ritchie and Ferry',10005073,223,152,'2023-07-16','2023-07-21',64756891),(639,'Ondricka-Hirthe',10005074,236,147,'2023-12-10','2023-12-15',64756892),(640,'Kemmer and Sons',10005075,286,107,'2024-02-10','2024-02-15',64756893),(641,'Turcotte and Sons',10005076,443,253,'2024-01-30','2024-02-04',64756894),(642,'Fadel Group',10005077,497,228,'2024-02-04','2024-02-09',64756895),(643,'Gerlach, Dare and King',10005078,141,23,'2023-10-17','2023-10-22',64756896),(644,'Reinger, Bruen and Sporer',10005079,118,30,'2024-01-21','2024-01-26',64756897),(645,'Corwin, Runolfsdottir and Durgan',10005080,70,49,'2023-04-08','2023-04-13',64756898),(646,'Leffler Group',10005081,200,99,'2023-10-15','2023-10-20',64756899),(647,'Schmeler LLC',10005082,114,38,'2023-10-09','2023-10-14',64756900),(648,'Hauck-Block',10005083,55,49,'2023-08-19','2023-08-24',64756901),(649,'Runolfsdottir Inc',10005084,348,280,'2023-05-08','2023-05-13',64756902),(650,'Hirthe and Sons',10005085,187,59,'2023-05-21','2023-05-26',64756903),(651,'Gleichner-Wehner',10005086,114,84,'2023-08-20','2023-08-25',64756904),(652,'Jerde-Wisozk',10005087,57,11,'2023-02-11','2023-02-16',64756905),(653,'Heidenreich-Orn',10005088,62,20,'2023-10-24','2023-10-29',64756906),(654,'Stehr-Littel',10005089,40,26,'2024-01-07','2024-01-12',64756907),(655,'Walsh and Sons',10005090,475,74,'2023-10-21','2023-10-26',64756908),(656,'Bode and Sons',10005091,339,81,'2023-02-23','2023-02-28',64756909),(657,'Lubowitz, Swaniawski and Roob',10005092,46,40,'2023-04-28','2023-05-03',64756910),(658,'Tromp-Ankunding',10005093,88,39,'2023-12-01','2023-12-06',64756911),(659,'Bosco-Hills',10005094,227,156,'2023-03-09','2023-03-14',64756912),(660,'Lindgren, Aufderhar and Conn',10005095,22,3,'2024-01-11','2024-01-16',64756913),(661,'Padberg Inc',10005096,452,264,'2024-01-24','2024-01-29',64756914),(662,'McClure-Mohr',10005097,417,76,'2023-08-24','2023-08-29',64756915),(663,'Hahn, Kessler and Carroll',10005098,447,384,'2023-04-07','2023-04-12',64756916),(664,'Farrell and Sons',10005099,341,271,'2023-06-29','2023-07-04',64756917),(665,'Weimann-Will',10005100,235,156,'2024-01-19','2024-01-24',64756918),(666,'Nienow, Hahn and Kozey',10005101,452,242,'2023-04-17','2023-04-22',64756919),(667,'Aufderhar, Ankunding and Hills',10005102,62,33,'2023-03-09','2023-03-14',64756920),(668,'Renner, Dare and Pouros',10005103,146,57,'2023-08-27','2023-09-01',64756921),(669,'Balistreri-Monahan',10005104,192,90,'2023-08-29','2023-09-03',64756922),(670,'Lindgren-Anderson',10005105,110,106,'2023-08-09','2023-08-14',64756923),(671,'Reichert, Bauch and Kris',10005106,178,172,'2023-10-31','2023-11-05',64756924),(672,'Stroman Group',10005107,263,140,'2024-01-24','2024-01-29',64756925),(673,'Rempel, Blick and Marks',10005108,176,125,'2023-08-25','2023-08-30',64756926),(674,'Konopelski Inc',10005109,426,45,'2023-05-15','2023-05-20',64756927),(675,'Gleichner, Altenwerth and Borer',10005110,328,311,'2023-10-01','2023-10-06',64756928),(676,'Smitham-Pouros',10005111,32,29,'2024-01-20','2024-01-25',64756929),(677,'Jacobs and Sons',10005112,149,18,'2023-03-24','2023-03-29',64756930),(678,'Brown-Kuphal',10005113,410,215,'2023-09-09','2023-09-14',64756931),(679,'Friesen-Keebler',10005114,183,76,'2024-02-04','2024-02-09',64756932),(680,'Doyle, Walter and Kuphal',10005115,145,142,'2023-04-16','2023-04-21',64756933),(681,'Schiller, Bahringer and Kuphal',10005116,152,58,'2023-05-10','2023-05-15',64756934),(682,'Berge Inc',10005117,59,10,'2023-03-09','2023-03-14',64756935),(683,'Schimmel-Hettinger',10005118,39,28,'2023-11-26','2023-12-01',64756936),(684,'Kozey, Keeling and Bayer',10005119,378,44,'2023-04-14','2023-04-19',64756937),(685,'West, MacGyver and Tillman',10005120,246,70,'2023-03-29','2023-04-03',64756938),(686,'Schultz, Corwin and Emard',10005121,162,112,'2023-05-22','2023-05-27',64756939),(687,'Schneider Inc',10005122,259,69,'2023-05-26','2023-05-31',64756940),(688,'Nolan-Hartmann',10005123,353,300,'2023-04-14','2023-04-19',64756941),(689,'Larkin, Dooley and Trantow',10005124,469,272,'2024-01-29','2024-02-03',64756942),(690,'Mosciski Group',10005125,66,7,'2023-10-23','2023-10-28',64756943),(691,'Ullrich-Heidenreich',10005126,459,387,'2023-05-06','2023-05-11',64756944),(692,'Sanford Inc',10005127,444,204,'2023-09-23','2023-09-28',64756945),(693,'Botsford, Carter and Gleichner',10005128,288,100,'2023-08-26','2023-08-31',64756946),(694,'Stamm, Rogahn and Brekke',10005129,152,98,'2023-05-14','2023-05-19',64756947),(695,'West-O\'Reilly',10005130,257,152,'2023-10-07','2023-10-12',64756948),(696,'Reinger Group',10005131,488,232,'2023-07-09','2023-07-14',64756949),(697,'Wolff-Ferry',10005132,402,207,'2023-05-13','2023-05-18',64756950),(698,'Cronin, Kub and Huel',10005133,60,6,'2023-08-06','2023-08-11',64756951),(699,'Kertzmann, Rogahn and Howe',10005134,89,74,'2023-09-03','2023-09-08',64756952),(700,'Funk, Gerhold and Tremblay',10005135,243,206,'2023-02-25','2023-03-02',64756953),(701,'Sporer, Heidenreich and Reilly',10005136,279,70,'2023-05-18','2023-05-23',64756954),(702,'Hudson LLC',10005137,121,12,'2024-02-09','2024-02-14',64756955),(703,'Rice-Nitzsche',10005138,79,71,'2023-03-06','2023-03-11',64756956),(704,'Kozey-Mann',10005139,17,1,'2023-06-17','2023-06-22',64756957),(705,'Bogisich Inc',10005140,260,171,'2023-11-30','2023-12-05',64756958),(706,'Quigley-Oberbrunner',10005141,82,21,'2023-09-01','2023-09-06',64756959),(707,'Langosh-Pfannerstill',10005142,276,158,'2023-05-05','2023-05-10',64756960),(708,'Schaefer, Aufderhar and Kemmer',10005143,95,70,'2023-06-01','2023-06-06',64756961),(709,'Huels, Marquardt and Kuphal',10005144,24,11,'2023-12-25','2023-12-30',64756962),(710,'Lowe-Harvey',10005145,37,12,'2023-07-20','2023-07-25',64756963),(711,'Smith Inc',10005146,275,134,'2023-06-08','2023-06-13',64756964),(712,'Cronin and Sons',10005147,445,442,'2023-03-20','2023-03-25',64756965),(713,'Grant and Sons',10005148,416,143,'2023-04-01','2023-04-06',64756966),(714,'Vandervort-Schuster',10005149,360,97,'2023-12-23','2023-12-28',64756967),(715,'McClure, Paucek and Hegmann',10005150,484,101,'2023-03-05','2023-03-10',64756968),(716,'Lueilwitz, Dicki and Boyle',10005151,273,24,'2023-06-01','2023-06-06',64756969),(717,'Welch-Emmerich',10005152,476,216,'2023-11-26','2023-12-01',64756970),(718,'Murazik Inc',10005153,90,43,'2023-03-17','2023-03-22',64756971),(719,'Cronin, Lockman and Schumm',10005154,154,110,'2023-12-20','2023-12-25',64756972),(720,'Gleason, Schaden and Williamson',10005155,217,147,'2023-02-24','2023-03-01',64756973),(721,'McGlynn-O\'Conner',10005156,287,14,'2023-03-05','2023-03-10',64756974),(722,'Schmitt, Funk and Green',10005157,354,187,'2023-04-15','2023-04-20',64756975),(723,'Champlin, Tillman and Gutkowski',10005158,488,231,'2023-07-26','2023-07-31',64756976),(724,'Pollich Inc',10005159,427,375,'2023-07-14','2023-07-19',64756977),(725,'Bosco Group',10005160,249,91,'2023-03-27','2023-04-01',64756978),(726,'Stoltenberg Inc',10005161,476,246,'2023-11-08','2023-11-13',64756979),(727,'Dach, Abbott and Macejkovic',10005162,361,197,'2023-09-09','2023-09-14',64756980),(728,'Towne Group',10005163,216,105,'2023-12-24','2023-12-29',64756981),(729,'Hilpert Group',10005164,303,187,'2023-11-11','2023-11-16',64756982),(730,'Kuphal and Sons',10005165,350,0,'2023-10-18','2023-10-23',64756983),(731,'Langosh Group',10005166,435,3,'2023-03-08','2023-03-13',64756984),(732,'Bauch LLC',10005167,60,23,'2024-01-16','2024-01-21',64756985),(733,'Torp Inc',10005168,374,345,'2023-09-20','2023-09-25',64756986),(734,'Fisher, Friesen and Pagac',10005169,401,196,'2023-05-27','2023-06-01',64756987),(735,'VonRueden and Sons',10005170,51,26,'2023-04-16','2023-04-21',64756988),(736,'Roberts, Mayer and Okuneva',10005171,130,72,'2023-02-25','2023-03-02',64756989),(737,'Hayes, Ledner and Morissette',10005172,206,80,'2023-07-05','2023-07-10',64756990),(738,'Hirthe Group',10005173,298,147,'2023-08-05','2023-08-10',64756991),(739,'Borer, Crooks and Ernser',10005174,79,14,'2023-07-06','2023-07-11',64756992),(740,'Price-Heller',10005175,19,4,'2023-07-08','2023-07-13',64756993),(741,'Champlin and Sons',10005176,454,56,'2023-07-16','2023-07-21',64756994),(742,'Abernathy-Bradtke',10005177,197,86,'2023-04-13','2023-04-18',64756995),(743,'Romaguera-Thompson',10005178,376,138,'2023-07-04','2023-07-09',64756996),(744,'Veum-Runolfsson',10005179,284,123,'2023-11-26','2023-12-01',64756997),(745,'Gutkowski, Wolf and Schmeler',10005180,429,287,'2023-11-14','2023-11-19',64756998),(746,'Adams, Fadel and Kris',10005181,190,159,'2023-10-01','2023-10-06',64756999),(747,'Konopelski-O\'Keefe',10005182,389,232,'2023-07-28','2023-08-02',64757000),(748,'Pfeffer, Rice and McCullough',10005183,417,160,'2023-07-05','2023-07-10',64757001),(749,'Goldner Inc',10005184,370,276,'2023-12-04','2023-12-09',64757002),(750,'Leuschke, Stokes and Erdman',10005185,241,137,'2023-04-13','2023-04-18',64757003),(751,'Gerlach Group',10005186,492,173,'2023-03-02','2023-03-07',64757004),(752,'Sipes and Sons',10005187,446,413,'2023-05-17','2023-05-22',64757005),(753,'Maggio-Howell',10005188,36,24,'2023-12-30','2024-01-04',64757006),(754,'Brekke and Sons',10005189,173,163,'2023-10-28','2023-11-02',64757007),(755,'Jones, Denesik and Huels',10005190,288,146,'2023-06-27','2023-07-02',64757008),(756,'West and Sons',10005191,50,35,'2024-02-05','2024-02-10',64757009),(757,'Kessler and Sons',10005192,220,166,'2023-04-30','2023-05-05',64757010),(758,'Brakus-Upton',10005193,120,71,'2023-05-16','2023-05-21',64757011),(759,'Friesen Inc',10005194,221,104,'2023-06-12','2023-06-17',64757012),(760,'Schaefer, Corwin and Harber',10005195,347,215,'2023-07-30','2023-08-04',64757013),(761,'Kreiger-Dare',10005196,136,66,'2023-04-11','2023-04-16',64757014),(762,'Hettinger-Kuhic',10005197,118,27,'2023-09-05','2023-09-10',64757015),(763,'Jacobi Inc',10005198,380,169,'2023-02-24','2023-03-01',64757016),(764,'Ferry, Wyman and Grant',10005199,91,76,'2024-01-31','2024-02-05',64757017),(765,'Fisher and Sons',10005200,254,67,'2023-12-01','2023-12-06',64757018),(766,'Stokes-Hermann',10005201,164,52,'2023-06-10','2023-06-15',64757019),(767,'Gutmann Group',10005202,483,311,'2024-01-12','2024-01-17',64757020),(768,'Dickinson-Durgan',10005203,268,186,'2023-09-17','2023-09-22',64757021),(769,'Wolf Group',10005204,481,330,'2023-09-27','2023-10-02',64757022),(770,'Fahey, Littel and Goldner',10005205,304,193,'2023-02-25','2023-03-02',64757023),(771,'Moore, Leannon and Ruecker',10005206,440,22,'2023-10-25','2023-10-30',64757024),(772,'Kessler LLC',10005207,238,219,'2023-11-26','2023-12-01',64757025),(773,'Lesch LLC',10005208,350,260,'2023-03-29','2023-04-03',64757026),(774,'Kohler, Nolan and Fritsch',10005209,230,18,'2024-01-01','2024-01-06',64757027),(775,'Braun Inc',10005210,312,283,'2024-01-30','2024-02-04',64757028),(776,'Leuschke, Schroeder and Cummings',10005211,416,59,'2023-04-12','2023-04-17',64757029),(777,'Shields Group',10005212,28,7,'2023-06-12','2023-06-17',64757030),(778,'King-Steuber',10005213,294,263,'2023-04-13','2023-04-18',64757031),(779,'Kuvalis, Kling and Jast',10005214,386,205,'2023-12-25','2023-12-30',64757032),(780,'Gulgowski, Lubowitz and Berge',10005215,93,67,'2023-12-08','2023-12-13',64757033),(781,'Larkin Inc',10005216,475,311,'2023-04-25','2023-04-30',64757034),(782,'O\'Hara-Hamill',10005217,389,329,'2023-02-26','2023-03-03',64757035),(783,'Keebler Group',10005218,428,405,'2023-05-13','2023-05-18',64757036),(784,'Stanton and Sons',10005219,427,161,'2023-04-22','2023-04-27',64757037),(785,'Beier LLC',10005220,202,15,'2023-04-21','2023-04-26',64757038),(786,'Zieme, Durgan and Mraz',10005221,274,245,'2023-09-22','2023-09-27',64757039),(787,'Cruickshank, Wilderman and Sporer',10005222,407,327,'2023-06-26','2023-07-01',64757040),(788,'Schowalter, Crooks and Heidenreich',10005223,144,56,'2023-03-15','2023-03-20',64757041),(789,'Hoeger, Lehner and Morissette',10005224,167,8,'2023-07-22','2023-07-27',64757042),(790,'Denesik, Huels and Moen',10005225,362,272,'2024-02-04','2024-02-09',64757043),(791,'Bogisich LLC',10005226,329,55,'2023-03-26','2023-03-31',64757044),(792,'Barton-Hane',10005227,328,187,'2023-05-23','2023-05-28',64757045),(793,'Heaney-Rempel',10005228,313,148,'2024-01-10','2024-01-15',64757046),(794,'Jakubowski, Runolfsson and Kuhlman',10005229,353,149,'2023-12-10','2023-12-15',64757047),(795,'Luettgen Inc',10005230,425,421,'2023-10-01','2023-10-06',64757048),(796,'Hyatt, Cummings and Cassin',10005231,201,162,'2023-12-08','2023-12-13',64757049),(797,'Morissette, Sporer and Mitchell',10005232,317,78,'2023-08-28','2023-09-02',64757050),(798,'Kihn Inc',10005233,289,73,'2024-01-12','2024-01-17',64757051),(799,'Lind, Herman and Johnston',10005234,284,133,'2023-07-17','2023-07-22',64757052),(800,'Brakus-Schiller',10005235,218,169,'2023-03-26','2023-03-31',64757053),(801,'Wisozk-Mueller',10005236,215,212,'2023-09-25','2023-09-30',64757054),(802,'Sanford, Bahringer and Johns',10005237,265,167,'2023-09-11','2023-09-16',64757055),(803,'Walker, Reichel and Kilback',10005238,418,402,'2023-04-24','2023-04-29',64757056),(804,'Monahan-Willms',10005239,478,318,'2023-05-01','2023-05-06',64757057),(805,'O\'Hara, Little and Koepp',10005240,233,223,'2023-05-28','2023-06-02',64757058),(806,'Crooks, Howell and Effertz',10005241,244,105,'2023-12-02','2023-12-07',64757059),(807,'Feil-Koss',10005242,371,21,'2023-12-29','2024-01-03',64757060),(808,'Ziemann-Welch',10005243,272,93,'2023-03-23','2023-03-28',64757061),(809,'Jacobson, Bernhard and West',10005244,449,301,'2023-07-01','2023-07-06',64757062),(810,'Braun-Cole',10005245,294,241,'2024-02-08','2024-02-13',64757063),(811,'Renner LLC',10005246,35,29,'2023-05-18','2023-05-23',64757064),(812,'Jerde-Bosco',10005247,18,5,'2023-06-05','2023-06-10',64757065),(813,'Baumbach Group',10005248,326,53,'2023-02-23','2023-02-28',64757066),(814,'Haley-Yost',10005249,364,195,'2024-01-18','2024-01-23',64757067),(815,'Lesch, Carter and Runte',10005250,106,28,'2023-12-30','2024-01-04',64757068),(816,'Hahn Group',10005251,319,295,'2023-08-02','2023-08-07',64757069),(817,'Muller and Sons',10005252,101,83,'2023-02-11','2023-02-16',64757070),(818,'Collier, Labadie and Kutch',10005253,443,371,'2024-01-21','2024-01-26',64757071),(819,'Rosenbaum-Walsh',10005254,342,141,'2023-08-21','2023-08-26',64757072),(820,'Stracke Inc',10005255,216,63,'2024-01-01','2024-01-06',64757073),(821,'Schoen Group',10005256,154,125,'2023-09-24','2023-09-29',64757074),(822,'Howe-Collins',10005257,268,111,'2023-06-29','2023-07-04',64757075),(823,'Hettinger LLC',10005258,479,8,'2023-06-28','2023-07-03',64757076),(824,'Crooks, Weber and Pagac',10005259,134,57,'2023-06-29','2023-07-04',64757077),(825,'Deckow-Fisher',10005260,351,250,'2023-10-10','2023-10-15',64757078),(826,'Yundt-Schinner',10005261,332,88,'2023-03-29','2023-04-03',64757079),(827,'Kuhic, Torphy and Wisozk',10005262,309,35,'2023-04-02','2023-04-07',64757080),(828,'Rempel LLC',10005263,88,62,'2023-09-25','2023-09-30',64757081),(829,'Watsica-Kozey',10005264,369,8,'2023-10-13','2023-10-18',64757082),(830,'Koch-Schaefer',10005265,144,70,'2023-11-11','2023-11-16',64757083),(831,'Romaguera Inc',10005266,326,99,'2023-04-20','2023-04-25',64757084),(832,'Lockman-Quitzon',10005267,98,91,'2023-06-02','2023-06-07',64757085),(833,'Kuhn-Miller',10005268,167,102,'2023-07-12','2023-07-17',64757086),(834,'Turner-Fadel',10005269,46,38,'2023-06-25','2023-06-30',64757087),(835,'Heathcote and Sons',10005270,280,97,'2024-01-30','2024-02-04',64757088),(836,'Buckridge, Sanford and Thompson',10005271,31,4,'2023-03-29','2023-04-03',64757089),(837,'Smitham and Sons',10005272,165,49,'2024-01-23','2024-01-28',64757090),(838,'Connelly, Schowalter and Abshire',10005273,483,142,'2023-11-07','2023-11-12',64757091),(839,'Thiel Group',10005274,303,269,'2023-08-09','2023-08-14',64757092),(840,'West LLC',10005275,26,18,'2023-03-11','2023-03-16',64757093),(841,'Schuppe-Carter',10005276,55,45,'2023-07-07','2023-07-12',64757094),(842,'Harvey LLC',10005277,283,81,'2023-03-02','2023-03-07',64757095),(843,'Blanda, Flatley and Carter',10005278,282,118,'2023-03-31','2023-04-05',64757096),(844,'Thompson-Bartoletti',10005279,437,280,'2023-09-12','2023-09-17',64757097),(845,'Sawayn-Schiller',10005280,47,35,'2023-06-01','2023-06-06',64757098),(846,'Walsh LLC',10005281,498,466,'2023-06-17','2023-06-22',64757099),(847,'Collins, Friesen and Langworth',10005282,115,95,'2023-11-12','2023-11-17',64757100),(848,'Mitchell-Jones',10005283,149,82,'2023-06-07','2023-06-12',64757101),(849,'Upton-MacGyver',10005284,445,407,'2024-01-13','2024-01-18',64757102),(850,'Schumm, Gulgowski and Wehner',10005285,193,3,'2023-09-24','2023-09-29',64757103),(851,'Abernathy, Bosco and Kessler',10005286,353,3,'2023-11-26','2023-12-01',64757104),(852,'Rogahn-Rowe',10005287,458,11,'2023-02-14','2023-02-19',64757105),(853,'Jaskolski, Collins and Lehner',10005288,129,3,'2023-11-05','2023-11-10',64757106),(854,'Shanahan, Senger and Grimes',10005289,232,129,'2023-06-05','2023-06-10',64757107),(855,'Kutch-Friesen',10005290,351,122,'2023-12-08','2023-12-13',64757108),(856,'Weissnat-Streich',10005291,145,34,'2023-11-28','2023-12-03',64757109),(857,'Haley, Hermann and DuBuque',10005292,76,44,'2024-01-28','2024-02-02',64757110),(858,'Reilly LLC',10005293,322,30,'2023-04-12','2023-04-17',64757111),(859,'Jacobson-Shanahan',10005294,307,174,'2023-10-21','2023-10-26',64757112),(860,'Waters, Tremblay and Jones',10005295,335,175,'2023-12-13','2023-12-18',64757113),(861,'Wiegand-Ward',10005296,314,205,'2023-03-21','2023-03-26',64757114),(862,'Greenfelder-Rodriguez',10005297,94,90,'2023-07-15','2023-07-20',64757115),(863,'Lubowitz, Barton and Gibson',10005298,381,18,'2023-11-13','2023-11-18',64757116),(864,'Beatty-Gorczany',10005299,245,154,'2023-11-03','2023-11-08',64757117),(865,'Willms, Denesik and Bogisich',10005300,185,153,'2023-11-20','2023-11-25',64757118),(866,'Wisozk, Mitchell and Nienow',10005301,113,92,'2023-06-28','2023-07-03',64757119),(867,'Turcotte, Strosin and Robel',10005302,105,84,'2023-10-17','2023-10-22',64757120),(868,'Spinka, Parker and Beer',10005303,306,2,'2023-07-28','2023-08-02',64757121),(869,'Moore-Crona',10005304,23,1,'2023-03-16','2023-03-21',64757122),(870,'Satterfield-Champlin',10005305,150,143,'2023-06-02','2023-06-07',64757123),(871,'Davis, Prosacco and Dare',10005306,46,28,'2023-12-26','2023-12-31',64757124),(872,'Rogahn Group',10005307,180,1,'2024-01-01','2024-01-06',64757125),(873,'Metz and Sons',10005308,328,195,'2023-04-08','2023-04-13',64757126),(874,'Kshlerin, Purdy and Ledner',10005309,50,2,'2023-12-05','2023-12-10',64757127),(875,'Rowe Group',10005310,488,351,'2024-02-07','2024-02-12',64757128),(876,'Heller-Bahringer',10005311,433,334,'2023-08-04','2023-08-09',64757129),(877,'Funk, O\'Keefe and Olson',10005312,413,2,'2023-08-06','2023-08-11',64757130),(878,'Beier-Grant',10005313,396,260,'2023-10-26','2023-10-31',64757131),(879,'Vandervort Inc',10005314,337,39,'2024-01-16','2024-01-21',64757132),(880,'Bradtke and Sons',10005315,284,65,'2023-03-13','2023-03-18',64757133),(881,'Ratke Inc',10005316,196,191,'2023-03-09','2023-03-14',64757134),(882,'Aufderhar-Strosin',10005317,279,255,'2023-03-06','2023-03-11',64757135),(883,'Schimmel, Raynor and Parisian',10005318,132,64,'2023-11-04','2023-11-09',64757136),(884,'Lueilwitz-Morissette',10005319,368,106,'2023-05-25','2023-05-30',64757137),(885,'Rosenbaum-Kohler',10005320,331,291,'2023-07-18','2023-07-23',64757138),(886,'Quitzon-Vandervort',10005321,108,72,'2023-03-07','2023-03-12',64757139),(887,'Hickle-Jacobs',10005322,437,326,'2023-08-11','2023-08-16',64757140),(888,'Mitchell LLC',10005323,173,51,'2023-11-08','2023-11-13',64757141),(889,'Hansen and Sons',10005324,456,14,'2023-07-28','2023-08-02',64757142),(890,'Tromp, O\'Keefe and Reinger',10005325,453,259,'2023-06-27','2023-07-02',64757143),(891,'Torphy Group',10005326,159,62,'2023-03-12','2023-03-17',64757144),(892,'Ratke, Kris and Fisher',10005327,197,176,'2023-05-23','2023-05-28',64757145),(893,'Batz and Sons',10005328,394,209,'2023-03-15','2023-03-20',64757146),(894,'Herman-Graham',10005329,307,211,'2024-01-07','2024-01-12',64757147),(895,'Murray-Luettgen',10005330,199,164,'2023-11-13','2023-11-18',64757148),(896,'Johns-Kerluke',10005331,164,56,'2023-04-21','2023-04-26',64757149),(897,'Toy and Sons',10005332,181,94,'2023-06-28','2023-07-03',64757150),(898,'Erdman-Senger',10005333,52,4,'2024-01-03','2024-01-08',64757151),(899,'Rutherford-Zboncak',10005334,419,154,'2023-08-02','2023-08-07',64757152),(900,'Jenkins-Reynolds',10005335,252,86,'2023-12-07','2023-12-12',64757153),(901,'Kirlin, Wilkinson and Mosciski',10005336,459,79,'2023-10-26','2023-10-31',64757154),(902,'Ortiz, Predovic and Murphy',10005337,429,268,'2023-04-03','2023-04-08',64757155),(903,'Hahn, Wehner and Goodwin',10005338,368,277,'2023-10-13','2023-10-18',64757156),(904,'Beier, Paucek and Kris',10005339,313,160,'2023-11-03','2023-11-08',64757157),(905,'Johns-Schinner',10005340,174,132,'2023-03-03','2023-03-08',64757158),(906,'Grant-Tillman',10005341,425,113,'2023-02-19','2023-02-24',64757159),(907,'O\'Connell, Aufderhar and Kshlerin',10005342,122,34,'2023-12-23','2023-12-28',64757160),(908,'Schamberger and Sons',10005343,422,385,'2023-07-08','2023-07-13',64757161),(909,'Cartwright, Beer and Kuvalis',10005344,108,46,'2023-06-06','2023-06-11',64757162),(910,'Cassin, Lueilwitz and Abernathy',10005345,54,31,'2023-05-20','2023-05-25',64757163),(911,'Kuhlman LLC',10005346,222,154,'2023-09-26','2023-10-01',64757164),(912,'Murray, West and Parker',10005347,205,26,'2023-06-14','2023-06-19',64757165),(913,'Kerluke-Anderson',10005348,392,36,'2023-09-09','2023-09-14',64757166),(914,'Dibbert, Olson and O\'Conner',10005349,492,397,'2023-11-11','2023-11-16',64757167),(915,'Hoppe-Hane',10005350,89,10,'2023-05-07','2023-05-12',64757168),(916,'Boehm-D\'Amore',10005351,167,102,'2024-01-13','2024-01-18',64757169),(917,'Ledner-Huel',10005352,487,69,'2024-01-13','2024-01-18',64757170),(918,'Jast Inc',10005353,71,26,'2023-04-03','2023-04-08',64757171),(919,'Gislason-Cruickshank',10005354,457,362,'2023-04-30','2023-05-05',64757172),(920,'Runolfsdottir and Sons',10005355,174,41,'2024-01-23','2024-01-28',64757173),(921,'Metz-Yundt',10005356,39,6,'2023-12-10','2023-12-15',64757174),(922,'Muller-Greenfelder',10005357,82,74,'2023-03-24','2023-03-29',64757175),(923,'Barrows-Mohr',10005358,181,144,'2024-01-23','2024-01-28',64757176),(924,'Langworth, Feil and Carter',10005359,153,47,'2023-03-09','2023-03-14',64757177),(925,'Keeling-Harvey',10005360,385,156,'2023-12-20','2023-12-25',64757178),(926,'Lemke, Stroman and Wilkinson',10005361,134,63,'2023-08-21','2023-08-26',64757179),(927,'Bahringer Inc',10005362,460,27,'2023-04-21','2023-04-26',64757180),(928,'Boyer and Sons',10005363,144,114,'2023-03-15','2023-03-20',64757181),(929,'Kemmer Group',10005364,333,165,'2023-12-06','2023-12-11',64757182),(930,'Nolan, Bogisich and Treutel',10005365,341,321,'2023-03-22','2023-03-27',64757183),(931,'Watsica-Gleichner',10005366,38,4,'2023-11-08','2023-11-13',64757184),(932,'Bartell-Spinka',10005367,293,131,'2024-01-18','2024-01-23',64757185),(933,'Morar and Sons',10005368,303,284,'2023-07-22','2023-07-27',64757186),(934,'Emard, Legros and Schmitt',10005369,36,11,'2023-07-27','2023-08-01',64757187),(935,'Legros, Willms and Romaguera',10005370,279,250,'2023-05-21','2023-05-26',64757188),(936,'Von Inc',10005371,155,116,'2023-04-17','2023-04-22',64757189),(937,'Rowe, Lowe and Kohler',10005372,99,63,'2023-06-07','2023-06-12',64757190),(938,'Murphy, Reichert and Hartmann',10005373,176,103,'2023-04-18','2023-04-23',64757191),(939,'Hane-Collins',10005374,121,100,'2023-04-29','2023-05-04',64757192),(940,'Prohaska Group',10005375,405,163,'2023-12-09','2023-12-14',64757193),(941,'Marquardt, Kunze and Lemke',10005376,301,224,'2023-06-30','2023-07-05',64757194),(942,'Maggio-Carroll',10005377,296,162,'2023-03-22','2023-03-27',64757195),(943,'Hane-Connelly',10005378,201,177,'2023-05-21','2023-05-26',64757196),(944,'Reichel-Kihn',10005379,58,40,'2023-06-11','2023-06-16',64757197),(945,'Ferry, Skiles and Upton',10005380,142,34,'2023-10-15','2023-10-20',64757198),(946,'Nitzsche Group',10005381,255,61,'2023-08-09','2023-08-14',64757199),(947,'Olson, Kertzmann and Hills',10005382,280,27,'2023-03-26','2023-03-31',64757200),(948,'Schumm-Schultz',10005383,314,154,'2023-05-01','2023-05-06',64757201),(949,'Bernhard, Grant and Abbott',10005384,390,289,'2023-04-05','2023-04-10',64757202),(950,'Schmeler-Funk',10005385,477,426,'2023-09-27','2023-10-02',64757203),(951,'Metz, Rogahn and Moore',10005386,266,263,'2023-09-30','2023-10-05',64757204),(952,'Murray and Sons',10005387,273,179,'2023-08-07','2023-08-12',64757205),(953,'Cassin-Mills',10005388,496,338,'2023-08-29','2023-09-03',64757206),(954,'Greenholt, Watsica and Graham',10005389,425,10,'2023-12-20','2023-12-25',64757207),(955,'O\'Hara Group',10005390,395,131,'2023-09-11','2023-09-16',64757208),(956,'Hane-Lind',10005391,456,189,'2023-02-25','2023-03-02',64757209),(957,'Koepp Group',10005392,271,167,'2023-08-01','2023-08-06',64757210),(958,'Murray, Carroll and Rodriguez',10005393,390,64,'2024-01-29','2024-02-03',64757211),(959,'Rodriguez, Wyman and O\'Connell',10005394,328,81,'2023-12-30','2024-01-04',64757212),(960,'Botsford and Sons',10005395,157,53,'2023-08-17','2023-08-22',64757213),(961,'Rohan Inc',10005396,245,11,'2023-05-21','2023-05-26',64757214),(962,'Flatley-Herzog',10005397,496,184,'2023-09-18','2023-09-23',64757215),(963,'Schimmel-Robel',10005398,109,33,'2023-06-07','2023-06-12',64757216),(964,'Cummings-Batz',10005399,314,177,'2023-09-22','2023-09-27',64757217),(965,'Deckow-Hackett',10005400,162,148,'2023-06-13','2023-06-18',64757218),(966,'Nitzsche, Hilll and Crona',10005401,282,247,'2023-11-24','2023-11-29',64757219),(967,'Hauck-Reichert',10005402,197,10,'2024-02-09','2024-02-14',64757220),(968,'Erdman, Rippin and McClure',10005403,109,91,'2023-10-05','2023-10-10',64757221),(969,'Erdman and Sons',10005404,142,38,'2023-10-23','2023-10-28',64757222),(970,'Hartmann, Smith and Ferry',10005405,397,213,'2024-02-06','2024-02-11',64757223),(971,'Schaden Inc',10005406,118,33,'2023-05-16','2023-05-21',64757224),(972,'Cronin, Pfeffer and Morar',10005407,234,151,'2024-01-07','2024-01-12',64757225),(973,'Douglas, Torp and Ruecker',10005408,403,238,'2023-08-13','2023-08-18',64757226),(974,'D\'Amore, Collier and Denesik',10005409,116,17,'2023-11-17','2023-11-22',64757227),(975,'Monahan and Sons',10005410,431,203,'2023-11-10','2023-11-15',64757228),(976,'Boyle-Olson',10005411,367,160,'2023-05-05','2023-05-10',64757229),(977,'Quigley-Jones',10005412,421,195,'2023-10-15','2023-10-20',64757230),(978,'Witting, Towne and Mueller',10005413,64,39,'2024-01-13','2024-01-18',64757231),(979,'Dibbert Group',10005414,51,33,'2023-08-11','2023-08-16',64757232),(980,'Hettinger Inc',10005415,157,36,'2023-09-25','2023-09-30',64757233),(981,'Lubowitz and Sons',10005416,340,158,'2023-04-16','2023-04-21',64757234),(982,'Bins Inc',10005417,171,49,'2023-12-31','2024-01-05',64757235),(983,'Mraz Inc',10005418,107,73,'2023-07-02','2023-07-07',64757236),(984,'Langworth, Wiegand and Beier',10005419,485,269,'2023-12-18','2023-12-23',64757237),(985,'Rogahn LLC',10005420,294,119,'2023-08-25','2023-08-30',64757238),(986,'Ryan LLC',10005421,460,8,'2023-02-21','2023-02-26',64757239),(987,'Blick Inc',10005422,94,78,'2023-04-15','2023-04-20',64757240),(988,'Gleichner-Bartell',10005423,489,408,'2024-01-24','2024-01-29',64757241),(989,'Fay-Murray',10005424,383,303,'2024-01-18','2024-01-23',64757242),(990,'Bogisich LLC',10005425,179,39,'2023-12-29','2024-01-03',64757243),(991,'Wisoky, Gutkowski and Beahan',10005426,269,96,'2023-05-17','2023-05-22',64757244),(992,'Greenholt Inc',10005427,257,178,'2023-07-22','2023-07-27',64757245),(993,'Rath-Hirthe',10005428,105,18,'2024-01-26','2024-01-31',64757246),(994,'Johns Inc',10005429,356,46,'2023-04-02','2023-04-07',64757247),(995,'Schmitt-Runolfsson',10005430,158,80,'2023-05-17','2023-05-22',64757248),(996,'Hammes-Mueller',10005431,154,63,'2023-08-10','2023-08-15',64757249),(997,'Abernathy-Connelly',10005432,203,116,'2023-05-07','2023-05-12',64757250),(998,'Maggio-Kshlerin',10005433,492,399,'2023-11-02','2023-11-07',64757251),(999,'Ziemann, Farrell and Reilly',10005434,288,269,'2023-08-11','2023-08-16',64757252),(1000,'Runolfsdottir LLC',10005435,139,47,'2024-01-26','2024-01-31',64757253),(1001,'Predovic LLC',10005436,331,261,'2023-09-05','2023-09-10',64757254),(1002,'Heidenreich-Dietrich',10005437,384,216,'2023-10-22','2023-10-27',64757255),(1003,'Stanton-Maggio',10005438,444,120,'2023-06-15','2023-06-20',64757256),(1004,'Casper, Goyette and Kiehn',10005439,483,242,'2023-10-03','2023-10-08',64757257),(1005,'Tremblay-Beier',10005440,323,142,'2024-02-09','2024-02-14',64757258),(1006,'Hansen Group',10005441,193,184,'2023-04-13','2023-04-18',64757259),(1007,'Kovacek, Dicki and Zieme',10005442,67,40,'2023-07-20','2023-07-25',64757260),(1008,'Kirlin, Nitzsche and Bednar',10005443,208,140,'2024-01-13','2024-01-18',64757261),(1009,'Bogan, Veum and Pacocha',10005444,356,182,'2023-07-04','2023-07-09',64757262),(1010,'Wolf and Sons',10005445,491,414,'2023-06-18','2023-06-23',64757263),(1011,'Stiedemann, Satterfield and Schneider',10005446,118,3,'2023-03-02','2023-03-07',64757264),(1012,'Paucek, Wolff and Mayert',10005447,454,198,'2023-03-07','2023-03-12',64757265),(1013,'Runolfsson Group',10005448,495,106,'2023-12-30','2024-01-04',64757266),(1014,'Schmeler, Leffler and Bode',10005449,183,155,'2023-11-25','2023-11-30',64757267),(1015,'Walsh and Sons',10005450,196,17,'2023-03-20','2023-03-25',64757268),(1016,'Cartwright, Durgan and Emard',10005451,179,29,'2023-10-07','2023-10-12',64757269),(1017,'Halvorson, Hagenes and Heaney',10005452,251,224,'2023-05-03','2023-05-08',64757270),(1018,'Collins-Rutherford',10005453,186,111,'2023-03-17','2023-03-22',64757271),(1019,'Jakubowski, Nitzsche and Williamson',10005454,292,56,'2023-11-23','2023-11-28',64757272),(1020,'Pfeffer, Fay and VonRueden',10005455,51,21,'2023-09-09','2023-09-14',64757273),(1021,'Fritsch Inc',10005456,95,53,'2024-01-26','2024-01-31',64757274),(1022,'Stokes-Douglas',10005457,342,83,'2023-12-26','2023-12-31',64757275),(1023,'Macejkovic, Labadie and Reichert',10005458,391,235,'2024-01-02','2024-01-07',64757276),(1024,'Hayes, Morar and Gleason',10005459,469,11,'2024-01-04','2024-01-09',64757277),(1025,'Gusikowski-King',10005460,466,261,'2024-01-26','2024-01-31',64757278),(1026,'Abshire, Marvin and Hoeger',10005461,143,118,'2023-04-05','2023-04-10',64757279),(1027,'Keebler LLC',10005462,442,438,'2023-08-15','2023-08-20',64757280),(1028,'Pacocha Group',10005463,164,143,'2023-05-23','2023-05-28',64757281),(1029,'Lindgren Inc',10005464,236,195,'2023-04-12','2023-04-17',64757282),(1030,'Cartwright, Stehr and Green',10005465,425,80,'2023-10-24','2023-10-29',64757283),(1031,'Schimmel LLC',10005466,420,17,'2023-09-28','2023-10-03',64757284),(1032,'Harber, Quitzon and Funk',10005467,447,143,'2023-10-22','2023-10-27',64757285),(1033,'Aufderhar, Muller and Fritsch',10005468,83,26,'2023-05-11','2023-05-16',64757286),(1034,'Swift-Hilpert',10005469,330,194,'2023-06-22','2023-06-27',64757287),(1035,'Stroman-Sauer',10005470,349,137,'2024-01-27','2024-02-01',64757288),(1036,'Farrell Group',10005471,367,284,'2024-01-02','2024-01-07',64757289),(1037,'Legros Inc',10005472,191,163,'2023-03-21','2023-03-26',64757290),(1038,'Hilll, Brakus and Effertz',10005473,150,130,'2023-04-02','2023-04-07',64757291),(1039,'McKenzie, Hettinger and Zulauf',10005474,394,48,'2024-01-18','2024-01-23',64757292),(1040,'Schinner-Johnston',10005475,393,262,'2023-12-08','2023-12-13',64757293),(1041,'Medhurst, Nader and Bruen',10005476,81,41,'2023-06-19','2023-06-24',64757294),(1042,'Parisian Inc',10005477,366,170,'2023-07-28','2023-08-02',64757295),(1043,'Schoen-Gusikowski',10005478,380,98,'2023-06-20','2023-06-25',64757296),(1044,'Koch Group',10005479,326,217,'2023-04-22','2023-04-27',64757297),(1045,'Sanford-Bradtke',10005480,143,25,'2023-02-23','2023-02-28',64757298),(1046,'Wisoky-Legros',10005481,61,44,'2023-03-16','2023-03-21',64757299),(1047,'Bashirian and Sons',10005482,154,33,'2023-12-30','2024-01-04',64757300),(1048,'Pacocha LLC',10005483,253,212,'2023-05-19','2023-05-24',64757301),(1049,'Lakin-Langworth',10005484,489,130,'2023-04-30','2023-05-05',64757302),(1050,'McLaughlin LLC',10005485,335,51,'2023-08-24','2023-08-29',64757303),(1051,'Lindgren, Willms and Koepp',10005486,179,80,'2023-05-16','2023-05-21',64757304),(1052,'Robel-Lehner',10005487,408,300,'2024-01-07','2024-01-12',64757305),(1053,'Medhurst-Monahan',10005488,258,132,'2023-09-25','2023-09-30',64757306),(1054,'Bartoletti Group',10005489,315,58,'2024-02-03','2024-02-08',64757307),(1055,'Harvey, Parisian and Sauer',10005490,196,19,'2023-09-10','2023-09-15',64757308),(1056,'Bergstrom Inc',10005491,117,15,'2023-08-15','2023-08-20',64757309),(1057,'Herzog Group',10005492,461,110,'2023-11-27','2023-12-02',64757310),(1058,'Weber-Rodriguez',10005493,204,57,'2023-07-24','2023-07-29',64757311),(1059,'Hane-Spencer',10005494,500,177,'2023-11-30','2023-12-05',64757312),(1060,'Will, Jacobson and Gleason',10005495,341,2,'2023-03-12','2023-03-17',64757313),(1061,'Crooks, Wisozk and Kozey',10005496,317,46,'2023-11-28','2023-12-03',64757314),(1062,'Miller and Sons',10005497,105,36,'2023-09-12','2023-09-17',64757315),(1063,'O\'Keefe Group',10005498,153,74,'2023-07-28','2023-08-02',64757316),(1064,'Wunsch and Sons',10005499,65,38,'2023-08-09','2023-08-14',64757317),(1065,'Borer-Rippin',10005500,394,316,'2023-12-06','2023-12-11',64757318),(1066,'Barrows-Yost',10005501,365,245,'2023-05-23','2023-05-28',64757319),(1067,'Halvorson-Krajcik',10005502,149,110,'2023-08-22','2023-08-27',64757320),(1068,'Cartwright, Fritsch and Simonis',10005503,415,166,'2023-05-06','2023-05-11',64757321),(1069,'Bartoletti-Kessler',10005504,448,61,'2023-09-18','2023-09-23',64757322),(1070,'Bergnaum-Brekke',10005505,362,122,'2023-12-12','2023-12-17',64757323),(1071,'Parisian LLC',10005506,130,0,'2024-01-13','2024-01-18',64757324),(1072,'Schoen LLC',10005507,425,327,'2023-07-01','2023-07-06',64757325),(1073,'Padberg, Ryan and Hauck',10005508,339,261,'2023-03-01','2023-03-06',64757326),(1074,'Goyette, Farrell and Reilly',10005509,57,34,'2023-08-19','2023-08-24',64757327),(1075,'Lakin, Hoeger and Paucek',10005510,372,59,'2023-05-09','2023-05-14',64757328),(1076,'Bruen and Sons',10005511,481,76,'2023-03-18','2023-03-23',64757329),(1077,'Stehr LLC',10005512,39,3,'2024-01-29','2024-02-03',64757330),(1078,'Cummerata-Wuckert',10005513,197,176,'2023-10-02','2023-10-07',64757331),(1079,'Kshlerin, Steuber and Farrell',10005514,319,211,'2023-04-06','2023-04-11',64757332),(1080,'Jacobi-Feil',10005515,120,35,'2023-05-19','2023-05-24',64757333),(1081,'O\'Keefe and Sons',10005516,187,142,'2023-02-22','2023-02-27',64757334),(1082,'Hyatt Inc',10005517,290,250,'2023-03-27','2023-04-01',64757335),(1083,'Stehr-Bartell',10005518,232,86,'2023-04-25','2023-04-30',64757336),(1084,'Rath-Padberg',10005519,454,209,'2023-04-17','2023-04-22',64757337),(1085,'Langworth, O\'Keefe and Braun',10005520,204,74,'2023-07-24','2023-07-29',64757338),(1086,'Kulas, Heaney and Spinka',10005521,15,9,'2023-05-19','2023-05-24',64757339),(1087,'Huels-Wisoky',10005522,148,64,'2024-01-02','2024-01-07',64757340),(1088,'Roob, Gorczany and Herzog',10005523,40,22,'2023-04-06','2023-04-11',64757341),(1089,'Hyatt, Fritsch and Thiel',10005524,398,48,'2023-11-07','2023-11-12',64757342),(1090,'Hammes-Fadel',10005525,244,57,'2023-06-21','2023-06-26',64757343),(1091,'Herman, Graham and Douglas',10005526,263,113,'2023-09-06','2023-09-11',64757344),(1092,'Huel, Kessler and Rice',10005527,350,64,'2023-08-25','2023-08-30',64757345),(1093,'Hintz, Effertz and Nader',10005528,104,56,'2024-01-04','2024-01-09',64757346),(1094,'Wehner Inc',10005529,88,50,'2023-04-08','2023-04-13',64757347),(1095,'Wiza Group',10005530,492,59,'2023-03-07','2023-03-12',64757348),(1096,'Gutmann-Kling',10005531,223,174,'2023-11-26','2023-12-01',64757349),(1097,'Schulist-Hackett',10005532,43,2,'2023-11-07','2023-11-12',64757350),(1098,'Brown Inc',10005533,109,12,'2023-09-25','2023-09-30',64757351),(1099,'Hoppe-Murazik',10005534,375,283,'2024-01-17','2024-01-22',64757352);
/*!40000 ALTER TABLE `Suppliers` ENABLE KEYS */;
UNLOCK TABLES;

--
-- Dumping routines for database 'mm_team03_02'
--
/*!50003 DROP PROCEDURE IF EXISTS `GetCustomerPurchaseHistory` */;
/*!50003 SET @saved_cs_client      = @@character_set_client */ ;
/*!50003 SET @saved_cs_results     = @@character_set_results */ ;
/*!50003 SET @saved_col_connection = @@collation_connection */ ;
/*!50003 SET character_set_client  = utf8mb4 */ ;
/*!50003 SET character_set_results = utf8mb4 */ ;
/*!50003 SET collation_connection  = utf8mb4_0900_ai_ci */ ;
/*!50003 SET @saved_sql_mode       = @@sql_mode */ ;
/*!50003 SET sql_mode              = 'ONLY_FULL_GROUP_BY,STRICT_TRANS_TABLES,NO_ZERO_IN_DATE,NO_ZERO_DATE,ERROR_FOR_DIVISION_BY_ZERO,NO_ENGINE_SUBSTITUTION' */ ;
DELIMITER ;;
CREATE DEFINER=`mm_team03_02`@`%` PROCEDURE `GetCustomerPurchaseHistory`(
 IN p_customer_id INT,
    OUT Total_orders INT,
    OUT Total_amount DECIMAL(10, 2),
    OUT Average_amount DECIMAL(10, 2)
)
BEGIN

    DECLARE v_total_orders INT DEFAULT 0;
    DECLARE v_total_amount DECIMAL(10, 2) DEFAULT 0.0;
    DECLARE v_average_amount DECIMAL(10, 2) DEFAULT 0.0;


    SELECT COUNT(*), SUM(p.Amount)
    INTO v_total_orders, v_total_amount
    FROM OrderDetails od
    JOIN Payment p ON od.OrderNum = p.OrderNum
    JOIN PaymentProfiles pp ON p.PaymentProfileID = pp.PaymentProfileID
    JOIN Customers c ON pp.CustomerID = c.CustomerID
    WHERE c.CustomerID = p_customer_id;

    IF v_total_orders > 0 THEN
        SET v_average_amount = v_total_amount / v_total_orders;
    END IF;

    SET Total_orders = v_total_orders;
    SET Total_amount = v_total_amount;
    SET Average_amount = v_average_amount;
END ;;
DELIMITER ;
/*!50003 SET sql_mode              = @saved_sql_mode */ ;
/*!50003 SET character_set_client  = @saved_cs_client */ ;
/*!50003 SET character_set_results = @saved_cs_results */ ;
/*!50003 SET collation_connection  = @saved_col_connection */ ;
/*!50003 DROP PROCEDURE IF EXISTS `QuantityByCustNCatID` */;
/*!50003 SET @saved_cs_client      = @@character_set_client */ ;
/*!50003 SET @saved_cs_results     = @@character_set_results */ ;
/*!50003 SET @saved_col_connection = @@collation_connection */ ;
/*!50003 SET character_set_client  = utf8mb4 */ ;
/*!50003 SET character_set_results = utf8mb4 */ ;
/*!50003 SET collation_connection  = utf8mb4_0900_ai_ci */ ;
/*!50003 SET @saved_sql_mode       = @@sql_mode */ ;
/*!50003 SET sql_mode              = 'ONLY_FULL_GROUP_BY,STRICT_TRANS_TABLES,NO_ZERO_IN_DATE,NO_ZERO_DATE,ERROR_FOR_DIVISION_BY_ZERO,NO_ENGINE_SUBSTITUTION' */ ;
DELIMITER ;;
CREATE DEFINER=`mm_team03_02`@`%` PROCEDURE `QuantityByCustNCatID`(
    IN p_customer_id INT,
    IN p_category_id INT
)
BEGIN
    CREATE TEMPORARY TABLE temp_result (
        Quantity INT,
        CategoryName VARCHAR(45),
        ProductID INT,
        CategoryID INT
    );
INSERT INTO temp_result (Quantity, CategoryName, ProductID, CategoryID)
     SELECT od.Quantity, cg.CategoryName, od.ProductID, p.CategoryID
    FROM OrderDetails od
    JOIN Product p ON od.ProductID = p.ProductID
    JOIN Category cg ON p.CategoryID = cg.CategoryID
    WHERE od.OrderNum IN (
        SELECT o.OrderNum
        FROM OrderDetails o
        JOIN Payment p ON o.OrderNum = p.OrderNum
        JOIN PaymentProfiles pp ON p.PaymentProfileID = pp.PaymentProfileID
        JOIN Customers c ON pp.CustomerID = c.CustomerID
        WHERE c.CustomerID = p_customer_id
    )
    AND p.CategoryID = p_category_id;
SELECT * FROM temp_result;
    DROP TEMPORARY TABLE IF EXISTS temp_result;

END ;;
DELIMITER ;
/*!50003 SET sql_mode              = @saved_sql_mode */ ;
/*!50003 SET character_set_client  = @saved_cs_client */ ;
/*!50003 SET character_set_results = @saved_cs_results */ ;
/*!50003 SET collation_connection  = @saved_col_connection */ ;
/*!40103 SET TIME_ZONE=@OLD_TIME_ZONE */;

/*!40101 SET SQL_MODE=@OLD_SQL_MODE */;
/*!40014 SET FOREIGN_KEY_CHECKS=@OLD_FOREIGN_KEY_CHECKS */;
/*!40014 SET UNIQUE_CHECKS=@OLD_UNIQUE_CHECKS */;
/*!40101 SET CHARACTER_SET_CLIENT=@OLD_CHARACTER_SET_CLIENT */;
/*!40101 SET CHARACTER_SET_RESULTS=@OLD_CHARACTER_SET_RESULTS */;
/*!40101 SET COLLATION_CONNECTION=@OLD_COLLATION_CONNECTION */;
/*!40111 SET SQL_NOTES=@OLD_SQL_NOTES */;

-- Dump completed on 2024-03-11 18:46:08
